ts,lat,lon,gps_status,sats,hdop,alt_m,acc_norm,shock,shock_level,roll,pitch,cal,calib_ok,move_m,judge,speed_kmh,ax,is_stopped,stop_sec,event
1769844340.076,35.849868,139.779300,OK,14,0.8,5.0,9.63,0.17,STABLE,0.0,0.0,(2, 0, 0, 0),False,,WARN(CAL),0.00,-0.67,False,0.0,
1769844341.096,35.849868,139.779297,OK,13,0.9,5.0,9.51,0.30,STABLE,-4.0,-5.9,(2, 0, 0, 0),False,0.3,WARN(CAL),0.00,-0.67,False,0.0,
1769844342.115,35.849867,139.779297,OK,13,0.9,5.0,9.52,0.28,STABLE,-4.0,-5.9,(2, 0, 0, 0),False,0.2,WARN(CAL),0.00,-0.59,True,0.0,STOP_START
1769844343.133,35.849867,139.779298,OK,13,0.9,4.9,9.70,0.11,STABLE,-4.0,-5.9,(2, 0, 0, 0),False,0.2,WARN(CAL),0.00,-0.66,True,1.0,
1769844344.153,35.849867,139.779300,OK,13,0.9,4.9,9.66,0.14,STABLE,-3.9,-5.8,(2, 0, 0, 0),False,0.2,WARN(CAL),0.00,-0.70,True,2.0,
1769844345.172,35.849867,139.779298,OK,13,0.9,4.9,9.40,0.41,STABLE,-3.9,-5.8,(2, 0, 0, 0),False,0.2,WARN(CAL),0.00,-0.64,True,3.1,
1769844346.193,35.849867,139.779300,OK,13,0.9,4.9,9.39,0.42,STABLE,-3.9,-5.7,(2, 0, 0, 0),False,0.2,WARN(CAL),0.00,-0.59,True,4.1,
1769844347.212,35.849867,139.779300,OK,13,0.9,4.9,9.73,0.08,STABLE,-3.9,-5.7,(0, 0, 0, 0),False,0.0,WARN(CAL),0.00,-0.68,True,5.1,
1769844348.233,35.849867,139.779298,OK,12,0.9,4.9,9.53,0.28,STABLE,-3.9,-5.7,(2, 0, 0, 0),False,0.2,WARN(CAL),0.00,-0.67,True,6.1,
1769844349.252,35.849868,139.779300,OK,12,1.1,4.9,9.56,0.24,STABLE,-3.9,-5.6,(0, 0, 0, 0),False,0.2,WARN(CAL),0.00,-0.56,True,7.1,
1769844350.301,35.849868,139.779300,OK,12,1.1,4.9,9.56,0.24,STABLE,-3.8,-5.6,(2, 0, 0, 0),False,0.0,WARN(CAL),0.00,-0.56,True,8.2,
1769844351.351,35.849870,139.779302,OK,11,1.1,4.9,9.54,0.27,STABLE,-3.6,-5.5,(2, 0, 0, 0),False,0.2,WARN(CAL),0.00,-0.56,True,9.2,
1769844352.395,35.849870,139.779300,OK,13,0.9,4.8,9.67,0.14,STABLE,-3.7,-5.5,(0, 3, 0, 0),False,0.2,WARN(CAL),0.00,-0.67,True,10.3,
1769844353.439,35.849870,139.779302,OK,13,0.9,4.9,9.65,0.15,STABLE,-3.7,-5.5,(0, 3, 0, 0),False,0.2,WARN(CAL),0.00,-0.78,True,11.3,
1769844354.483,35.849870,139.779302,OK,12,1.1,4.8,9.54,0.27,STABLE,-3.7,-5.5,(2, 3, 0, 0),False,0.0,WARN(CAL),0.00,-0.59,True,12.4,
1769844355.533,35.849870,139.779303,OK,12,1.1,4.8,9.53,0.27,STABLE,-3.7,-5.6,(2, 3, 0, 0),False,0.2,WARN(CAL),0.00,-0.56,True,13.4,
1769844356.552,35.849870,139.779303,OK,12,1.1,4.8,9.63,0.18,STABLE,-3.7,-5.6,(2, 3, 0, 0),False,0.0,WARN(CAL),0.00,-0.67,True,14.4,
1769844357.572,35.849870,139.779303,OK,12,1.1,4.8,9.40,0.40,STABLE,-3.7,-5.6,(2, 3, 0, 0),False,0.0,WARN(CAL),0.00,-0.52,True,15.5,
1769844358.591,35.849872,139.779302,OK,12,1.1,4.8,9.62,0.19,STABLE,-3.8,-5.6,(0, 3, 0, 0),False,0.2,WARN(CAL),0.00,-0.67,True,16.5,
1769844359.612,35.849872,139.779302,OK,13,1.0,4.8,9.69,0.12,STABLE,-3.8,-5.6,(2, 3, 0, 0),False,0.0,WARN(CAL),0.00,-0.56,True,17.5,
1769844360.661,35.849870,139.779305,OK,12,1.1,4.8,9.51,0.30,STABLE,-3.9,-5.6,(2, 3, 0, 0),False,0.4,WARN(CAL),0.00,-0.64,True,18.5,
1769844361.679,35.849872,139.779307,OK,13,1.0,4.8,9.60,0.20,STABLE,-3.9,-5.6,(2, 3, 0, 0),False,0.2,WARN(CAL),0.00,-0.65,True,19.6,
1769844362.699,35.849872,139.779305,OK,12,1.1,4.8,9.54,0.26,STABLE,-3.9,-5.6,(0, 3, 0, 0),False,0.2,WARN(CAL),0.00,-0.68,True,20.6,
1769844363.718,35.849872,139.779307,OK,12,1.1,4.8,9.57,0.24,STABLE,-3.9,-5.6,(2, 3, 0, 0),False,0.2,WARN(CAL),0.00,-0.63,True,21.6,
1769844364.739,35.849873,139.779305,OK,11,1.1,4.8,9.51,0.30,STABLE,-3.9,-5.6,(2, 3, 0, 0),False,0.2,WARN(CAL),0.00,-0.63,True,22.6,
1769844365.787,35.849873,139.779305,OK,13,1.0,4.7,9.54,0.27,STABLE,-3.9,-5.6,(2, 3, 0, 0),False,0.0,WARN(CAL),0.00,-0.66,True,23.7,
1769844366.831,35.849873,139.779305,OK,14,0.8,4.7,9.55,0.26,STABLE,-3.9,-5.6,(0, 3, 0, 0),False,0.0,WARN(CAL),0.00,-0.64,True,24.7,
1769844367.881,35.849875,139.779305,OK,13,0.9,4.7,9.56,0.25,STABLE,-3.9,-5.6,(2, 3, 0, 0),False,0.2,WARN(CAL),0.00,-0.63,True,25.8,
1769844368.932,35.849875,139.779305,OK,14,0.8,4.7,9.57,0.24,STABLE,-3.9,-5.6,(0, 3, 0, 0),False,0.0,WARN(CAL),0.00,-0.65,True,26.8,
1769844369.983,35.849875,139.779305,OK,13,0.9,4.8,9.54,0.27,STABLE,-3.9,-5.6,(2, 3, 0, 0),False,0.0,WARN(CAL),0.00,-0.65,True,27.9,
1769844371.032,35.849877,139.779305,OK,12,0.9,4.7,9.57,0.24,STABLE,-3.9,-5.6,(2, 3, 0, 0),False,0.2,WARN(CAL),0.00,-0.65,True,28.9,
1769844372.075,35.849877,139.779303,OK,12,0.9,4.8,9.58,0.23,STABLE,-3.9,-5.6,(2, 3, 0, 0),False,0.2,WARN(CAL),0.00,-0.64,True,30.0,
1769844373.124,35.849877,139.779302,OK,11,1.0,4.8,9.59,0.22,STABLE,-3.9,-5.6,(0, 3, 0, 0),False,0.2,WARN(CAL),0.00,-0.67,True,31.0,
1769844374.174,35.849877,139.779300,OK,12,0.9,4.8,9.55,0.25,STABLE,-3.9,-5.6,(2, 3, 0, 0),False,0.2,WARN(CAL),0.00,-0.64,True,32.1,
1769844375.221,35.849878,139.779300,OK,13,0.9,4.8,9.58,0.23,STABLE,-3.9,-5.6,(2, 3, 0, 0),False,0.2,WARN(CAL),0.00,-0.64,True,33.1,
1769844376.269,35.849878,139.779298,OK,14,0.8,4.8,9.48,0.32,STABLE,-3.9,-5.6,(2, 3, 0, 0),False,0.2,WARN(CAL),0.00,-0.62,True,34.2,
1769844377.290,35.849878,139.779298,OK,14,0.8,4.7,9.58,0.22,STABLE,-3.9,-5.6,(2, 3, 0, 0),False,0.0,WARN(CAL),0.00,-0.63,True,35.2,
1769844378.309,35.849878,139.779297,OK,14,0.8,4.7,9.56,0.25,STABLE,-3.9,-5.6,(2, 3, 0, 0),False,0.2,WARN(CAL),0.00,-0.66,True,36.2,
1769844379.331,35.849878,139.779297,OK,15,0.8,4.7,9.56,0.24,STABLE,-3.9,-5.6,(2, 3, 0, 0),False,0.0,WARN(CAL),0.00,-0.67,True,37.2,
1769844380.349,35.849880,139.779295,OK,15,0.8,4.6,9.60,0.21,STABLE,-3.9,-5.6,(2, 3, 0, 0),False,0.2,WARN(CAL),0.00,-0.67,True,38.2,
1769844381.401,35.849882,139.779293,OK,13,0.9,4.5,9.55,0.26,STABLE,-3.9,-5.6,(2, 3, 0, 0),False,0.2,WARN(CAL),0.00,-0.65,True,39.3,
1769844382.447,35.849883,139.779292,OK,14,0.8,4.3,9.57,0.24,STABLE,-3.9,-5.6,(2, 3, 0, 0),False,0.2,WARN(CAL),0.00,-0.64,True,40.3,
1769844383.495,35.849885,139.779292,OK,13,1.0,4.1,9.57,0.24,STABLE,-3.9,-5.6,(2, 3, 0, 0),False,0.2,WARN(CAL),0.00,-0.65,True,41.4,
1769844384.516,35.849885,139.779290,OK,13,0.9,4.2,9.56,0.25,STABLE,-3.9,-5.6,(2, 3, 0, 0),False,0.2,WARN(CAL),0.00,-0.64,True,42.4,
1769844385.535,35.849887,139.779290,OK,14,0.8,4.0,9.56,0.25,STABLE,-3.9,-5.6,(2, 3, 0, 0),False,0.2,WARN(CAL),0.00,-0.65,True,43.4,
1769844386.554,35.849887,139.779288,OK,14,0.8,3.9,9.59,0.22,STABLE,-3.9,-5.6,(2, 3, 0, 0),False,0.2,WARN(CAL),0.00,-0.66,True,44.4,
1769844387.574,35.849887,139.779288,OK,14,0.8,3.9,9.54,0.27,STABLE,-3.9,-5.6,(0, 3, 0, 0),False,0.0,WARN(CAL),0.00,-0.64,True,45.5,
1769844388.624,35.849888,139.779288,OK,13,0.8,3.9,9.55,0.25,STABLE,-3.9,-5.6,(2, 3, 0, 0),False,0.2,WARN(CAL),0.00,-0.64,True,46.5,
1769844389.644,35.849888,139.779288,OK,13,0.8,3.8,9.60,0.21,STABLE,-3.9,-5.6,(0, 3, 0, 0),False,0.0,WARN(CAL),0.00,-0.65,True,47.5,
1769844390.664,35.849890,139.779287,OK,13,0.8,3.6,9.55,0.26,STABLE,-3.9,-5.6,(2, 3, 0, 0),False,0.2,WARN(CAL),0.00,-0.65,True,48.5,
1769844391.684,35.849890,139.779285,OK,12,0.9,3.6,9.57,0.24,STABLE,-3.9,-5.6,(0, 3, 0, 0),False,0.2,WARN(CAL),0.00,-0.67,True,49.6,
1769844392.703,35.849892,139.779282,OK,13,0.8,3.4,9.57,0.24,STABLE,-3.9,-5.6,(0, 3, 0, 0),False,0.4,WARN(CAL),0.00,-0.64,True,50.6,
1769844393.748,35.849892,139.779280,OK,13,0.8,3.2,9.58,0.23,STABLE,-3.9,-5.6,(2, 3, 0, 0),False,0.2,WARN(CAL),0.00,-0.64,True,51.6,
1769844394.791,35.849892,139.779278,OK,13,0.8,3.0,9.57,0.24,STABLE,-3.9,-5.6,(0, 3, 0, 0),False,0.2,WARN(CAL),0.00,-0.65,True,52.7,
1769844395.841,35.849892,139.779277,OK,12,0.8,2.8,9.51,0.30,STABLE,-3.9,-5.6,(2, 3, 0, 0),False,0.2,WARN(CAL),0.00,-0.64,True,53.7,
1769844396.890,35.849892,139.779277,OK,13,0.8,2.9,9.55,0.26,STABLE,-3.9,-5.6,(2, 3, 0, 0),False,0.0,WARN(CAL),0.00,-0.63,True,54.8,
1769844397.936,35.849892,139.779278,OK,12,1.0,2.9,9.57,0.24,STABLE,-3.9,-5.6,(0, 3, 0, 0),False,0.2,WARN(CAL),0.00,-0.65,True,55.8,
1769844398.984,35.849892,139.779278,OK,13,0.8,3.0,9.57,0.24,STABLE,-3.9,-5.6,(2, 3, 0, 0),False,0.0,WARN(CAL),0.00,-0.65,True,56.9,
1769844400.034,35.849893,139.779277,OK,12,1.0,3.0,9.57,0.23,STABLE,-3.9,-5.6,(2, 3, 0, 0),False,0.2,WARN(CAL),0.00,-0.61,True,57.9,
1769844401.079,35.849893,139.779277,OK,12,1.0,3.0,9.52,0.29,STABLE,-3.9,-5.6,(2, 3, 0, 0),False,0.0,WARN(CAL),0.00,-0.66,True,59.0,
1769844402.127,35.849893,139.779277,OK,12,1.0,3.0,9.59,0.22,STABLE,-3.9,-5.6,(0, 3, 0, 0),False,0.0,WARN(CAL),0.00,-0.67,True,60.0,
1769844403.177,35.849893,139.779278,OK,12,1.0,3.1,9.63,0.18,STABLE,-3.9,-5.6,(2, 3, 0, 0),False,0.2,WARN(CAL),0.00,-0.67,True,61.1,
1769844404.199,35.849893,139.779277,OK,12,1.0,3.0,9.58,0.23,STABLE,-3.9,-5.6,(2, 3, 0, 0),False,0.2,WARN(CAL),0.00,-0.62,True,62.1,
1769844405.220,35.849895,139.779277,OK,12,1.0,3.0,9.53,0.28,STABLE,-3.9,-5.6,(2, 3, 0, 0),False,0.2,WARN(CAL),0.00,-0.63,True,63.1,
1769844406.238,35.849895,139.779275,OK,12,1.0,3.0,9.60,0.21,STABLE,-3.9,-5.6,(2, 3, 0, 0),False,0.2,WARN(CAL),0.00,-0.63,True,64.1,
1769844407.257,35.849895,139.779275,OK,12,1.0,3.0,9.53,0.27,STABLE,-3.9,-5.6,(2, 3, 0, 0),False,0.0,WARN(CAL),0.00,-0.62,True,65.1,
1769844408.307,35.849895,139.779273,OK,12,1.0,2.9,9.57,0.24,STABLE,-3.9,-5.6,(2, 3, 0, 0),False,0.2,WARN(CAL),0.00,-0.65,True,66.2,
1769844409.352,35.849895,139.779273,OK,12,1.0,2.9,9.56,0.25,STABLE,-3.9,-5.6,(2, 3, 0, 0),False,0.0,WARN(CAL),0.00,-0.65,True,67.2,
1769844410.397,35.849895,139.779272,OK,12,1.0,2.9,9.61,0.20,STABLE,-3.9,-5.6,(2, 3, 0, 0),False,0.2,WARN(CAL),0.00,-0.64,True,68.3,
1769844411.445,35.849897,139.779272,OK,12,1.0,2.9,9.55,0.25,STABLE,-3.9,-5.6,(0, 3, 0, 0),False,0.2,WARN(CAL),0.00,-0.63,True,69.3,
1769844412.494,35.849897,139.779270,OK,12,1.0,2.9,9.58,0.23,STABLE,-3.9,-5.6,(2, 3, 0, 0),False,0.2,WARN(CAL),0.00,-0.65,True,70.4,
1769844413.544,35.849897,139.779270,OK,12,0.8,2.8,9.55,0.26,STABLE,-3.9,-5.6,(0, 3, 0, 0),False,0.0,WARN(CAL),0.00,-0.64,True,71.4,
1769844414.564,35.849898,139.779268,OK,12,0.8,2.6,9.54,0.26,STABLE,-3.9,-5.6,(2, 3, 0, 0),False,0.2,WARN(CAL),0.00,-0.62,True,72.4,
1769844415.584,35.849898,139.779267,OK,12,0.8,2.6,9.56,0.25,STABLE,-3.9,-5.6,(2, 3, 0, 0),False,0.2,WARN(CAL),0.00,-0.65,True,73.5,
1769844416.602,35.849900,139.779265,OK,12,0.8,2.5,9.57,0.24,STABLE,-3.9,-5.6,(2, 3, 0, 0),False,0.2,WARN(CAL),0.00,-0.63,True,74.5,
1769844417.623,35.849900,139.779263,OK,12,0.8,2.5,9.58,0.23,STABLE,-3.9,-5.6,(2, 3, 0, 0),False,0.2,WARN(CAL),0.00,-0.64,True,75.5,
1769844418.671,35.849900,139.779263,OK,12,0.8,2.5,9.57,0.24,STABLE,-3.9,-5.6,(2, 3, 0, 0),False,0.0,WARN(CAL),0.00,-0.65,True,76.6,
1769844419.714,35.849900,139.779262,OK,12,0.8,2.4,9.57,0.24,STABLE,-3.9,-5.6,(2, 3, 0, 0),False,0.2,WARN(CAL),0.00,-0.64,True,77.6,
1769844420.762,35.849902,139.779262,OK,12,0.8,2.3,9.51,0.30,STABLE,-3.9,-5.6,(0, 3, 0, 0),False,0.2,WARN(CAL),0.00,-0.65,True,78.6,
1769844421.811,35.849902,139.779262,OK,12,0.8,2.2,9.60,0.21,STABLE,-3.9,-5.6,(2, 3, 0, 0),False,0.0,WARN(CAL),0.00,-0.65,True,79.7,
1769844422.861,35.849902,139.779260,OK,12,0.8,2.2,9.57,0.24,STABLE,-3.9,-5.6,(0, 3, 0, 0),False,0.2,WARN(CAL),0.00,-0.67,True,80.7,
1769844423.909,35.849902,139.779260,OK,13,0.8,2.1,9.57,0.24,STABLE,-3.9,-5.6,(2, 3, 0, 0),False,0.0,WARN(CAL),0.00,-0.66,True,81.8,
1769844424.951,35.849902,139.779258,OK,14,0.8,2.2,9.51,0.29,STABLE,-3.9,-5.6,(2, 3, 0, 0),False,0.2,WARN(CAL),0.00,-0.64,True,82.8,
1769844425.999,35.849902,139.779257,OK,14,0.8,2.1,9.55,0.26,STABLE,-3.9,-5.6,(2, 3, 0, 0),False,0.2,WARN(CAL),0.00,-0.64,True,83.9,
1769844427.050,35.849903,139.779253,OK,13,0.8,2.2,9.57,0.24,STABLE,-3.9,-5.6,(2, 3, 0, 0),False,0.4,WARN(CAL),0.00,-0.62,True,84.9,
1769844428.095,35.849905,139.779253,OK,13,0.8,2.2,9.59,0.21,STABLE,-3.9,-5.6,(2, 3, 0, 0),False,0.2,WARN(CAL),0.00,-0.65,True,86.0,
1769844429.140,35.849905,139.779252,OK,14,0.8,2.1,9.54,0.26,STABLE,-3.9,-5.6,(2, 3, 0, 0),False,0.2,WARN(CAL),0.00,-0.65,True,87.0,
1769844430.185,35.849907,139.779252,OK,14,0.8,2.1,9.59,0.21,STABLE,-3.9,-5.6,(2, 3, 0, 0),False,0.2,WARN(CAL),0.00,-0.66,True,88.1,
1769844431.233,35.849905,139.779252,OK,14,0.8,2.1,9.57,0.24,STABLE,-3.9,-5.6,(2, 3, 0, 0),False,0.2,WARN(CAL),0.00,-0.66,True,89.1,
1769844432.277,35.849907,139.779250,OK,14,0.8,2.0,9.68,0.13,STABLE,-3.9,-5.6,(0, 3, 0, 0),False,0.2,WARN(CAL),0.00,-0.70,True,90.2,
1769844433.327,35.849907,139.779252,OK,14,0.8,2.0,9.65,0.15,STABLE,-3.9,-5.6,(2, 3, 0, 0),False,0.2,WARN(CAL),0.00,-0.61,True,91.2,
1769844434.374,35.849908,139.779252,OK,14,0.8,2.0,9.83,0.02,STABLE,-3.9,-5.6,(0, 3, 0, 0),False,0.2,WARN(CAL),0.00,-0.68,True,92.3,
1769844435.426,35.849908,139.779252,OK,14,0.8,2.0,9.48,0.32,STABLE,-3.9,-5.6,(2, 3, 0, 0),False,0.0,WARN(CAL),0.00,-0.65,True,93.3,
1769844436.477,35.849908,139.779252,OK,13,0.8,2.0,9.44,0.36,STABLE,-3.9,-5.6,(2, 3, 0, 0),False,0.0,WARN(CAL),0.00,-0.68,True,94.4,
1769844437.522,35.849910,139.779252,OK,14,0.8,2.0,9.49,0.32,STABLE,-3.9,-5.6,(2, 3, 0, 0),False,0.2,WARN(CAL),0.00,-0.68,True,95.4,
1769844438.567,35.849910,139.779252,OK,15,0.8,2.0,9.55,0.25,STABLE,-3.9,-5.6,(2, 3, 0, 0),False,0.0,WARN(CAL),0.00,-0.62,True,96.5,
1769844439.621,35.849910,139.779252,OK,15,0.8,2.0,9.57,0.23,STABLE,-3.9,-5.6,(2, 3, 0, 0),False,0.0,WARN(CAL),0.00,-0.65,True,97.5,
1769844440.669,35.849910,139.779252,OK,14,0.8,2.0,9.42,0.38,STABLE,-3.9,-5.6,(0, 3, 0, 0),False,0.0,WARN(CAL),0.00,-0.59,True,98.6,
1769844441.719,35.849908,139.779250,OK,15,0.7,1.9,9.65,0.16,STABLE,-3.9,-5.6,(2, 3, 0, 0),False,0.2,WARN(CAL),0.00,-0.62,True,99.6,
1769844442.777,35.849910,139.779250,OK,15,0.7,1.8,9.63,0.18,STABLE,-3.9,-5.6,(0, 3, 0, 0),False,0.2,WARN(CAL),0.00,-0.67,True,100.7,
1769844443.798,35.849910,139.779248,OK,13,0.8,1.7,9.62,0.19,STABLE,-3.9,-5.6,(2, 3, 0, 0),False,0.2,WARN(CAL),0.00,-0.69,True,101.7,
1769844444.818,35.849912,139.779248,OK,14,0.8,1.7,9.36,0.45,STABLE,-3.9,-5.6,(2, 3, 0, 0),False,0.2,WARN(CAL),0.00,-0.62,True,102.7,
1769844445.842,35.849912,139.779248,OK,14,0.8,1.7,9.41,0.40,STABLE,-3.9,-5.6,(0, 3, 0, 0),False,0.0,WARN(CAL),0.00,-0.65,True,103.7,
1769844446.863,35.849912,139.779248,OK,14,0.8,1.6,9.57,0.24,STABLE,-3.9,-5.6,(0, 3, 0, 0),False,0.0,WARN(CAL),0.00,-0.62,True,104.7,
1769844447.925,35.849913,139.779247,OK,14,0.8,1.5,9.45,0.36,STABLE,-3.9,-5.6,(0, 3, 0, 0),False,0.2,WARN(CAL),0.00,-0.65,True,105.8,
1769844448.981,35.849915,139.779247,OK,14,0.8,1.3,9.51,0.29,STABLE,-3.9,-5.6,(2, 3, 0, 0),False,0.2,WARN(CAL),0.00,-0.66,True,106.9,
1769844450.043,35.849915,139.779245,OK,13,0.9,1.1,9.57,0.24,STABLE,-3.9,-5.6,(2, 3, 0, 0),False,0.2,WARN(CAL),0.00,-0.61,True,107.9,
1769844451.098,35.849917,139.779243,OK,13,0.9,1.1,9.69,0.11,STABLE,-3.9,-5.6,(2, 3, 0, 0),False,0.2,WARN(CAL),0.00,-0.65,True,109.0,
1769844452.122,35.849915,139.779243,OK,13,0.9,1.1,9.71,0.09,STABLE,-3.9,-5.7,(2, 3, 0, 0),False,0.2,WARN(CAL),0.00,-0.64,True,110.0,
1769844453.146,35.849915,139.779243,OK,14,0.9,1.1,9.60,0.20,STABLE,-3.9,-5.6,(2, 3, 0, 0),False,0.0,WARN(CAL),0.00,-0.69,True,111.0,
1769844454.171,35.849915,139.779243,OK,14,0.9,1.1,9.60,0.21,STABLE,-3.9,-5.6,(2, 3, 0, 0),False,0.0,WARN(CAL),0.00,-0.67,True,112.1,
1769844455.197,35.849915,139.779243,OK,14,0.8,1.0,9.65,0.15,STABLE,-3.9,-5.6,(2, 3, 0, 0),False,0.0,WARN(CAL),0.00,-0.68,True,113.1,
1769844456.263,35.849917,139.779242,OK,14,0.8,0.9,9.47,0.33,STABLE,-3.9,-5.6,(2, 3, 0, 0),False,0.2,WARN(CAL),0.00,-0.66,True,114.1,
1769844457.336,35.849917,139.779243,OK,14,0.8,0.8,9.51,0.30,STABLE,-3.9,-5.6,(2, 3, 0, 0),False,0.2,WARN(CAL),0.00,-0.68,True,115.2,
1769844458.362,35.849917,139.779242,OK,14,0.8,0.7,9.42,0.39,STABLE,-3.9,-5.6,(2, 3, 0, 0),False,0.2,WARN(CAL),0.00,-0.68,True,116.2,
1769844459.387,35.849917,139.779242,OK,14,0.8,0.7,9.53,0.27,STABLE,-3.9,-5.6,(2, 3, 0, 0),False,0.0,WARN(CAL),0.00,-0.70,True,117.3,
1769844460.413,35.849915,139.779240,OK,15,0.8,0.6,9.57,0.24,STABLE,-3.9,-5.5,(2, 3, 0, 0),False,0.2,WARN(CAL),0.00,-0.59,True,118.3,
1769844461.437,35.849915,139.779238,OK,15,0.8,0.6,9.61,0.20,STABLE,-3.9,-5.5,(2, 3, 0, 0),False,0.2,WARN(CAL),0.00,-0.71,True,119.3,
1769844462.512,35.849915,139.779240,OK,15,0.8,0.7,9.58,0.23,STABLE,-3.9,-5.5,(0, 3, 0, 0),False,0.2,WARN(CAL),0.00,-0.65,True,120.4,
1769844463.542,35.849913,139.779237,OK,16,0.7,0.6,9.60,0.21,STABLE,-3.9,-5.4,(2, 3, 0, 0),False,0.4,WARN(CAL),0.00,-0.68,True,121.4,
1769844464.571,35.849915,139.779238,OK,15,0.8,0.5,9.87,0.06,STABLE,-3.9,-5.4,(2, 3, 0, 0),False,0.2,WARN(CAL),0.00,-0.73,True,122.5,
1769844465.596,35.849917,139.779238,OK,15,0.8,0.5,9.50,0.30,STABLE,-3.9,-5.4,(2, 3, 0, 0),False,0.2,WARN(CAL),0.00,-0.65,True,123.5,
1769844466.631,35.849917,139.779238,OK,15,0.8,0.5,9.36,0.44,STABLE,-3.9,-5.4,(0, 3, 0, 0),False,0.0,WARN(CAL),0.00,-0.64,True,124.5,
1769844467.690,35.849918,139.779238,OK,15,0.8,0.5,9.66,0.14,STABLE,-3.9,-5.4,(0, 3, 0, 0),False,0.2,WARN(CAL),0.00,-0.70,True,125.6,
1769844468.767,35.849918,139.779237,OK,15,0.8,0.4,9.57,0.24,STABLE,-3.9,-5.3,(0, 3, 0, 0),False,0.2,WARN(CAL),0.00,-0.59,True,126.7,
1769844469.831,35.849918,139.779237,OK,14,0.9,0.3,9.50,0.31,STABLE,-3.9,-5.3,(0, 3, 0, 0),False,0.0,WARN(CAL),0.00,-0.61,True,127.7,
1769844470.899,35.849920,139.779237,OK,15,0.8,0.2,9.60,0.21,STABLE,-3.9,-5.2,(2, 3, 0, 0),False,0.2,WARN(CAL),0.00,-0.66,True,128.8,
1769844471.926,35.849920,139.779235,OK,15,0.8,0.2,9.52,0.29,STABLE,-3.9,-5.2,(2, 3, 0, 0),False,0.2,WARN(CAL),0.00,-0.58,True,129.8,
1769844472.950,35.849920,139.779235,OK,15,0.8,0.2,9.48,0.33,STABLE,-3.9,-5.2,(2, 3, 0, 0),False,0.0,WARN(CAL),0.00,-0.58,True,130.8,
1769844473.978,35.849920,139.779233,OK,15,0.8,0.2,9.50,0.31,STABLE,-3.9,-5.2,(2, 3, 0, 0),False,0.2,WARN(CAL),0.00,-0.62,True,131.9,
1769844475.003,35.849920,139.779235,OK,14,0.9,0.2,9.70,0.11,STABLE,-3.9,-5.1,(2, 3, 0, 0),False,0.2,WARN(CAL),0.00,-0.67,True,132.9,
1769844476.077,35.849920,139.779233,OK,15,0.8,0.2,9.48,0.33,STABLE,-3.9,-5.1,(2, 3, 0, 0),False,0.2,WARN(CAL),0.00,-0.66,True,134.0,
1769844477.102,35.849920,139.779233,OK,15,0.8,0.2,9.45,0.36,STABLE,-3.9,-5.1,(2, 3, 0, 0),False,0.0,WARN(CAL),0.00,-0.66,True,135.0,
1769844478.127,35.849920,139.779233,OK,14,0.9,0.2,9.45,0.36,STABLE,-3.9,-5.1,(2, 3, 0, 0),False,0.0,WARN(CAL),0.00,-0.60,True,136.0,
1769844479.153,35.849920,139.779235,OK,14,0.8,0.1,9.53,0.27,STABLE,-3.9,-5.0,(0, 3, 0, 0),False,0.2,WARN(CAL),0.00,-0.64,True,137.0,
1769844480.183,35.849920,139.779233,OK,14,0.8,0.1,9.39,0.42,STABLE,-3.9,-5.0,(2, 3, 0, 0),False,0.2,WARN(CAL),0.00,-0.68,True,138.1,
1769844481.242,35.849920,139.779232,OK,15,0.8,0.0,9.58,0.23,STABLE,-3.9,-5.0,(2, 3, 0, 0),False,0.2,WARN(CAL),0.00,-0.67,True,139.1,
1769844482.309,35.849920,139.779232,OK,15,0.8,0.0,9.64,0.16,STABLE,-3.9,-4.9,(2, 3, 0, 0),False,0.0,WARN(CAL),0.00,-0.69,True,140.2,
1769844483.333,35.849920,139.779230,OK,15,0.8,-0.1,9.60,0.20,STABLE,-3.9,-4.9,(0, 3, 0, 0),False,0.2,WARN(CAL),0.00,-0.72,True,141.2,
1769844484.361,35.849920,139.779230,OK,15,0.8,-0.1,9.50,0.31,STABLE,-3.9,-4.9,(2, 3, 0, 0),False,0.0,WARN(CAL),0.00,-0.61,True,142.2,
1769844485.384,35.849920,139.779230,OK,15,0.8,-0.1,9.46,0.35,STABLE,-3.9,-4.9,(2, 3, 0, 0),False,0.0,WARN(CAL),0.00,-0.59,True,143.3,
1769844486.408,35.849920,139.779230,OK,14,0.9,-0.2,9.69,0.12,STABLE,-3.9,-4.8,(2, 3, 0, 0),False,0.0,WARN(CAL),0.00,-0.67,True,144.3,
1769844487.482,35.849920,139.779230,OK,14,0.9,-0.3,9.48,0.33,STABLE,-3.9,-4.8,(0, 3, 0, 0),False,0.0,WARN(CAL),0.00,-0.59,True,145.4,
1769844488.553,35.849920,139.779228,OK,15,0.8,-0.3,9.58,0.22,STABLE,-3.9,-5.0,(0, 3, 0, 0),False,0.2,WARN(CAL),0.00,-0.57,True,146.4,
1769844489.627,35.849920,139.779225,OK,15,0.8,-0.3,9.80,0.01,STABLE,-3.9,-4.9,(2, 3, 0, 0),False,0.3,WARN(CAL),0.00,-0.66,True,147.5,
1769844490.650,35.849918,139.779223,OK,15,0.8,-0.3,9.80,0.01,STABLE,-3.9,-4.9,(2, 3, 0, 0),False,0.2,WARN(CAL),0.00,-0.64,True,148.5,
1769844491.674,35.849918,139.779222,OK,15,0.8,-0.3,9.44,0.37,STABLE,-3.9,-4.9,(0, 3, 0, 0),False,0.2,WARN(CAL),0.00,-0.61,True,149.6,
1769844492.696,35.849918,139.779222,OK,15,0.8,-0.3,9.46,0.35,STABLE,-3.9,-4.9,(2, 3, 0, 0),False,0.0,WARN(CAL),0.00,-0.63,True,150.6,
1769844493.724,35.849918,139.779220,OK,15,0.8,-0.4,9.46,0.34,STABLE,-3.9,-4.9,(2, 3, 0, 0),False,0.2,WARN(CAL),0.00,-0.66,True,151.6,
1769844494.788,35.849918,139.779218,OK,16,0.8,-0.4,9.42,0.39,STABLE,-3.9,-5.0,(2, 3, 0, 0),False,0.2,WARN(CAL),0.00,-0.63,True,152.7,
1769844495.862,35.849918,139.779218,OK,15,0.8,-0.5,9.61,0.20,STABLE,-3.9,-4.9,(2, 3, 0, 0),False,0.0,WARN(CAL),0.00,-0.67,True,153.7,
1769844496.887,35.849918,139.779217,OK,16,0.8,-0.5,9.37,0.44,STABLE,-3.9,-4.9,(2, 3, 0, 0),False,0.2,WARN(CAL),0.00,-0.60,True,154.8,
1769844497.914,35.849917,139.779215,OK,16,0.8,-0.5,9.43,0.38,STABLE,-3.8,-4.9,(2, 3, 0, 0),False,0.2,WARN(CAL),0.00,-0.64,True,155.8,
1769844498.939,35.849917,139.779215,OK,16,0.9,-0.5,9.56,0.24,STABLE,-3.8,-4.8,(0, 3, 0, 0),False,0.0,WARN(CAL),0.00,-0.64,True,156.8,
1769844499.966,35.849917,139.779213,OK,16,0.9,-0.6,9.77,0.04,STABLE,-3.8,-4.8,(2, 3, 0, 0),False,0.2,WARN(CAL),0.00,-0.61,True,157.9,
1769844501.028,35.849917,139.779213,OK,16,0.9,-0.6,9.48,0.33,STABLE,-3.8,-4.8,(2, 3, 0, 0),False,0.0,WARN(CAL),0.00,-0.64,True,158.9,
1769844502.108,35.849917,139.779212,OK,15,0.9,-0.5,9.65,0.15,STABLE,-3.8,-4.8,(2, 3, 0, 0),False,0.2,WARN(CAL),0.00,-0.58,True,160.0,
1769844503.169,35.849917,139.779212,OK,15,0.9,-0.6,9.54,0.26,STABLE,-3.8,-4.9,(2, 3, 0, 0),False,0.0,WARN(CAL),0.00,-0.67,True,161.1,
1769844504.245,35.849917,139.779212,OK,15,0.9,-0.7,9.82,0.02,STABLE,-3.8,-4.9,(2, 3, 0, 0),False,0.0,WARN(CAL),0.00,-0.68,True,162.1,
1769844505.309,35.849918,139.779213,OK,15,0.9,-0.7,9.45,0.36,STABLE,-3.8,-4.9,(2, 3, 0, 0),False,0.2,WARN(CAL),0.00,-0.57,True,163.2,
1769844506.383,35.849918,139.779213,OK,15,0.9,-0.7,9.53,0.28,STABLE,-3.8,-4.8,(2, 3, 0, 0),False,0.0,WARN(CAL),0.00,-0.62,True,164.3,
1769844507.409,35.849918,139.779213,OK,15,0.9,-0.8,9.52,0.28,STABLE,-3.8,-4.9,(2, 3, 0, 0),False,0.0,WARN(CAL),0.00,-0.62,True,165.3,
1769844508.436,35.849918,139.779213,OK,15,0.9,-0.9,9.57,0.24,STABLE,-3.8,-4.9,(2, 3, 0, 0),False,0.0,WARN(CAL),0.00,-0.66,True,166.3,
1769844509.460,35.849918,139.779212,OK,15,0.9,-1.0,9.52,0.28,STABLE,-3.8,-4.9,(0, 3, 0, 0),False,0.2,WARN(CAL),0.00,-0.60,True,167.3,
1769844510.491,35.849918,139.779210,OK,15,0.9,-1.0,10.03,0.22,STABLE,-3.8,-4.9,(2, 3, 0, 0),False,0.2,WARN(CAL),0.00,-0.72,True,168.4,
1769844511.559,35.849918,139.779210,OK,15,0.9,-1.0,9.51,0.30,STABLE,-3.9,-5.2,(0, 3, 0, 0),False,0.0,WARN(CAL),0.00,-0.67,True,169.4,
1769844512.629,35.849918,139.779210,OK,16,0.9,-1.0,9.44,0.37,STABLE,-3.8,-5.2,(2, 3, 0, 0),False,0.0,WARN(CAL),0.00,-0.61,True,170.5,
1769844513.689,35.849917,139.779210,OK,16,0.9,-1.1,9.70,0.10,STABLE,-3.8,-5.1,(2, 3, 0, 0),False,0.2,WARN(CAL),0.00,-0.65,True,171.6,
1769844514.765,35.849917,139.779210,OK,16,0.9,-1.1,9.60,0.20,STABLE,-3.8,-5.1,(2, 3, 0, 0),False,0.0,WARN(CAL),0.00,-0.67,True,172.7,
1769844515.840,35.849918,139.779210,OK,16,0.9,-1.1,9.69,0.12,STABLE,-3.8,-5.0,(2, 3, 0, 0),False,0.2,WARN(CAL),0.00,-0.67,True,173.7,
1769844516.905,35.849918,139.779210,OK,16,0.9,-1.2,9.44,0.36,STABLE,-3.8,-4.9,(2, 3, 0, 0),False,0.0,WARN(CAL),0.00,-0.62,True,174.8,
1769844517.980,35.849918,139.779208,OK,16,0.9,-1.3,9.54,0.26,STABLE,-3.8,-4.9,(2, 3, 0, 0),False,0.2,WARN(CAL),0.00,-0.68,True,175.9,
1769844519.005,35.849918,139.779210,OK,16,0.9,-1.4,9.45,0.35,STABLE,-3.8,-4.8,(2, 3, 0, 0),False,0.2,WARN(CAL),0.00,-0.62,True,176.9,
1769844520.032,35.849918,139.779208,OK,16,0.9,-1.5,9.46,0.35,STABLE,-3.8,-4.8,(2, 3, 0, 0),False,0.2,WARN(CAL),0.00,-0.63,True,177.9,
1769844521.055,35.849918,139.779210,OK,16,0.9,-1.4,9.47,0.33,STABLE,-3.8,-4.8,(0, 3, 0, 0),False,0.2,WARN(CAL),0.00,-0.57,True,178.9,
1769844522.085,35.849918,139.779208,OK,16,0.9,-1.4,9.58,0.23,STABLE,-3.8,-4.9,(2, 3, 0, 0),False,0.2,WARN(CAL),0.00,-0.63,True,180.0,
1769844523.147,35.849918,139.779205,OK,16,0.9,-1.4,9.65,0.15,STABLE,-3.9,-5.3,(2, 3, 0, 0),False,0.3,WARN(CAL),0.00,-0.66,True,181.0,
1769844524.221,35.849918,139.779203,OK,16,0.9,-1.4,9.63,0.18,STABLE,-3.9,-6.4,(0, 3, 0, 0),False,0.2,WARN(CAL),0.00,-0.66,True,182.1,
1769844525.248,35.849920,139.779203,OK,16,0.9,-1.5,9.82,0.01,STABLE,-4.1,-8.1,(0, 3, 1, 0),False,0.2,WARN(CAL),0.00,-0.80,True,183.1,
1769844526.276,35.849920,139.779202,OK,15,0.9,-1.5,9.72,0.09,STABLE,-4.2,-7.7,(2, 3, 1, 0),False,0.2,WARN(CAL),0.00,-0.67,True,184.2,
1769844527.304,35.849918,139.779200,OK,16,0.9,-1.5,9.82,0.01,STABLE,-3.9,-6.8,(2, 3, 1, 0),False,0.2,WARN(CAL),0.00,-0.62,True,185.2,
1769844528.329,35.849918,139.779198,OK,16,0.9,-1.5,10.41,0.61,SHAKE,-3.9,-6.9,(2, 3, 1, 0),False,0.2,WARN(CAL),0.00,-0.86,True,186.2,
1769844529.394,35.849918,139.779200,OK,15,0.9,-1.5,326.95,317.14,IMPACT,-3.6,-6.2,(2, 3, 1, 0),False,0.2,WARN(CAL),0.00,-0.68,True,187.3,
1769844530.466,35.849917,139.779200,OK,16,0.9,-1.5,9.57,0.23,STABLE,-3.8,-5.5,(2, 3, 1, 0),False,0.2,WARN(CAL),0.00,-0.53,True,188.4,
1769844531.493,35.849917,139.779198,OK,16,0.9,-1.5,9.19,0.61,SHAKE,-3.3,-4.7,(2, 3, 1, 0),False,0.2,WARN(CAL),0.00,-0.35,True,189.4,
1769844532.517,35.849917,139.779198,OK,16,0.9,-1.5,9.67,0.14,STABLE,-3.0,-4.1,(2, 3, 1, 0),False,0.0,WARN(CAL),0.00,-0.32,True,190.4,
1769844533.543,35.849915,139.779195,OK,16,0.9,-1.5,9.77,0.04,STABLE,-2.9,-3.4,(2, 3, 1, 0),False,0.4,WARN(CAL),0.00,-0.43,True,191.4,
1769844534.569,35.849915,139.779182,OK,16,0.9,-1.7,9.85,0.04,STABLE,-3.0,-2.4,(2, 3, 1, 0),False,1.2,WARN(CAL),0.00,-0.46,True,192.5,
1769844535.635,35.849913,139.779170,OK,16,0.9,-1.7,9.78,0.03,STABLE,-3.1,-2.5,(2, 3, 1, 0),False,1.1,WARN(CAL),0.00,-0.55,True,193.5,
1769844536.701,35.849912,139.779155,OK,16,0.9,-1.8,9.83,0.02,STABLE,-3.1,-2.8,(0, 3, 1, 0),False,1.4,WARN(CAL),0.00,-0.57,True,194.6,
1769844537.758,35.849910,139.779138,OK,16,0.9,-1.9,9.79,0.02,STABLE,-3.1,-3.2,(2, 3, 1, 0),False,1.5,WARN(CAL),0.00,-0.56,True,195.6,
1769844538.831,35.849908,139.779122,OK,16,0.9,-2.1,9.74,0.07,STABLE,-3.2,-3.7,(0, 3, 1, 0),False,1.5,WARN(CAL),0.00,-0.57,True,196.7,
1769844539.863,35.849905,139.779105,OK,16,0.9,-2.2,9.80,0.01,STABLE,-3.2,-3.8,(2, 3, 1, 0),False,1.5,WARN(CAL),0.00,-0.56,True,197.7,
1769844540.891,35.849902,139.779093,OK,16,0.9,-2.3,9.80,0.01,STABLE,-3.2,-3.8,(0, 3, 1, 0),False,1.1,WARN(CAL),0.00,-0.56,True,198.8,
1769844541.922,35.849900,139.779083,OK,15,0.9,-2.4,9.74,0.07,STABLE,-3.2,-3.8,(2, 3, 1, 0),False,0.9,WARN(CAL),0.00,-0.53,True,199.8,
1769844542.949,35.849897,139.779077,OK,15,0.9,-2.5,9.82,0.01,STABLE,-3.2,-4.9,(0, 3, 1, 0),False,0.7,WARN(CAL),0.00,-0.57,True,200.8,
1769844544.028,35.849892,139.779075,OK,16,0.9,-2.6,9.98,0.17,STABLE,-3.0,-9.5,(0, 3, 1, 0),False,0.6,WARN(CAL),0.00,-0.28,True,201.9,
1769844545.055,35.849892,139.779070,OK,15,0.9,-2.7,10.01,0.21,STABLE,-2.2,-9.3,(2, 3, 1, 0),False,0.5,WARN(CAL),0.00,0.09,True,202.9,
1769844546.080,35.849888,139.779070,OK,13,0.9,-2.9,9.62,0.18,STABLE,-0.4,-5.6,(0, 3, 1, 0),False,0.4,WARN(CAL),0.00,0.19,True,204.0,
1769844547.104,35.849887,139.779070,OK,14,0.9,-3.0,10.03,0.23,STABLE,-0.4,-4.0,(0, 3, 1, 0),False,0.2,WARN(CAL),0.00,-0.07,True,205.0,
1769844548.127,35.849885,139.779072,OK,14,0.9,-3.0,9.77,0.03,STABLE,-0.4,-2.4,(2, 3, 1, 0),False,0.2,WARN(CAL),0.00,-0.20,True,206.0,
1769844549.190,35.849882,139.779070,OK,12,1.0,-3.0,9.56,0.25,STABLE,-1.6,-4.7,(2, 3, 1, 0),False,0.4,WARN(CAL),0.00,-0.80,True,207.1,
1769844550.256,35.849878,139.779070,OK,14,0.9,-3.2,11.41,1.60,SHAKE,-2.5,-9.5,(0, 3, 1, 0),False,0.4,WARN(CAL),0.00,-1.70,True,208.1,
1769844551.283,35.849877,139.779072,OK,14,0.9,-3.2,10.19,0.38,STABLE,-3.7,-9.9,(2, 3, 1, 0),False,0.2,WARN(CAL),0.00,-1.60,True,209.2,
1769844552.307,35.849872,139.779070,OK,14,0.9,-3.2,10.18,0.38,STABLE,-3.2,-10.0,(0, 3, 1, 0),False,0.6,WARN(CAL),0.00,-1.60,True,210.2,
1769844553.336,35.849870,139.779072,OK,13,0.9,-3.2,9.89,0.09,STABLE,-6.3,-12.2,(2, 3, 1, 0),False,0.2,WARN(CAL),0.00,-1.43,True,211.2,
1769844554.364,35.849872,139.779062,OK,15,0.8,-3.3,,,?,-4.9,-11.9,(2, 3, 1, 0),False,0.9,WARN(CAL),0.00,,True,212.2,
1769844555.429,35.849877,139.779050,OK,14,0.9,-3.4,9.48,0.33,STABLE,-2.6,-7.9,(2, 3, 1, 0),False,1.2,WARN(CAL),0.00,-0.19,True,213.3,
1769844556.505,35.849875,139.779052,OK,15,0.8,-3.6,9.57,0.23,STABLE,-2.4,-6.8,(2, 3, 1, 0),False,0.2,WARN(CAL),0.00,-0.61,True,214.4,
1769844557.570,35.849878,139.779045,OK,15,0.8,-3.7,9.38,0.42,STABLE,-2.4,-6.4,(2, 3, 1, 0),False,0.7,WARN(CAL),0.00,-0.30,True,215.5,
1769844558.639,35.849887,139.779033,OK,14,0.9,-3.8,9.82,0.01,STABLE,-1.4,-3.7,(2, 3, 1, 0),False,1.4,WARN(CAL),0.00,-0.17,True,216.5,
1769844559.693,35.849898,139.779023,OK,14,0.9,-3.9,9.64,0.16,STABLE,-1.1,-2.6,(0, 3, 1, 0),False,1.6,WARN(CAL),0.00,-0.12,True,217.6,
1769844560.766,35.849910,139.779008,OK,14,0.9,-4.0,9.93,0.13,STABLE,-1.1,-0.8,(2, 3, 1, 0),False,1.9,WARN(CAL),0.00,-0.18,True,218.7,
1769844561.791,35.849922,139.778993,OK,15,0.8,-4.1,9.76,0.04,STABLE,-1.2,-0.6,(2, 3, 1, 0),False,1.9,WARN(CAL),0.00,-0.30,True,219.7,
1769844562.813,35.849927,139.778962,OK,15,0.9,-4.2,9.74,0.06,STABLE,-1.2,-0.6,(2, 3, 1, 0),False,2.9,WARN(CAL),0.00,-0.12,True,220.7,
1769844563.839,35.849928,139.778922,OK,14,1.0,-4.4,9.74,0.06,STABLE,-1.3,-1.9,(2, 3, 1, 0),False,3.6,WARN(CAL),0.00,-0.24,True,221.7,
1769844564.865,35.849922,139.778862,OK,14,1.0,-4.5,9.82,0.01,STABLE,-1.4,-3.4,(0, 3, 1, 0),False,5.5,WARN(CAL),0.00,-0.26,True,222.8,
1769844565.934,35.849908,139.778793,OK,14,1.0,-4.7,9.74,0.07,STABLE,-1.5,-4.8,(2, 3, 1, 0),False,6.3,WARN(CAL),0.00,-0.27,True,223.8,
1769844566.961,35.849895,139.778725,OK,15,0.9,-4.8,9.78,0.03,STABLE,-1.6,-5.4,(2, 3, 1, 0),False,6.3,WARN(CAL),0.00,-0.30,True,224.8,
1769844567.986,35.849878,139.778660,OK,15,0.9,-4.9,9.71,0.10,STABLE,-1.6,-5.5,(2, 3, 1, 0),False,6.1,WARN(CAL),0.00,-0.27,True,225.9,
1769844569.013,35.849863,139.778602,OK,15,0.8,-5.1,9.75,0.06,STABLE,-1.6,-5.5,(2, 3, 1, 0),False,5.5,WARN(CAL),0.00,-0.28,True,226.9,
1769844570.038,35.849848,139.778548,OK,16,0.9,-5.4,9.80,0.01,STABLE,-1.6,-5.5,(2, 3, 1, 0),False,5.1,WARN(CAL),0.00,-0.27,True,227.9,
1769844571.104,35.849837,139.778512,OK,16,0.9,-5.9,9.77,0.03,STABLE,-1.6,-5.5,(2, 3, 1, 0),False,3.6,WARN(CAL),0.00,-0.30,True,229.0,
1769844572.167,35.849830,139.778487,OK,16,0.9,-6.2,9.76,0.05,STABLE,-1.6,-5.5,(2, 3, 1, 0),False,2.4,WARN(CAL),0.00,-0.28,True,230.1,
1769844573.242,35.849823,139.778470,OK,16,0.8,-6.5,9.78,0.02,STABLE,-1.6,-5.5,(2, 3, 1, 0),False,1.7,WARN(CAL),0.00,-0.27,True,231.1,
1769844574.308,35.849822,139.778462,OK,15,0.8,-6.7,9.80,0.00,STABLE,-1.6,-5.5,(2, 3, 1, 0),False,0.8,WARN(CAL),0.00,-0.26,True,232.2,
1769844575.334,35.849818,139.778457,OK,15,0.8,-7.0,9.77,0.03,STABLE,-1.6,-5.5,(2, 3, 1, 0),False,0.6,WARN(CAL),0.00,-0.27,True,233.2,
1769844576.366,35.849817,139.778455,OK,15,0.8,-7.3,9.75,0.06,STABLE,-1.6,-5.5,(2, 3, 1, 0),False,0.2,WARN(CAL),0.00,-0.27,True,234.3,
1769844577.395,35.849817,139.778453,OK,15,0.8,-7.6,9.79,0.01,STABLE,-1.6,-5.5,(0, 3, 1, 0),False,0.2,WARN(CAL),0.00,-0.29,True,235.3,
1769844578.420,35.849818,139.778452,OK,14,0.8,-7.1,9.75,0.05,STABLE,-1.6,-5.5,(2, 3, 1, 0),False,0.2,WARN(CAL),0.00,-0.29,True,236.3,
1769844579.481,35.849817,139.778450,OK,14,0.8,-7.8,9.83,0.03,STABLE,-1.6,-5.5,(0, 3, 1, 0),False,0.2,WARN(CAL),0.00,-0.27,True,237.4,
1769844580.554,35.849818,139.778450,OK,14,0.8,-7.6,9.80,0.00,STABLE,-1.6,-5.5,(0, 3, 1, 0),False,0.2,WARN(CAL),0.00,-0.27,True,238.4,
1769844581.618,35.849817,139.778448,OK,15,0.8,-7.8,9.80,0.00,STABLE,-1.6,-5.5,(2, 3, 1, 0),False,0.2,WARN(CAL),0.00,-0.28,True,239.5,
1769844582.678,35.849815,139.778448,OK,14,0.8,-7.9,9.82,0.01,STABLE,-1.6,-5.5,(2, 3, 1, 0),False,0.2,WARN(CAL),0.00,-0.30,True,240.6,
1769844583.755,35.849813,139.778450,OK,14,0.8,-7.9,9.81,0.00,STABLE,-1.6,-5.5,(2, 3, 1, 0),False,0.2,WARN(CAL),0.00,-0.29,True,241.6,
1769844584.786,35.849812,139.778450,OK,14,0.8,-7.9,9.81,0.01,STABLE,-1.6,-5.5,(2, 3, 1, 0),False,0.2,WARN(CAL),0.00,-0.29,True,242.7,
1769844585.813,35.849810,139.778450,OK,14,0.8,-7.9,9.81,0.01,STABLE,-1.6,-5.5,(2, 3, 1, 0),False,0.2,WARN(CAL),0.00,-0.31,True,243.7,
1769844586.838,35.849810,139.778452,OK,14,0.8,-7.9,9.76,0.04,STABLE,-1.6,-5.5,(2, 3, 1, 0),False,0.2,WARN(CAL),0.00,-0.28,True,244.7,
1769844587.862,35.849808,139.778452,OK,14,0.8,-8.0,9.83,0.03,STABLE,-1.6,-5.5,(2, 3, 1, 0),False,0.2,WARN(CAL),0.00,-0.30,True,245.7,
1769844588.937,35.849808,139.778450,OK,13,0.9,-8.0,9.79,0.01,STABLE,-1.6,-5.8,(0, 3, 1, 0),False,0.2,WARN(CAL),0.00,-0.32,True,246.8,
1769844589.967,35.849808,139.778448,OK,14,0.8,-8.0,9.79,0.02,STABLE,-1.6,-5.8,(0, 3, 1, 0),False,0.2,WARN(CAL),0.00,-0.27,True,247.9,
1769844590.993,35.849810,139.778447,OK,14,0.8,-8.0,9.78,0.02,STABLE,-1.6,-5.8,(2, 3, 1, 0),False,0.2,WARN(CAL),0.00,-0.27,True,248.9,
1769844592.019,35.849810,139.778447,OK,14,0.8,-8.0,9.72,0.09,STABLE,-1.6,-5.8,(2, 3, 1, 0),False,0.0,WARN(CAL),0.00,-0.25,True,249.9,
1769844593.046,35.849810,139.778447,OK,14,0.8,-8.0,9.74,0.07,STABLE,-1.6,-5.8,(2, 3, 1, 0),False,0.0,WARN(CAL),0.00,-0.23,True,250.9,
1769844594.106,35.849808,139.778447,OK,14,0.8,-8.1,9.76,0.04,STABLE,-1.6,-5.8,(0, 3, 1, 0),False,0.2,WARN(CAL),0.00,-0.26,True,252.0,
1769844595.178,35.849808,139.778445,OK,15,0.7,-8.1,9.73,0.08,STABLE,-1.6,-5.8,(0, 3, 1, 0),False,0.2,WARN(CAL),0.00,-0.27,True,253.1,
1769844596.203,35.849808,139.778445,OK,15,0.7,-8.2,9.77,0.03,STABLE,-1.6,-5.8,(0, 3, 1, 0),False,0.0,WARN(CAL),0.00,-0.30,True,254.1,
1769844597.232,35.849808,139.778445,OK,15,0.7,-8.2,9.56,0.24,STABLE,-1.8,-8.0,(2, 3, 1, 0),False,0.0,WARN(CAL),0.00,-0.34,True,255.1,
1769844598.258,35.849807,139.778443,OK,15,0.7,-8.3,10.15,0.34,STABLE,-1.9,-9.4,(2, 3, 1, 0),False,0.2,WARN(CAL),0.00,-0.47,True,256.1,
1769844599.284,35.849808,139.778440,OK,15,0.7,-8.3,9.89,0.08,STABLE,-1.9,-9.6,(2, 3, 1, 0),False,0.4,WARN(CAL),0.00,-0.25,True,257.2,
1769844600.351,35.849808,139.778438,OK,15,0.7,-8.4,9.48,0.33,STABLE,-2.1,-9.7,(0, 3, 1, 0),False,0.2,WARN(CAL),0.00,-0.32,True,258.2,
1769844601.422,35.849808,139.778438,OK,15,0.7,-8.3,9.52,0.29,STABLE,-2.2,-9.4,(2, 3, 1, 0),False,0.0,WARN(CAL),0.00,-0.35,True,259.3,
1769844602.488,35.849808,139.778437,OK,15,0.7,-8.4,10.08,0.27,STABLE,-2.0,-3.9,(2, 3, 1, 0),False,0.2,WARN(CAL),0.00,-0.44,True,260.4,
1769844603.514,35.849808,139.778437,OK,15,0.7,-8.4,9.49,0.32,STABLE,-1.9,-4.0,(2, 3, 1, 0),False,0.0,WARN(CAL),0.00,-0.34,True,261.4,
1769844604.539,35.849808,139.778437,OK,15,0.7,-8.4,9.93,0.13,STABLE,-1.9,-4.5,(2, 3, 1, 0),False,0.0,WARN(CAL),0.00,-0.39,True,262.4,
1769844605.564,35.849810,139.778435,OK,15,0.7,-8.4,9.78,0.03,STABLE,-2.1,-6.1,(2, 3, 1, 0),False,0.2,WARN(CAL),0.00,-0.38,True,263.4,
1769844606.588,35.849813,139.778432,OK,15,0.7,-8.5,10.16,0.36,STABLE,-2.6,2040.9,(2, 3, 1, 0),False,0.5,WARN(CAL),0.00,-0.33,True,264.5,
1769844607.653,35.849813,139.778432,OK,15,0.7,-8.6,9.55,0.26,STABLE,-3.5,-5.8,(2, 3, 1, 0),False,0.0,WARN(CAL),0.00,-0.70,True,265.5,
1769844608.729,35.849813,139.778427,OK,16,0.7,-8.6,9.74,0.07,STABLE,-3.3,-6.2,(2, 3, 1, 0),False,0.5,WARN(CAL),0.00,-0.65,True,266.6,
1769844609.755,35.849815,139.778423,OK,15,0.8,-8.6,9.68,0.12,STABLE,-2.8,-6.9,(2, 3, 1, 0),False,0.4,WARN(CAL),0.00,-0.69,True,267.6,
1769844610.780,35.849813,139.778413,OK,15,0.8,-8.7,9.60,0.21,STABLE,-2.0,-7.0,(0, 3, 1, 0),False,0.9,WARN(CAL),0.00,-0.90,True,268.7,
1769844611.809,35.849812,139.778395,OK,16,0.7,-8.8,9.77,0.04,STABLE,-2.4,-6.8,(2, 3, 1, 0),False,1.7,WARN(CAL),0.00,-0.60,True,269.7,
1769844612.835,35.849803,139.778370,OK,16,0.7,-8.9,10.07,0.26,STABLE,-3.8,-8.6,(2, 3, 1, 0),False,2.4,WARN(CAL),0.00,-0.72,True,270.7,
1769844613.896,35.849792,139.778353,OK,16,0.7,-8.9,10.54,0.73,SHAKE,-5.2,-9.4,(2, 3, 1, 0),False,2.0,WARN(CAL),0.00,-1.07,True,271.8,
1769844614.965,35.849782,139.778332,OK,16,0.8,-8.9,9.46,0.34,STABLE,-4.8,-9.3,(2, 3, 1, 0),False,2.2,WARN(CAL),0.00,-1.27,True,272.9,
1769844616.031,35.849777,139.778313,OK,15,0.8,-8.8,9.57,0.24,STABLE,-3.6,-10.9,(2, 3, 1, 0),False,1.7,WARN(CAL),0.00,-1.23,True,273.9,
1769844617.099,35.849773,139.778293,OK,17,0.8,-8.8,10.02,0.22,STABLE,-5.2,-10.6,(2, 3, 1, 0),False,1.8,WARN(CAL),0.00,-0.60,True,275.0,
1769844618.174,35.849767,139.778272,OK,16,0.7,-8.9,9.98,0.17,STABLE,-4.9,-10.3,(2, 3, 1, 0),False,2.1,WARN(CAL),0.00,-0.71,True,276.1,
1769844619.235,35.849757,139.778248,OK,15,0.8,-9.0,9.69,0.12,STABLE,-4.4,-9.9,(2, 3, 1, 0),False,2.4,WARN(CAL),0.00,-0.49,True,277.1,
1769844620.302,35.849750,139.778222,OK,17,0.8,-9.0,10.27,0.46,STABLE,-3.8,-8.2,(2, 3, 1, 0),False,2.5,WARN(CAL),0.00,0.19,True,278.2,
1769844621.366,35.849738,139.778205,OK,17,0.8,-9.2,9.88,0.07,STABLE,-2.8,-7.6,(2, 3, 1, 0),False,2.0,WARN(CAL),0.00,-0.23,True,279.3,
1769844622.391,35.849725,139.778182,OK,17,0.8,-9.3,10.79,0.98,SHAKE,-2.9,-7.2,(0, 3, 1, 0),False,2.6,WARN(CAL),0.00,-0.19,True,280.3,
1769844623.416,35.849707,139.778165,OK,16,0.8,-9.4,9.13,0.68,SHAKE,-1.8,-3.1,(2, 3, 1, 0),False,2.5,WARN(CAL),0.00,-0.35,True,281.3,
1769844624.442,35.849692,139.778150,OK,15,0.8,-9.6,10.12,0.31,STABLE,-1.5,-1.6,(2, 3, 1, 0),False,2.1,WARN(CAL),0.00,0.03,True,282.3,
1769844625.473,35.849677,139.778137,OK,16,0.8,-10.0,9.69,0.11,STABLE,-1.5,-1.1,(0, 3, 1, 0),False,2.1,WARN(CAL),0.00,-0.22,True,283.4,
1769844626.535,35.849652,139.778125,OK,16,0.8,-9.9,9.23,0.58,SHAKE,-1.6,-0.7,(2, 3, 1, 0),False,3.0,WARN(CAL),0.00,0.18,True,284.4,
1769844627.604,35.849622,139.778127,OK,15,0.8,-10.2,9.76,0.05,STABLE,-1.5,-0.6,(2, 3, 1, 0),False,3.3,WARN(CAL),0.00,-0.59,True,285.5,
1769844628.631,35.849585,139.778138,OK,16,0.8,-10.3,9.55,0.26,STABLE,-1.3,-0.9,(2, 3, 1, 0),False,4.2,WARN(CAL),0.00,0.11,True,286.5,
1769844629.654,35.849542,139.778162,OK,16,0.8,-10.4,9.80,0.00,STABLE,-1.2,-0.7,(0, 3, 1, 0),False,5.3,WARN(CAL),0.00,-0.19,True,287.5,
1769844630.679,35.849498,139.778207,OK,16,0.8,-10.4,9.77,0.04,STABLE,-1.2,-0.8,(2, 3, 1, 0),False,6.3,WARN(CAL),0.00,-0.23,True,288.6,
1769844631.711,35.849453,139.778257,OK,16,0.8,-10.4,9.80,0.01,STABLE,-1.5,-4.2,(2, 3, 1, 0),False,6.7,WARN(CAL),0.00,-0.28,True,289.6,
1769844632.779,35.849408,139.778310,OK,16,0.8,-10.3,9.80,0.01,STABLE,-1.6,-4.7,(0, 3, 1, 0),False,6.9,WARN(CAL),0.00,-0.29,True,290.7,
1769844633.850,35.849363,139.778370,OK,16,0.8,-10.3,9.79,0.02,STABLE,-1.6,-4.7,(2, 3, 1, 0),False,7.4,WARN(CAL),0.00,-0.29,True,291.7,
1769844634.917,35.849320,139.778420,OK,16,0.8,-10.2,9.74,0.07,STABLE,-1.6,-4.7,(2, 3, 1, 0),False,6.6,WARN(CAL),0.00,-0.28,True,292.8,
1769844635.983,35.849277,139.778470,OK,15,0.8,-10.6,9.81,0.00,STABLE,-1.6,-4.7,(2, 3, 1, 0),False,6.6,WARN(CAL),0.00,-0.30,True,293.9,
1769844637.059,35.849242,139.778513,OK,15,0.8,-10.9,9.74,0.07,STABLE,-1.6,-4.7,(0, 3, 1, 0),False,5.5,WARN(CAL),0.00,-0.27,True,294.9,
1769844638.087,35.849215,139.778552,OK,16,0.8,-11.0,9.79,0.02,STABLE,-1.6,-4.7,(2, 3, 1, 0),False,4.6,WARN(CAL),0.00,-0.28,True,296.0,
1769844639.111,35.849193,139.778582,OK,15,0.8,-10.8,9.77,0.04,STABLE,-1.6,-4.7,(2, 3, 1, 0),False,3.6,WARN(CAL),0.00,-0.30,True,297.0,
1769844640.141,35.849178,139.778605,OK,15,0.8,-10.7,9.75,0.06,STABLE,-1.6,-4.7,(2, 3, 1, 0),False,2.7,WARN(CAL),0.00,-0.31,True,298.0,
1769844641.172,35.849167,139.778618,OK,15,0.8,-10.5,9.81,0.00,STABLE,-1.6,-4.7,(2, 3, 1, 0),False,1.8,WARN(CAL),0.00,-0.28,True,299.1,
1769844642.244,35.849158,139.778627,OK,16,0.8,-10.4,9.74,0.06,STABLE,-1.6,-4.7,(2, 3, 1, 0),False,1.2,WARN(CAL),0.00,-0.26,True,300.1,
1769844643.268,35.849155,139.778633,OK,16,0.8,-10.5,9.77,0.04,STABLE,-1.6,-4.7,(0, 3, 1, 0),False,0.7,WARN(CAL),0.00,-0.26,True,301.2,
1769844644.298,35.849155,139.778633,OK,15,0.8,-10.6,9.81,0.00,STABLE,-1.9,-9.0,(2, 3, 1, 0),False,0.0,WARN(CAL),0.00,-0.37,True,302.2,
1769844645.325,35.849155,139.778635,OK,16,0.8,-10.7,9.87,0.06,STABLE,-2.2,-11.4,(2, 3, 1, 0),False,0.2,WARN(CAL),0.00,-0.41,True,303.2,
1769844646.352,35.849155,139.778633,OK,16,0.8,-10.3,9.50,0.31,STABLE,-2.5,-12.4,(2, 3, 1, 0),False,0.2,WARN(CAL),0.00,-0.42,True,304.2,
1769844647.417,35.849155,139.778635,OK,16,0.8,-10.1,9.92,0.12,STABLE,-2.5,-12.4,(2, 3, 1, 0),False,0.2,WARN(CAL),0.00,-0.44,True,305.3,
1769844648.482,35.849155,139.778635,OK,16,0.8,-10.3,9.28,0.52,SHAKE,-2.5,-11.3,(0, 3, 1, 0),False,0.0,WARN(CAL),0.00,-0.30,True,306.4,
1769844649.551,35.849155,139.778635,OK,16,0.8,-10.3,9.95,0.15,STABLE,-2.3,-10.9,(2, 3, 1, 0),False,0.0,WARN(CAL),0.00,-0.58,True,307.4,
1769844650.613,35.849155,139.778635,OK,16,0.8,-10.3,10.04,0.24,STABLE,-2.0,-10.9,(2, 3, 1, 0),False,0.0,WARN(CAL),0.00,-0.47,True,308.5,
1769844651.644,35.849155,139.778635,OK,16,0.8,-10.3,9.78,0.02,STABLE,-1.9,-11.6,(3, 3, 1, 0),False,0.0,WARN(CAL),0.00,-0.48,True,309.5,
1769844652.670,35.849155,139.778633,OK,16,0.8,-10.3,9.90,0.10,STABLE,-1.7,-12.0,(3, 3, 1, 0),False,0.2,WARN(CAL),0.00,-0.28,True,310.6,
1769844653.695,35.849157,139.778632,OK,16,0.8,-10.3,9.65,0.15,STABLE,-1.4,-11.4,(2, 3, 1, 0),False,0.2,WARN(CAL),0.00,-0.18,True,311.6,
1769844654.719,35.849157,139.778633,OK,16,0.8,-10.3,8.12,1.68,SHAKE,-1.4,-10.3,(2, 3, 1, 0),False,0.2,WARN(CAL),0.00,-0.70,True,312.6,
1769844655.787,35.849158,139.778633,OK,16,0.8,-10.3,7.59,2.22,IMPACT,-1.4,-9.5,(0, 3, 1, 0),False,0.2,WARN(CAL),0.00,-0.06,True,313.7,
1769844656.866,35.849158,139.778633,OK,16,0.8,-10.3,9.27,0.53,SHAKE,-0.1,-9.4,(2, 3, 1, 0),False,0.0,WARN(CAL),0.00,1.66,False,0.0,STOP_END
1769844657.936,35.849158,139.778633,OK,16,0.8,-10.3,9.72,0.08,STABLE,-0.6,-9.1,(2, 3, 1, 0),False,0.0,WARN(CAL),0.00,0.93,True,0.0,STOP_START
1769844659.006,35.849152,139.778642,OK,16,0.8,-10.4,11.00,1.20,SHAKE,-0.3,-10.1,(2, 3, 1, 0),False,1.1,WARN(CAL),0.00,1.25,False,0.0,STOP_END
1769844660.083,35.849140,139.778657,OK,16,0.8,-10.5,9.26,0.55,SHAKE,0.4,-8.6,(2, 3, 1, 0),False,1.9,WARN(CAL),0.00,0.07,True,0.0,STOP_START
1769844661.109,35.849120,139.778677,OK,16,0.8,-10.7,10.12,0.31,STABLE,0.1,-8.2,(2, 3, 1, 0),False,2.9,WARN(CAL),0.00,0.08,True,1.0,
1769844662.135,35.849095,139.778707,OK,16,0.8,-10.8,10.18,0.37,STABLE,-0.1,-8.6,(2, 3, 1, 0),False,3.9,WARN(CAL),0.00,-0.66,True,2.1,
1769844663.160,35.849063,139.778748,OK,16,0.8,-10.9,9.69,0.12,STABLE,-0.1,-7.9,(2, 3, 1, 0),False,5.1,WARN(CAL),0.00,-1.52,True,3.1,
1769844664.189,35.849025,139.778795,OK,16,0.8,-11.1,8.15,1.66,SHAKE,-1.3,-7.6,(0, 3, 1, 0),False,6.0,WARN(CAL),0.00,-1.15,True,4.1,
1769844665.256,35.848983,139.778850,OK,16,0.8,-11.2,10.72,0.91,SHAKE,-0.9,-6.8,(0, 3, 1, 0),False,6.8,WARN(CAL),0.00,-1.52,True,5.2,
1769844666.318,35.848940,139.778910,OK,16,0.8,-11.3,10.43,0.63,SHAKE,-0.2,-7.3,(2, 3, 1, 0),False,7.2,WARN(CAL),0.00,-1.08,True,6.2,
1769844667.379,35.848892,139.778983,OK,17,0.8,-11.3,9.26,0.55,SHAKE,-0.2,-7.6,(2, 3, 1, 0),False,8.5,WARN(CAL),0.00,-0.01,True,7.3,
1769844668.447,35.848838,139.779065,OK,17,0.8,-11.2,9.24,0.56,SHAKE,-0.2,-7.3,(2, 3, 1, 0),False,9.5,WARN(CAL),0.00,0.33,False,0.0,STOP_END
1769844669.477,35.848783,139.779145,OK,17,0.8,-11.2,10.41,0.61,SHAKE,-0.1,-7.5,(2, 3, 1, 0),False,9.5,WARN(CAL),0.00,-0.25,True,0.0,STOP_START
1769844670.505,35.848722,139.779228,OK,17,0.7,-11.0,9.54,0.27,STABLE,-0.2,-7.4,(0, 3, 1, 0),False,10.2,WARN(CAL),0.00,-0.20,True,1.0,
1769844671.530,35.848658,139.779312,OK,16,0.8,-10.9,10.54,0.74,SHAKE,-0.2,-7.3,(0, 3, 1, 0),False,10.3,WARN(CAL),0.00,-0.05,True,2.1,
1769844672.561,35.848597,139.779393,OK,16,0.8,-10.8,9.22,0.58,SHAKE,-0.2,-7.1,(2, 3, 1, 0),False,10.1,WARN(CAL),0.00,-0.28,True,3.1,
1769844673.637,35.848533,139.779470,OK,15,0.9,-10.7,9.35,0.46,STABLE,-0.6,-6.9,(0, 3, 1, 0),False,9.9,WARN(CAL),0.00,-0.14,True,4.2,
1769844674.694,35.848475,139.779540,OK,15,0.8,-10.6,10.45,0.64,SHAKE,-0.5,-7.0,(2, 3, 1, 0),False,9.0,WARN(CAL),0.00,-0.03,True,5.2,
1769844675.768,35.848418,139.779603,OK,16,0.8,-10.6,9.61,0.19,STABLE,-0.7,-6.3,(2, 3, 1, 0),False,8.5,WARN(CAL),0.00,-0.01,True,6.3,
1769844676.796,35.848372,139.779653,OK,15,0.8,-10.7,9.38,0.43,STABLE,-0.7,-6.2,(0, 3, 1, 0),False,6.9,WARN(CAL),0.00,-0.42,True,7.3,
1769844677.823,35.848338,139.779698,OK,14,0.8,-10.8,10.32,0.51,SHAKE,-0.4,-6.2,(2, 3, 1, 0),False,5.5,WARN(CAL),0.00,-0.14,True,8.3,
1769844678.851,35.848313,139.779748,OK,11,0.9,-11.1,9.31,0.50,STABLE,-0.6,-5.9,(0, 3, 1, 0),False,5.3,WARN(CAL),0.00,-0.09,True,9.4,
1769844679.883,35.848297,139.779800,OK,10,0.9,-11.2,11.62,1.81,SHAKE,-0.6,-5.9,(2, 3, 1, 0),False,5.0,WARN(CAL),0.00,0.25,True,10.4,
1769844680.955,35.848275,139.779865,OK,8,1.4,-11.4,9.39,0.42,STABLE,0.3,-5.6,(0, 3, 1, 0),False,6.3,WARN(CAL),0.00,-0.26,True,11.5,
1769844681.983,35.848247,139.779930,OK,9,1.8,-11.6,13.42,3.61,IMPACT,-0.4,-5.4,(2, 3, 1, 0),False,6.7,WARN(CAL),0.00,1.36,False,0.0,STOP_END
1769844683.010,35.848222,139.780003,NG,7,6.8,-11.8,10.93,1.13,SHAKE,-0.8,-5.2,(2, 3, 1, 0),False,7.2,NG(GPS),0.00,-0.80,True,0.0,STOP_START
1769844684.029,35.848205,139.780072,WARN,6,3.2,-12.0,9.21,0.60,SHAKE,-0.8,-4.9,(2, 3, 1, 0),False,6.4,WARN(CAL),0.00,0.16,True,1.0,
1769844685.059,35.848188,139.780148,NG,6,8.0,-12.2,9.72,0.09,STABLE,-0.9,-4.8,(2, 3, 1, 0),False,7.2,NG(GPS),0.00,-0.63,True,2.0,
1769844686.115,35.848175,139.780240,NG,5,7.2,-12.4,9.94,0.13,STABLE,-0.7,-4.4,(2, 3, 1, 0),False,8.4,NG(GPS),0.00,0.61,False,0.0,STOP_END
1769844687.181,35.848162,139.780372,NG,5,7.2,-12.4,11.48,1.68,SHAKE,-1.2,-4.8,(2, 3, 1, 0),False,12.0,NG(GPS),0.00,-1.05,True,0.0,STOP_START
1769844688.246,35.848140,139.780490,NG,5,7.8,-12.5,11.12,1.32,SHAKE,-0.6,-4.1,(0, 3, 1, 0),False,10.9,NG(GPS),0.00,-0.46,True,1.1,
1769844689.307,35.848110,139.780630,NG,4,9.8,-12.7,8.40,1.40,SHAKE,-0.8,-4.4,(0, 3, 1, 0),False,13.1,NG(GPS),0.00,0.27,True,2.1,
1769844690.332,35.848060,139.780878,NG,4,9.3,-12.6,7.27,2.54,IMPACT,-0.6,-4.1,(2, 3, 1, 0),False,23.1,NG(GPS),0.00,0.06,True,3.2,
1769844691.359,35.848025,139.781055,NG,6,6.7,-12.7,10.66,0.86,SHAKE,-1.1,-3.8,(2, 3, 1, 0),False,16.4,NG(GPS),0.00,-0.86,True,4.2,
1769844692.385,35.847982,139.781200,NG,6,6.7,-12.7,8.05,1.75,SHAKE,-0.5,-3.4,(2, 3, 1, 0),False,13.9,NG(GPS),0.00,-0.36,True,5.2,
1769844693.409,35.847947,139.781330,NG,6,6.7,-12.6,7.47,2.33,IMPACT,-0.9,-2.4,(2, 3, 1, 0),False,12.3,NG(GPS),0.00,-0.81,True,6.2,
1769844694.468,35.847923,139.781473,NG,6,7.6,-12.7,9.33,0.48,STABLE,-0.3,-2.2,(2, 3, 1, 0),False,13.2,NG(GPS),0.00,-0.90,True,7.3,
1769844695.534,35.847913,139.781617,NG,6,7.6,-12.8,11.92,2.11,IMPACT,-0.8,-1.0,(2, 3, 1, 0),False,13.0,NG(GPS),0.00,-0.24,True,8.4,
1769844696.592,35.847912,139.781775,OK,8,2.1,-13.0,5.55,4.26,IMPACT,-1.3,0.1,(2, 3, 1, 0),False,14.3,WARN(CAL),0.00,-0.42,True,9.4,
1769844697.642,35.848040,139.781918,OK,8,1.5,-12.4,10.63,0.82,SHAKE,-0.9,0.2,(2, 3, 1, 0),False,19.2,WARN(CAL),0.00,-0.45,True,10.5,
1769844698.701,35.848158,139.782067,OK,8,2.1,-11.7,10.50,0.69,SHAKE,-1.2,0.4,(2, 3, 1, 0),False,18.8,WARN(CAL),0.00,-1.02,True,11.5,
1769844699.728,35.848238,139.782220,OK,8,1.5,-11.5,12.05,2.24,IMPACT,-0.9,0.8,(2, 3, 1, 0),False,16.4,WARN(CAL),0.00,-0.68,True,12.5,
1769844700.750,35.848273,139.782372,OK,7,1.6,-11.5,13.69,3.89,IMPACT,-1.0,0.8,(2, 3, 1, 0),False,14.2,WARN(CAL),0.00,0.24,True,13.6,
1769844701.775,35.848295,139.782525,OK,8,1.5,-11.6,9.74,0.07,STABLE,-1.1,-0.1,(2, 3, 1, 0),False,14.0,WARN(CAL),0.00,-0.60,True,14.6,
1769844702.803,35.848305,139.782690,OK,8,1.5,-11.7,9.88,0.08,STABLE,-1.3,-1.4,(2, 3, 1, 0),False,14.9,WARN(CAL),0.00,0.19,True,15.6,
1769844703.865,35.848320,139.782850,OK,8,2.1,-11.7,8.71,1.10,SHAKE,-1.4,-2.1,(0, 3, 1, 0),False,14.5,WARN(CAL),0.00,-0.03,True,16.7,
1769844704.939,35.848325,139.783013,OK,9,1.3,-11.6,9.00,0.81,SHAKE,-1.8,-3.2,(2, 3, 1, 0),False,14.7,WARN(CAL),0.00,-0.30,True,17.8,
1769844706.005,35.848322,139.783182,OK,9,1.3,-11.5,6.81,3.00,IMPACT,-1.8,-4.2,(2, 3, 1, 0),False,15.2,WARN(CAL),0.00,-0.93,True,18.8,
1769844707.062,35.848303,139.783358,OK,9,1.2,-11.5,10.01,0.20,STABLE,-1.6,-4.0,(2, 3, 1, 0),False,16.1,WARN(CAL),0.00,-0.41,True,19.9,
1769844708.134,35.848290,139.783533,OK,9,1.3,-11.6,10.35,0.55,SHAKE,-1.8,-3.7,(2, 3, 1, 0),False,15.8,WARN(CAL),0.00,-0.92,True,21.0,
1769844709.159,35.848273,139.783712,OK,9,1.3,-11.8,10.36,0.56,SHAKE,-1.8,-3.4,(2, 3, 1, 0),False,16.2,WARN(CAL),0.00,-0.26,True,22.0,
1769844710.186,35.848252,139.783895,OK,9,1.2,-12.0,9.96,0.15,STABLE,-1.6,-3.1,(0, 3, 1, 0),False,16.7,WARN(CAL),0.00,0.11,True,23.0,
1769844711.215,35.848225,139.784088,OK,9,1.3,-12.1,10.14,0.33,STABLE,-1.1,-2.6,(0, 3, 1, 0),False,17.7,WARN(CAL),0.00,-0.21,True,24.0,
1769844712.241,35.848208,139.784290,WARN,8,3.1,-12.2,9.48,0.32,STABLE,-0.8,-2.3,(2, 3, 1, 0),False,18.3,WARN(CAL),0.00,0.02,True,25.1,
1769844713.299,35.848185,139.784502,NG,8,5.6,-12.2,9.20,0.61,SHAKE,-1.1,-2.2,(2, 3, 1, 0),False,19.3,NG(GPS),0.00,-0.17,True,26.1,
1769844714.359,35.848152,139.784718,NG,8,5.6,-12.2,10.07,0.26,STABLE,-1.1,-2.4,(2, 3, 1, 0),False,19.9,NG(GPS),0.00,-0.46,True,27.2,
1769844715.425,35.848127,139.784938,WARN,7,3.2,-12.3,9.69,0.12,STABLE,-1.3,-2.2,(2, 3, 1, 0),False,20.0,WARN(CAL),0.00,-0.37,True,28.2,
1769844716.484,35.848095,139.785168,NG,7,5.6,-12.3,9.35,0.45,STABLE,-1.4,-3.5,(3, 3, 1, 0),False,21.0,NG(GPS),0.00,-0.22,True,29.3,
1769844717.548,35.848068,139.785402,WARN,7,3.2,-12.4,9.21,0.60,SHAKE,-1.1,-3.6,(2, 3, 1, 0),False,21.2,WARN(CAL),0.00,-0.46,True,30.4,
1769844718.611,35.848052,139.785627,OK,6,1.3,-12.4,9.14,0.67,SHAKE,-1.2,-3.6,(0, 3, 1, 0),False,20.4,WARN(CAL),0.00,-0.24,True,31.4,
1769844719.674,35.848032,139.785850,OK,6,1.3,-12.5,10.15,0.34,STABLE,-1.2,-4.0,(2, 3, 1, 0),False,20.3,WARN(CAL),0.00,-0.21,True,32.5,
1769844720.741,35.848018,139.786073,WARN,4,2.0,-12.7,8.63,1.18,SHAKE,-0.7,-2.5,(3, 3, 1, 0),False,20.2,WARN(CAL),0.00,-0.18,True,33.6,
1769844721.810,35.848002,139.786298,NG,3,6.5,-12.9,9.69,0.12,STABLE,-0.8,-2.5,(0, 3, 1, 0),False,20.4,NG(GPS),0.00,0.10,True,34.6,
1769844722.869,,,NG,0,,,9.60,0.21,STABLE,-0.5,-2.1,(3, 3, 1, 0),False,,NG(GPS),0.00,-0.10,True,35.7,
1769844723.938,,,NG,0,,,10.86,1.05,SHAKE,-0.6,-1.5,(3, 3, 1, 0),False,,NG(GPS),0.00,0.02,True,36.8,
1769844724.958,,,NG,0,,,10.16,0.36,STABLE,-0.2,-1.1,(2, 3, 1, 0),False,,NG(GPS),0.00,0.24,True,37.8,
1769844725.980,35.848002,139.787195,NG,3,11.7,-13.1,9.70,0.10,STABLE,-0.2,-0.9,(2, 3, 1, 0),False,,NG(GPS),0.00,0.16,True,38.8,
1769844727.002,35.848068,139.787427,NG,4,8.6,-13.2,10.10,0.29,STABLE,-0.2,-0.9,(3, 3, 1, 0),False,22.2,NG(GPS),0.00,0.05,True,39.8,
1769844728.022,35.848103,139.787607,NG,5,7.2,-13.2,8.40,1.40,SHAKE,0.0,-1.0,(3, 3, 1, 0),False,16.7,NG(GPS),0.00,0.14,True,40.8,
1769844729.085,35.848127,139.787780,NG,5,7.2,-13.3,9.73,0.08,STABLE,0.1,-0.8,(2, 3, 1, 0),False,15.8,NG(GPS),0.00,0.48,False,0.0,STOP_END
1769844730.148,35.848145,139.787933,NG,5,7.2,-13.3,9.43,0.38,STABLE,0.0,-0.7,(0, 3, 1, 0),False,14.0,NG(GPS),0.00,0.08,True,0.0,STOP_START
1769844731.214,35.848152,139.788080,NG,6,6.2,-13.3,9.83,0.03,STABLE,0.0,-1.1,(2, 3, 1, 0),False,13.2,NG(GPS),0.00,0.02,True,1.1,
1769844732.238,35.848275,139.788210,OK,7,1.5,-13.3,10.19,0.38,STABLE,0.1,-1.2,(2, 3, 1, 0),False,18.0,WARN(CAL),0.00,0.01,True,2.1,
1769844733.262,35.848335,139.788337,OK,7,1.5,-13.3,9.65,0.16,STABLE,0.0,-2.6,(3, 3, 1, 0),False,13.2,WARN(CAL),0.00,-0.03,True,3.1,
1769844734.287,35.848443,139.788462,OK,7,1.5,-13.2,9.76,0.04,STABLE,0.0,-3.1,(2, 3, 1, 0),False,16.5,WARN(CAL),0.00,0.05,True,4.1,
1769844735.312,35.848518,139.788582,OK,7,1.5,-13.1,9.70,0.11,STABLE,-0.1,-5.1,(2, 3, 1, 0),False,13.7,WARN(CAL),0.00,-0.04,True,5.2,
1769844736.365,35.848533,139.788708,OK,7,2.2,-13.1,9.81,0.00,STABLE,-0.2,-5.6,(2, 3, 1, 0),False,11.5,WARN(CAL),0.00,-0.02,True,6.2,
1769844737.430,35.848562,139.788827,OK,8,1.5,-13.1,9.83,0.02,STABLE,-0.2,-5.6,(2, 3, 1, 0),False,11.1,WARN(CAL),0.00,-0.04,True,7.3,
1769844738.495,35.848577,139.788940,OK,9,1.3,-13.0,9.77,0.04,STABLE,-0.2,-5.6,(2, 3, 1, 0),False,10.4,WARN(CAL),0.00,-0.06,True,8.3,
1769844739.559,35.848587,139.789043,OK,9,1.3,-13.0,9.80,0.01,STABLE,-0.2,-5.6,(2, 3, 1, 0),False,9.4,WARN(CAL),0.00,-0.08,True,9.4,
1769844740.630,35.848593,139.789140,NG,8,5.5,-13.0,9.78,0.03,STABLE,-0.2,-5.6,(3, 3, 1, 0),False,8.7,NG(GPS),0.00,-0.07,True,10.5,
1769844741.685,35.848603,139.789222,NG,7,5.8,-13.1,9.83,0.02,STABLE,-0.3,-6.6,(3, 3, 1, 0),False,7.4,NG(GPS),0.00,-0.10,True,11.5,
1769844742.755,35.848607,139.789297,NG,7,7.1,-13.2,10.08,0.28,STABLE,-0.9,-11.6,(0, 3, 1, 0),False,6.8,NG(GPS),0.00,-0.15,True,12.6,
1769844743.816,35.848622,139.789367,OK,8,1.5,-13.2,10.15,0.35,STABLE,-1.0,-11.6,(1, 3, 1, 0),False,6.5,WARN(CAL),0.00,-0.03,True,13.7,
1769844744.889,35.848622,139.789428,OK,9,1.3,-13.2,10.02,0.21,STABLE,-1.1,-11.1,(2, 3, 1, 0),False,5.6,WARN(CAL),0.00,-0.16,True,14.7,
1769844745.918,35.848622,139.789472,NG,8,5.5,-13.2,9.79,0.02,STABLE,-1.3,-11.4,(3, 3, 1, 0),False,3.9,NG(GPS),0.00,0.06,True,15.8,
1769844746.943,35.848600,139.789507,WARN,8,3.1,-13.0,10.27,0.46,STABLE,-1.0,-10.9,(3, 3, 1, 0),False,4.0,WARN(CAL),0.00,-0.11,True,16.8,
1769844747.969,35.848595,139.789533,NG,8,5.5,-12.9,9.74,0.06,STABLE,-1.1,-10.9,(2, 3, 1, 0),False,2.5,NG(GPS),0.00,0.27,True,17.8,
1769844748.994,35.848565,139.789553,NG,8,5.5,-12.6,9.63,0.18,STABLE,-0.8,-10.4,(2, 3, 1, 0),False,3.8,NG(GPS),0.00,-1.37,True,18.8,
1769844750.066,35.848565,139.789562,WARN,8,3.1,-12.5,11.27,1.46,SHAKE,-1.0,-9.9,(3, 3, 1, 0),False,0.8,WARN(CAL),0.00,0.13,True,19.9,
1769844751.123,35.848562,139.789530,WARN,8,3.1,-12.0,9.04,0.77,SHAKE,-1.0,-9.1,(2, 3, 1, 0),False,2.9,WARN(CAL),0.00,-0.56,True,21.0,
1769844752.192,35.848555,139.789528,WARN,8,3.1,-11.9,9.79,0.02,STABLE,-1.0,-9.1,(2, 3, 1, 0),False,0.8,WARN(CAL),0.00,-0.01,True,22.0,
1769844753.214,35.848558,139.789527,OK,9,1.2,-11.9,11.42,1.61,SHAKE,-0.9,-9.4,(2, 3, 1, 0),False,0.4,WARN(CAL),0.00,0.78,False,0.0,STOP_END
1769844754.237,35.848567,139.789522,OK,9,1.2,-11.8,10.48,0.67,SHAKE,-0.4,-8.5,(0, 3, 1, 0),False,1.0,WARN(CAL),0.00,1.02,True,0.0,STOP_START
1769844755.263,35.848572,139.789517,OK,9,1.2,-11.8,8.15,1.65,SHAKE,-0.9,-8.4,(2, 3, 1, 0),False,0.7,WARN(CAL),0.00,0.19,True,1.0,
1769844756.288,35.848600,139.789512,OK,9,1.2,-11.6,12.89,3.08,IMPACT,-1.2,-7.3,(0, 3, 1, 0),False,3.2,WARN(CAL),0.00,0.10,True,2.1,
1769844757.345,35.848612,139.789507,OK,9,1.2,-11.5,8.33,1.48,SHAKE,-1.2,-7.2,(2, 3, 1, 0),False,1.4,WARN(CAL),0.00,-0.44,True,3.1,
1769844758.408,35.848632,139.789502,OK,9,1.2,-11.3,9.02,0.79,SHAKE,-0.8,-6.8,(2, 3, 1, 0),False,2.3,WARN(CAL),0.00,-0.26,True,4.2,
1769844759.430,35.848640,139.789497,OK,9,1.2,-11.3,10.12,0.32,STABLE,-0.6,-6.7,(2, 3, 1, 0),False,1.0,WARN(CAL),0.00,-0.85,True,5.2,
1769844760.453,35.848650,139.789495,OK,9,1.2,-11.2,9.06,0.74,SHAKE,-0.6,-6.4,(2, 3, 1, 0),False,1.1,WARN(CAL),0.00,-0.86,True,6.2,
1769844761.480,35.848652,139.789500,OK,9,1.2,-11.2,10.47,0.67,SHAKE,-0.5,-5.5,(2, 3, 1, 0),False,0.5,WARN(CAL),0.00,0.52,False,0.0,STOP_END
1769844762.504,35.848655,139.789518,OK,9,1.2,-11.3,10.01,0.21,STABLE,-1.1,-5.7,(0, 3, 1, 0),False,1.7,WARN(CAL),0.00,-0.47,True,0.0,STOP_START
1769844763.563,35.848663,139.789545,OK,9,1.2,-11.4,10.67,0.86,SHAKE,-0.7,-5.7,(0, 3, 1, 0),False,2.6,WARN(CAL),0.00,-0.63,True,1.1,
1769844764.630,35.848682,139.789582,OK,9,1.2,-11.5,9.17,0.64,SHAKE,0.1,-4.8,(2, 3, 1, 0),False,3.9,WARN(CAL),0.00,-0.24,True,2.1,
1769844765.700,35.848695,139.789627,OK,9,1.3,-11.7,9.00,0.80,SHAKE,0.0,-4.4,(0, 3, 1, 0),False,4.3,WARN(CAL),0.00,0.61,False,0.0,STOP_END
1769844766.725,35.848705,139.789678,OK,9,1.3,-11.9,9.36,0.45,STABLE,-0.6,-4.1,(2, 3, 1, 0),False,4.8,WARN(CAL),0.00,-0.27,True,0.0,STOP_START
1769844767.754,35.848707,139.789738,OK,9,1.2,-12.2,12.03,2.22,IMPACT,-0.2,-3.9,(2, 3, 1, 0),False,5.4,WARN(CAL),0.00,0.18,True,1.0,
1769844768.781,35.848703,139.789803,OK,9,1.3,-12.6,9.50,0.31,STABLE,0.2,-4.5,(2, 3, 1, 0),False,5.9,WARN(CAL),0.00,-0.15,True,2.1,
1769844769.806,35.848707,139.789872,NG,8,5.5,-12.8,9.97,0.16,STABLE,0.8,-3.4,(2, 3, 1, 0),False,6.2,NG(GPS),0.00,0.30,True,3.1,
1769844770.867,35.848713,139.789943,WARN,8,3.1,-12.9,9.47,0.34,STABLE,0.9,-3.0,(2, 3, 1, 0),False,6.5,WARN(CAL),0.00,0.03,True,4.1,
1769844771.934,35.848730,139.790020,NG,8,5.5,-13.3,9.63,0.17,STABLE,0.5,-2.2,(2, 3, 1, 0),False,7.2,NG(GPS),0.00,-0.22,True,5.2,
1769844772.959,35.848740,139.790097,NG,8,5.5,-13.6,9.54,0.26,STABLE,0.2,-2.4,(3, 3, 1, 0),False,7.0,NG(GPS),0.00,0.42,False,0.0,STOP_END
1769844773.983,35.848745,139.790175,WARN,7,3.2,-13.8,9.23,0.58,SHAKE,0.4,-2.4,(3, 3, 1, 0),False,7.1,WARN(CAL),0.00,-0.10,True,0.0,STOP_START
1769844775.009,35.848758,139.790255,NG,8,5.5,-14.1,10.26,0.46,STABLE,0.8,-1.9,(2, 3, 1, 0),False,7.4,NG(GPS),0.00,-0.72,True,1.0,
1769844776.034,35.848765,139.790333,NG,8,5.5,-14.5,10.23,0.42,STABLE,0.8,-1.6,(2, 3, 1, 0),False,7.1,NG(GPS),0.00,0.19,True,2.1,
1769844777.095,35.848772,139.790410,WARN,8,3.1,-14.8,9.31,0.49,STABLE,0.8,-1.0,(0, 3, 1, 0),False,6.9,WARN(CAL),0.00,0.31,False,0.0,STOP_END
1769844778.169,35.848773,139.790482,NG,8,5.5,-15.1,8.45,1.35,SHAKE,0.6,-0.7,(2, 3, 1, 0),False,6.5,NG(GPS),0.00,0.50,True,0.0,STOP_START
1769844779.198,35.848772,139.790557,NG,8,5.5,-15.3,9.76,0.05,STABLE,0.7,-0.4,(0, 3, 1, 0),False,6.8,NG(GPS),0.00,0.13,True,1.0,
1769844780.228,35.848777,139.790625,WARN,8,3.1,-15.6,9.44,0.37,STABLE,1.0,-0.4,(2, 3, 1, 0),False,6.2,WARN(CAL),0.00,-0.29,True,2.1,
1769844781.257,35.848778,139.790698,NG,8,5.5,-16.1,8.18,1.63,SHAKE,1.2,0.2,(2, 3, 1, 0),False,6.6,NG(GPS),0.00,0.52,False,0.0,STOP_END
1769844782.281,35.848785,139.790777,WARN,8,3.1,-16.3,10.38,0.57,SHAKE,1.1,0.9,(2, 3, 1, 0),False,7.1,WARN(CAL),0.00,-0.37,True,0.0,STOP_START
1769844783.346,35.848785,139.790855,NG,8,5.5,-16.6,10.55,0.75,SHAKE,0.8,1.0,(2, 3, 1, 0),False,7.1,NG(GPS),0.00,0.07,True,1.1,
1769844784.402,35.848792,139.790930,NG,8,5.4,-17.0,9.77,0.03,STABLE,0.9,1.2,(2, 3, 1, 0),False,6.8,NG(GPS),0.00,-0.08,True,2.1,
1769844785.468,35.848800,139.791003,WARN,8,3.1,-17.5,9.04,0.77,SHAKE,0.9,1.3,(2, 3, 1, 0),False,6.7,WARN(CAL),0.00,-0.21,True,3.2,
1769844786.531,35.848790,139.791072,WARN,9,3.1,-17.9,10.64,0.83,SHAKE,1.1,1.8,(2, 3, 1, 0),False,6.3,WARN(CAL),0.00,-0.26,True,4.2,
1769844787.605,35.848772,139.791140,WARN,9,3.1,-18.2,10.15,0.34,STABLE,1.1,2.4,(3, 3, 1, 0),False,6.5,WARN(CAL),0.00,-0.36,True,5.3,
1769844788.664,35.848757,139.791207,OK,9,1.8,-18.6,9.96,0.15,STABLE,0.5,4.6,(2, 3, 1, 0),False,6.2,WARN(CAL),0.00,0.02,True,6.4,
1769844789.739,35.848755,139.791270,NG,8,5.4,-19.2,9.66,0.14,STABLE,-0.6,-0.5,(0, 3, 1, 0),False,5.7,NG(GPS),0.00,-0.15,True,7.5,
1769844790.767,35.848753,139.791328,WARN,8,3.1,-19.8,9.74,0.06,STABLE,-0.9,-1.9,(0, 3, 1, 0),False,5.3,WARN(CAL),0.00,-0.13,True,8.5,
1769844791.790,35.848753,139.791388,NG,8,5.4,-20.2,9.77,0.03,STABLE,-0.9,-2.2,(2, 3, 1, 0),False,5.4,NG(GPS),0.00,-0.19,True,9.5,
1769844792.818,35.848747,139.791447,NG,7,6.9,-20.6,9.86,0.06,STABLE,-0.9,-2.2,(2, 3, 1, 0),False,5.3,NG(GPS),0.00,-0.23,True,10.5,
1769844793.846,35.848778,139.791512,WARN,8,2.8,-21.0,9.53,0.28,STABLE,-0.9,-2.2,(2, 3, 1, 0),False,6.8,WARN(CAL),0.00,-0.15,True,11.6,
1769844794.910,35.848803,139.791573,WARN,8,3.2,-21.3,9.76,0.05,STABLE,-1.0,-2.3,(2, 3, 1, 0),False,6.2,WARN(CAL),0.00,-0.19,True,12.6,
1769844795.974,35.848827,139.791632,WARN,8,2.8,-21.7,317.72,307.91,IMPACT,-1.0,-2.3,(0, 3, 1, 0),False,5.9,WARN(CAL),0.00,-0.23,True,13.7,
1769844797.044,35.848830,139.791692,WARN,8,3.2,-22.1,9.81,0.00,STABLE,-1.0,-2.2,(0, 3, 1, 0),False,5.4,WARN(CAL),0.00,-0.20,True,14.8,
1769844798.067,35.848853,139.791758,WARN,8,3.2,-22.4,9.87,0.06,STABLE,-1.0,-2.1,(2, 3, 1, 0),False,6.5,WARN(CAL),0.00,-0.20,True,15.8,
1769844799.092,35.848890,139.791830,OK,8,1.5,-22.1,9.58,0.22,STABLE,-1.0,-2.3,(2, 3, 1, 0),False,7.6,WARN(CAL),0.00,-0.12,True,16.8,
1769844800.122,35.848907,139.791905,OK,8,2.1,-22.1,9.60,0.21,STABLE,-1.0,-2.1,(2, 3, 1, 0),False,7.0,WARN(CAL),0.00,-0.12,True,17.8,
1769844801.148,35.848935,139.791977,OK,8,1.5,-22.0,9.60,0.21,STABLE,-1.0,-2.3,(0, 3, 1, 0),False,7.2,WARN(CAL),0.00,-0.17,True,18.9,
1769844802.210,35.848938,139.792043,OK,8,2.1,-22.4,9.93,0.13,STABLE,-1.0,-2.2,(2, 3, 1, 0),False,6.0,WARN(CAL),0.00,-0.24,True,19.9,
1769844803.277,35.848937,139.792112,OK,7,2.2,-22.8,9.96,0.15,STABLE,-1.0,-2.3,(2, 3, 1, 0),False,6.2,WARN(CAL),0.00,-0.17,True,21.0,
1769844804.341,35.848937,139.792178,OK,7,1.5,-23.2,9.77,0.03,STABLE,-1.0,-2.2,(2, 3, 1, 0),False,6.0,WARN(CAL),0.00,-0.18,True,22.1,
1769844805.417,35.848938,139.792237,OK,7,2.2,-23.6,9.82,0.01,STABLE,-1.0,-2.3,(2, 3, 1, 0),False,5.3,WARN(CAL),0.00,-0.14,True,23.1,
1769844806.442,35.848930,139.792283,OK,7,1.5,-24.1,9.91,0.11,STABLE,-1.0,-2.1,(2, 3, 1, 0),False,4.3,WARN(CAL),0.00,-0.24,True,24.2,
1769844807.469,35.848933,139.792337,NG,7,6.0,-24.5,9.73,0.07,STABLE,-1.0,-2.3,(0, 3, 1, 0),False,4.8,NG(GPS),0.00,-0.19,True,25.2,
1769844808.495,35.848930,139.792392,OK,7,2.2,-25.0,9.66,0.15,STABLE,-1.0,-2.1,(2, 3, 1, 0),False,5.0,WARN(CAL),0.00,-0.14,True,26.2,
1769844809.525,35.848947,139.792393,NG,5,6.2,-25.5,9.69,0.11,STABLE,-1.1,-2.3,(2, 3, 1, 0),False,1.9,NG(GPS),0.00,-0.14,True,27.2,
1769844810.594,35.848948,139.792407,NG,5,11.9,-25.9,9.86,0.06,STABLE,-1.1,-2.4,(0, 3, 1, 0),False,1.2,NG(GPS),0.00,-0.16,True,28.3,
1769844811.619,35.848938,139.792398,NG,5,8.8,-26.3,9.77,0.04,STABLE,-1.1,-2.5,(2, 3, 1, 0),False,1.3,NG(GPS),0.00,-0.17,True,29.3,
1769844812.650,35.848937,139.792392,WARN,6,2.6,-26.7,9.81,0.01,STABLE,-1.1,-2.6,(2, 3, 1, 0),False,0.6,WARN(CAL),0.00,-0.21,True,30.4,
1769844813.677,35.848930,139.792402,WARN,7,2.5,-27.1,9.75,0.05,STABLE,-1.1,-2.6,(0, 3, 1, 0),False,1.2,WARN(CAL),0.00,-0.15,True,31.4,
1769844814.708,35.848895,139.792415,WARN,7,2.5,-27.6,9.81,0.00,STABLE,-1.1,-2.6,(2, 3, 1, 0),False,4.1,WARN(CAL),0.00,-0.18,True,32.4,
1769844815.768,35.848873,139.792405,WARN,5,3.2,-28.0,9.80,0.01,STABLE,-1.1,-2.6,(2, 3, 1, 0),False,2.6,WARN(CAL),0.00,-0.16,True,33.5,
1769844816.841,35.848857,139.792413,WARN,5,3.2,-28.5,9.73,0.07,STABLE,-1.1,-2.6,(2, 3, 1, 0),False,2.0,WARN(CAL),0.00,-0.14,True,34.6,
1769844817.905,35.848835,139.792412,WARN,6,3.0,-28.9,9.77,0.04,STABLE,-1.1,-2.6,(2, 3, 1, 0),False,2.4,WARN(CAL),0.00,-0.17,True,35.6,
1769844818.968,35.848810,139.792397,WARN,7,2.5,-29.4,9.76,0.05,STABLE,-1.1,-2.6,(2, 3, 1, 0),False,3.1,WARN(CAL),0.00,-0.18,True,36.7,
1769844820.043,35.848803,139.792392,WARN,7,2.5,-29.9,9.73,0.08,STABLE,-1.1,-2.6,(2, 3, 1, 0),False,0.9,WARN(CAL),0.00,-0.15,True,37.8,
1769844821.069,35.848803,139.792392,WARN,7,2.5,-30.4,9.77,0.04,STABLE,-1.1,-2.6,(2, 3, 1, 0),False,0.0,WARN(CAL),0.00,-0.16,True,38.8,
1769844822.094,35.848795,139.792387,WARN,7,2.5,-30.4,9.81,0.00,STABLE,-1.1,-2.6,(2, 3, 1, 0),False,1.0,WARN(CAL),0.00,-0.21,True,39.8,
1769844823.119,35.848768,139.792395,WARN,6,2.5,-30.5,9.78,0.02,STABLE,-1.1,-2.6,(2, 3, 1, 0),False,3.1,WARN(CAL),0.00,-0.17,True,40.8,
1769844824.141,35.848738,139.792393,WARN,5,3.2,-30.8,9.77,0.03,STABLE,-1.1,-2.6,(2, 3, 1, 0),False,3.3,WARN(CAL),0.00,-0.18,True,41.9,
1769844825.208,35.848718,139.792387,WARN,5,3.2,-31.0,9.74,0.06,STABLE,-1.1,-2.6,(0, 3, 1, 0),False,2.3,WARN(CAL),0.00,-0.18,True,42.9,
1769844826.280,35.848707,139.792390,WARN,5,3.2,-31.3,9.68,0.12,STABLE,-1.1,-2.6,(1, 3, 1, 0),False,1.3,WARN(CAL),0.00,-0.16,True,44.0,
1769844827.342,35.848700,139.792377,WARN,5,3.2,-31.5,9.82,0.02,STABLE,-1.1,-2.6,(0, 3, 1, 0),False,1.4,WARN(CAL),0.00,-0.18,True,45.1,
1769844828.416,35.848687,139.792373,WARN,5,3.2,-31.7,9.76,0.04,STABLE,-1.1,-2.6,(3, 3, 1, 0),False,1.5,WARN(CAL),0.00,-0.17,True,46.1,
1769844829.478,35.848670,139.792367,NG,3,3.7,-31.7,9.83,0.02,STABLE,-1.1,-2.6,(3, 3, 1, 0),False,1.9,NG(GPS),0.00,-0.19,True,47.2,
1769844830.544,35.848648,139.792370,NG,3,3.7,-31.7,9.75,0.05,STABLE,-1.1,-2.6,(3, 3, 1, 0),False,2.4,NG(GPS),0.00,-0.18,True,48.3,
1769844831.608,35.848652,139.792372,WARN,4,3.3,-32.0,9.77,0.04,STABLE,-1.1,-2.6,(1, 3, 1, 0),False,0.4,WARN(CAL),0.00,-0.17,True,49.3,
1769844832.675,35.848653,139.792367,WARN,4,3.3,-32.2,9.69,0.12,STABLE,-1.1,-2.6,(3, 3, 1, 0),False,0.5,WARN(CAL),0.00,-0.18,True,50.4,
1769844833.703,35.848640,139.792372,WARN,4,3.2,-32.4,9.81,0.00,STABLE,-1.1,-2.6,(2, 3, 1, 0),False,1.5,WARN(CAL),0.00,-0.16,True,51.4,
1769844834.730,35.848620,139.792370,WARN,4,3.2,-32.7,9.80,0.01,STABLE,-1.1,-0.1,(3, 3, 1, 0),False,2.2,WARN(CAL),0.00,-0.19,True,52.4,
1769844835.757,35.848572,139.792372,WARN,4,3.2,-32.9,9.76,0.05,STABLE,-1.1,-2.6,(2, 3, 1, 0),False,5.4,WARN(CAL),0.00,-0.15,True,53.5,
1769844836.782,35.848542,139.792348,NG,3,14.4,-32.7,9.78,0.02,STABLE,-1.1,-2.6,(2, 3, 1, 0),False,3.9,NG(GPS),0.00,-0.17,True,54.5,
1769844837.841,35.848493,139.792330,NG,3,14.4,-32.5,9.77,0.04,STABLE,-1.1,-2.6,(2, 3, 1, 0),False,5.6,NG(GPS),0.00,-0.19,True,55.6,
1769844838.906,35.848283,139.792402,WARN,4,2.1,-32.6,9.79,0.01,STABLE,-1.1,-2.6,(2, 3, 1, 0),False,24.2,WARN(CAL),0.00,-0.18,True,56.6,
1769844839.930,35.848187,139.792432,WARN,4,3.1,-32.7,9.78,0.03,STABLE,-1.1,-2.6,(2, 3, 1, 0),False,11.1,WARN(CAL),0.00,-0.19,True,57.6,
1769844840.958,35.848103,139.792450,WARN,4,2.1,-32.9,9.72,0.08,STABLE,-1.1,-2.6,(2, 3, 1, 0),False,9.4,WARN(CAL),0.00,-0.18,True,58.7,
1769844841.983,35.848097,139.792447,WARN,4,2.1,-33.1,9.71,0.10,STABLE,-1.1,-2.6,(2, 3, 1, 0),False,0.8,WARN(CAL),0.00,-0.18,True,59.7,
1769844843.008,35.848090,139.792453,WARN,4,2.1,-33.3,9.77,0.03,STABLE,-1.1,-2.6,(2, 3, 1, 0),False,1.0,WARN(CAL),0.00,-0.20,True,60.7,
1769844844.078,35.848090,139.792458,WARN,4,2.1,-33.5,9.74,0.07,STABLE,-1.1,-2.6,(2, 3, 1, 0),False,0.5,WARN(CAL),0.00,-0.14,True,61.8,
1769844845.147,35.848102,139.792452,WARN,4,2.1,-33.7,9.76,0.05,STABLE,-1.1,-2.6,(2, 3, 1, 0),False,1.4,WARN(CAL),0.00,-0.18,True,62.9,
1769844846.203,35.848108,139.792440,WARN,4,2.1,-33.9,9.87,0.07,STABLE,-1.6,-7.3,(2, 3, 1, 0),False,1.3,WARN(CAL),0.00,-0.24,True,63.9,
1769844847.269,35.848162,139.792412,WARN,4,2.1,-34.1,9.89,0.08,STABLE,-1.9,-9.8,(2, 3, 1, 0),False,6.5,WARN(CAL),0.00,-0.47,True,65.0,
1769844848.339,35.848180,139.792393,WARN,4,2.1,-34.3,10.00,0.19,STABLE,-1.6,-9.5,(3, 3, 1, 0),False,2.6,WARN(CAL),0.00,-0.48,True,66.1,
1769844849.366,35.848225,139.792380,WARN,4,2.1,-34.6,8.62,1.19,SHAKE,-1.1,-9.0,(2, 3, 1, 0),False,5.1,WARN(CAL),0.00,0.44,False,0.0,STOP_END
1769844850.391,35.848270,139.792380,OK,6,1.8,-34.8,8.17,1.64,SHAKE,-1.4,-9.1,(2, 3, 1, 0),False,5.0,WARN(CAL),0.00,-0.90,True,0.0,STOP_START
1769844851.416,35.848298,139.792378,OK,6,1.8,-35.1,10.60,0.79,SHAKE,-1.0,-9.6,(2, 3, 1, 0),False,3.2,WARN(CAL),0.00,-0.57,True,1.0,
1769844852.439,35.848305,139.792378,OK,6,1.8,-35.3,10.05,0.24,STABLE,-0.4,-9.2,(2, 3, 1, 0),False,0.7,WARN(CAL),0.00,0.07,True,2.0,
1769844853.504,35.848317,139.792377,OK,6,1.8,-35.6,10.21,0.41,STABLE,-0.5,-9.2,(2, 3, 1, 0),False,1.3,WARN(CAL),0.00,1.03,False,0.0,STOP_END
1769844854.568,35.848317,139.792377,OK,6,1.8,-35.6,10.39,0.59,SHAKE,-0.8,-8.8,(0, 3, 1, 0),False,0.0,WARN(CAL),0.00,-0.95,True,0.0,STOP_START
1769844855.591,35.848323,139.792383,OK,6,1.8,-35.8,9.68,0.13,STABLE,-1.0,-8.8,(2, 3, 1, 0),False,1.0,WARN(CAL),0.00,-0.25,True,1.0,
1769844856.618,35.848335,139.792378,OK,6,1.8,-36.0,9.32,0.49,STABLE,-1.4,-8.7,(2, 3, 1, 0),False,1.4,WARN(CAL),0.00,-0.25,True,2.0,
1769844857.643,35.848360,139.792375,OK,6,1.8,-36.1,9.92,0.11,STABLE,-1.1,-9.2,(2, 3, 1, 0),False,2.8,WARN(CAL),0.00,-0.10,True,3.1,
1769844858.668,35.848375,139.792367,OK,7,1.8,-36.1,9.90,0.09,STABLE,-1.0,-8.9,(0, 3, 1, 0),False,1.8,WARN(CAL),0.00,-0.50,True,4.1,
1769844859.741,35.848377,139.792363,OK,7,1.8,-36.0,9.28,0.52,SHAKE,-1.0,-8.6,(2, 3, 1, 0),False,0.4,WARN(CAL),0.00,0.48,False,0.0,STOP_END
1769844860.818,35.848385,139.792370,OK,7,1.8,-36.0,9.95,0.14,STABLE,-0.8,-8.9,(3, 3, 1, 0),False,1.1,WARN(CAL),0.00,0.66,True,0.0,STOP_START
1769844861.841,35.848395,139.792387,OK,7,1.8,-36.1,10.82,1.01,SHAKE,-0.6,-9.0,(3, 3, 1, 0),False,1.9,WARN(CAL),0.00,0.24,True,1.0,
1769844862.866,35.848405,139.792385,OK,7,1.8,-36.2,9.04,0.77,SHAKE,-0.9,-9.0,(2, 3, 1, 0),False,1.1,WARN(CAL),0.00,-0.40,True,2.0,
1769844863.884,35.848408,139.792387,OK,7,1.8,-36.2,12.33,2.52,IMPACT,-0.6,-8.9,(2, 3, 1, 0),False,0.4,WARN(CAL),0.00,-1.86,True,3.1,
1769844864.906,35.848427,139.792398,OK,7,1.8,-36.3,11.56,1.75,SHAKE,-0.3,-8.8,(2, 3, 1, 0),False,2.3,WARN(CAL),0.00,0.32,False,0.0,STOP_END
1769844865.969,35.848455,139.792410,OK,7,1.8,-36.3,8.90,0.90,SHAKE,-0.4,-8.2,(2, 3, 1, 0),False,3.3,WARN(CAL),0.00,-0.24,True,0.0,STOP_START
1769844867.045,35.848480,139.792410,OK,7,1.8,-36.3,9.88,0.07,STABLE,-0.1,-8.4,(2, 3, 1, 0),False,2.8,WARN(CAL),0.00,0.43,False,0.0,STOP_END
1769844868.068,35.848507,139.792415,OK,7,1.8,-36.4,7.97,1.84,SHAKE,0.2,-8.3,(3, 3, 1, 0),False,3.0,WARN(CAL),0.00,0.48,True,0.0,STOP_START
1769844869.093,35.848527,139.792428,OK,7,1.8,-36.5,10.67,0.86,SHAKE,0.2,-8.2,(2, 3, 1, 0),False,2.5,WARN(CAL),0.00,0.54,False,0.0,STOP_END
1769844870.118,35.848547,139.792453,OK,7,1.8,-36.6,10.76,0.96,SHAKE,0.2,-8.3,(2, 3, 1, 0),False,3.2,WARN(CAL),0.00,-0.53,True,0.0,STOP_START
1769844871.143,35.848595,139.792493,OK,6,2.1,-36.6,11.98,2.17,IMPACT,1.0,-6.4,(2, 3, 1, 0),False,6.5,WARN(CAL),0.00,-0.53,True,1.0,
1769844872.209,35.848630,139.792530,WARN,6,3.8,-36.7,10.01,0.21,STABLE,1.1,-7.5,(2, 3, 1, 0),False,5.1,WARN(CAL),0.00,-0.06,True,2.1,
1769844873.271,35.848663,139.792565,OK,5,1.9,-36.7,8.71,1.09,SHAKE,0.7,-7.6,(2, 3, 1, 0),False,4.9,WARN(CAL),0.00,0.16,True,3.2,
1769844874.346,35.848698,139.792613,WARN,5,3.0,-36.8,9.90,0.09,STABLE,0.6,-7.3,(2, 3, 1, 0),False,5.8,WARN(CAL),0.00,-0.35,True,4.2,
1769844875.371,35.848728,139.792660,OK,5,1.9,-36.9,8.49,1.32,SHAKE,0.8,-6.7,(2, 3, 1, 0),False,5.4,WARN(CAL),0.00,0.00,True,5.3,
1769844876.397,35.848762,139.792723,OK,6,1.8,-37.1,8.81,1.00,SHAKE,0.8,-6.6,(2, 3, 1, 0),False,6.8,WARN(CAL),0.00,-0.36,True,6.3,
1769844877.421,35.848785,139.792802,OK,6,2.4,-37.4,9.54,0.27,STABLE,0.9,-5.9,(2, 3, 1, 0),False,7.5,WARN(CAL),0.00,0.09,True,7.3,
1769844878.446,35.848792,139.792853,OK,5,2.2,-37.7,10.76,0.96,SHAKE,1.1,-5.6,(3, 3, 1, 0),False,4.7,WARN(CAL),0.00,0.00,True,8.3,
1769844879.492,35.848787,139.792898,OK,5,2.2,-37.9,10.50,0.69,SHAKE,1.0,-5.5,(3, 3, 1, 0),False,4.1,WARN(CAL),0.00,-0.02,True,9.4,
1769844880.555,35.848797,139.792932,OK,5,2.2,-38.1,9.60,0.21,STABLE,0.8,-5.3,(2, 3, 1, 0),False,3.2,WARN(CAL),0.00,-0.53,True,10.4,
1769844881.630,35.848823,139.792982,WARN,4,2.4,-38.3,10.51,0.70,SHAKE,0.6,-5.4,(2, 3, 1, 0),False,5.4,WARN(CAL),0.00,-0.32,True,11.5,
1769844882.688,35.848837,139.793035,WARN,4,2.4,-38.4,9.15,0.65,SHAKE,0.6,-5.8,(2, 3, 1, 0),False,5.0,WARN(CAL),0.00,-0.37,True,12.6,
1769844883.750,35.848845,139.793083,NG,3,7.3,-38.6,9.86,0.06,STABLE,0.8,-5.8,(2, 3, 1, 0),False,4.5,NG(GPS),0.00,-0.02,True,13.6,
1769844884.826,35.848858,139.793125,NG,3,7.3,-38.7,9.89,0.08,STABLE,0.9,-5.6,(2, 3, 1, 0),False,4.0,NG(GPS),0.00,-0.59,True,14.7,
1769844885.884,35.848867,139.793148,NG,3,7.3,-38.8,9.81,0.01,STABLE,0.8,-5.1,(0, 3, 1, 0),False,2.3,NG(GPS),0.00,0.21,True,15.8,
1769844886.950,35.848870,139.793190,NG,3,7.4,-38.9,9.16,0.64,SHAKE,1.1,-5.1,(0, 3, 1, 0),False,3.8,NG(GPS),0.00,-0.27,True,16.8,
1769844887.977,,,NG,0,,,9.58,0.23,STABLE,0.9,-5.2,(2, 3, 1, 0),False,,NG(GPS),0.00,-0.98,True,17.9,
1769844888.999,,,NG,0,,,10.09,0.28,STABLE,1.1,-5.0,(2, 3, 1, 0),False,,NG(GPS),0.00,-0.49,True,18.9,
1769844890.020,,,NG,0,,,8.15,1.66,SHAKE,1.2,-4.8,(2, 3, 1, 0),False,,NG(GPS),0.00,0.23,True,19.9,
1769844891.044,,,NG,0,,,10.53,0.73,SHAKE,0.7,-13.1,(2, 3, 1, 0),False,,NG(GPS),0.00,0.15,True,20.9,
1769844892.108,,,NG,0,,,9.53,0.28,STABLE,0.7,-4.6,(2, 3, 1, 0),False,,NG(GPS),0.00,-0.38,True,22.0,
1769844893.162,,,NG,0,,,8.48,1.33,SHAKE,1.0,-4.1,(2, 3, 1, 0),False,,NG(GPS),0.00,-0.29,True,23.0,
1769844894.223,,,NG,0,,,8.91,0.89,SHAKE,1.2,-4.3,(0, 3, 1, 0),False,,NG(GPS),0.00,-0.96,True,24.1,
1769844895.251,,,NG,0,,,11.37,1.56,SHAKE,1.1,-4.2,(0, 3, 1, 0),False,,NG(GPS),0.00,-1.13,True,25.1,
1769844896.274,,,NG,0,,,11.38,1.57,SHAKE,1.4,-4.1,(2, 3, 1, 0),False,,NG(GPS),0.00,-0.11,True,26.2,
1769844897.295,,,NG,0,,,11.89,2.08,IMPACT,1.8,-3.7,(2, 3, 1, 0),False,,NG(GPS),0.00,-0.43,True,27.2,
1769844898.317,,,NG,0,,,9.60,0.20,STABLE,1.7,-4.0,(2, 3, 1, 0),False,,NG(GPS),0.00,1.51,False,0.0,STOP_END
1769844899.380,,,NG,0,,,9.15,0.65,SHAKE,1.9,-3.8,(2, 3, 1, 0),False,,NG(GPS),0.00,-0.89,True,0.0,STOP_START
1769844900.425,,,NG,0,,,11.19,1.38,SHAKE,2.1,-3.6,(2, 3, 1, 0),False,,NG(GPS),0.00,-1.17,True,1.0,
1769844901.480,,,NG,0,,,6.68,3.13,IMPACT,2.4,-3.6,(2, 3, 1, 0),False,,NG(GPS),0.00,0.32,False,0.0,STOP_END
1769844902.505,,,NG,0,,,9.25,0.56,SHAKE,2.2,-3.7,(2, 3, 1, 0),False,,NG(GPS),0.00,1.19,True,0.0,STOP_START
1769844903.530,,,NG,0,,,9.06,0.74,SHAKE,2.2,-3.7,(2, 3, 1, 0),False,,NG(GPS),0.00,1.40,False,0.0,STOP_END
1769844904.556,,,NG,0,,,10.15,0.35,STABLE,2.4,-3.4,(0, 3, 1, 0),False,,NG(GPS),0.00,-0.19,True,0.0,STOP_START
1769844905.576,,,NG,0,,,11.23,1.43,SHAKE,2.2,-3.2,(0, 3, 1, 0),False,,NG(GPS),0.00,-0.13,True,1.0,
1769844906.618,,,NG,0,,,8.63,1.18,SHAKE,2.2,-2.9,(2, 3, 1, 0),False,,NG(GPS),0.00,0.64,False,0.0,STOP_END
1769844907.678,,,NG,0,,,9.89,0.08,STABLE,2.1,-2.9,(2, 3, 1, 0),False,,NG(GPS),0.00,-0.44,True,0.0,STOP_START
1769844908.703,,,NG,0,,,9.85,0.04,STABLE,2.2,-2.8,(2, 3, 1, 0),False,,NG(GPS),0.00,-0.74,True,1.0,
1769844909.727,,,NG,0,,,9.65,0.15,STABLE,1.1,-2.7,(2, 3, 1, 0),False,,NG(GPS),0.00,-0.23,True,2.0,
1769844910.748,,,NG,0,,,9.62,0.19,STABLE,-0.3,-2.4,(2, 3, 1, 0),False,,NG(GPS),0.00,-0.18,True,3.1,
1769844911.776,,,NG,0,,,9.76,0.05,STABLE,-0.8,-2.5,(2, 3, 1, 0),False,,NG(GPS),0.00,-0.24,True,4.1,
1769844912.831,,,NG,0,,,9.75,0.06,STABLE,-1.2,-3.1,(0, 3, 1, 0),False,,NG(GPS),0.00,-0.33,True,5.2,
1769844913.894,,,NG,0,,,9.84,0.03,STABLE,-1.6,-4.6,(2, 3, 1, 0),False,,NG(GPS),0.00,-0.32,True,6.2,
1769844914.914,,,NG,0,,,9.77,0.03,STABLE,-1.8,-5.2,(2, 3, 1, 0),False,,NG(GPS),0.00,-0.30,True,7.2,
1769844915.936,,,NG,0,,,9.78,0.02,STABLE,-1.8,-5.2,(2, 3, 1, 0),False,,NG(GPS),0.00,-0.34,True,8.3,
1769844916.960,,,NG,0,,,9.97,0.16,STABLE,-1.8,-5.2,(0, 3, 1, 0),False,,NG(GPS),0.00,-0.31,True,9.3,
1769844917.984,35.849978,139.795368,WARN,5,3.4,-38.7,9.73,0.08,STABLE,-1.8,-5.2,(0, 3, 1, 0),False,,WARN(CAL),0.00,-0.30,True,10.3,
1769844919.045,35.850165,139.795493,WARN,5,3.4,-38.8,9.74,0.07,STABLE,-1.8,-5.1,(2, 3, 1, 0),False,23.6,WARN(CAL),0.00,-0.30,True,11.4,
1769844920.116,35.850240,139.795608,WARN,6,3.3,-38.8,9.59,0.21,STABLE,-1.8,-5.1,(2, 3, 1, 0),False,13.3,WARN(CAL),0.00,-0.33,True,12.4,
1769844921.189,35.850272,139.795760,WARN,6,3.3,-38.9,9.80,0.01,STABLE,-1.8,-5.4,(2, 3, 1, 0),False,14.1,WARN(CAL),0.00,-0.32,True,13.5,
1769844922.216,35.850322,139.795860,WARN,5,3.4,-39.0,9.80,0.01,STABLE,-1.8,-5.4,(2, 3, 1, 0),False,10.6,WARN(CAL),0.00,-0.32,True,14.5,
1769844923.241,35.850015,139.795997,WARN,5,3.4,-38.6,9.79,0.02,STABLE,-1.8,-5.4,(0, 3, 1, 0),False,36.3,WARN(CAL),0.00,-0.32,True,15.6,
1769844924.269,35.849960,139.796113,NG,6,5.7,-38.5,9.76,0.05,STABLE,-1.8,-5.4,(2, 3, 1, 0),False,12.2,NG(GPS),0.00,-0.35,True,16.6,
1769844925.297,35.849903,139.796213,WARN,5,3.5,-38.4,9.77,0.03,STABLE,-1.8,-5.4,(2, 3, 1, 0),False,11.0,WARN(CAL),0.00,-0.34,True,17.6,
1769844926.372,35.849803,139.796317,NG,6,5.7,-38.2,9.76,0.05,STABLE,-1.8,-5.4,(0, 3, 1, 0),False,14.5,NG(GPS),0.00,-0.34,True,18.7,
1769844927.397,35.849772,139.796410,WARN,6,3.3,-38.2,9.76,0.05,STABLE,-1.8,-5.4,(2, 3, 1, 0),False,9.1,WARN(CAL),0.00,-0.34,True,19.7,
1769844928.423,35.849770,139.796483,NG,8,5.1,-38.1,9.76,0.05,STABLE,-1.8,-5.4,(2, 3, 1, 0),False,6.6,NG(GPS),0.00,-0.32,True,20.7,
1769844929.448,35.849777,139.796557,NG,8,5.1,-38.1,317.96,308.16,IMPACT,-1.8,-5.4,(0, 3, 1, 0),False,6.7,NG(GPS),0.00,-0.36,True,21.8,
1769844930.479,35.849775,139.796617,WARN,8,3.1,-38.1,9.80,0.01,STABLE,-1.8,-5.4,(2, 3, 1, 0),False,5.4,WARN(CAL),0.00,-0.32,True,22.8,
1769844931.538,35.849787,139.796672,NG,7,5.7,-38.1,9.79,0.01,STABLE,-1.8,-5.4,(2, 3, 1, 0),False,5.1,NG(GPS),0.00,-0.32,True,23.9,
1769844932.604,35.849797,139.796718,WARN,7,3.2,-38.1,9.75,0.05,STABLE,-1.8,-5.4,(0, 3, 1, 0),False,4.4,WARN(CAL),0.00,-0.31,True,24.9,
1769844933.665,35.849797,139.796757,NG,8,5.1,-38.1,9.79,0.02,STABLE,-1.8,-5.4,(2, 3, 1, 0),False,3.5,NG(GPS),0.00,-0.31,True,26.0,
1769844934.732,35.849778,139.796770,NG,8,5.1,-38.0,9.80,0.01,STABLE,-1.8,-5.4,(2, 3, 1, 0),False,2.4,NG(GPS),0.00,-0.32,True,27.1,
1769844935.760,35.849767,139.796783,WARN,8,3.1,-38.0,9.81,0.01,STABLE,-1.8,-5.4,(2, 3, 1, 0),False,1.8,WARN(CAL),0.00,-0.34,True,28.1,
1769844936.791,35.849730,139.796800,OK,9,1.9,-38.1,9.73,0.08,STABLE,-1.8,-5.4,(2, 3, 1, 0),False,4.3,WARN(CAL),0.00,-0.33,True,29.1,
1769844937.817,35.849698,139.796812,OK,9,1.9,-38.1,9.76,0.05,STABLE,-1.8,-5.4,(2, 3, 1, 0),False,3.7,WARN(CAL),0.00,-0.33,True,30.1,
1769844938.843,35.849690,139.796817,OK,9,1.9,-38.1,9.80,0.01,STABLE,-1.8,-5.4,(2, 3, 1, 0),False,1.0,WARN(CAL),0.00,-0.34,True,31.2,
1769844939.907,35.849675,139.796820,OK,10,1.6,-38.1,9.80,0.01,STABLE,-1.8,-5.4,(2, 3, 1, 0),False,1.7,WARN(CAL),0.00,-0.32,True,32.2,
1769844940.972,35.849657,139.796823,OK,10,1.6,-38.2,9.74,0.07,STABLE,-1.8,-5.4,(2, 3, 1, 0),False,2.1,WARN(CAL),0.00,-0.32,True,33.3,
1769844942.036,35.849685,139.796838,OK,9,2.0,-38.1,9.77,0.03,STABLE,-1.8,-5.4,(2, 3, 1, 0),False,3.4,WARN(CAL),0.00,-0.35,True,34.4,
1769844943.095,35.849677,139.796838,OK,9,2.0,-38.1,9.74,0.07,STABLE,-1.8,-5.4,(2, 3, 1, 0),False,0.9,WARN(CAL),0.00,-0.32,True,35.4,
1769844944.167,35.849670,139.796840,OK,9,2.0,-38.2,9.77,0.04,STABLE,-1.8,-5.4,(2, 3, 1, 0),False,0.8,WARN(CAL),0.00,-0.32,True,36.5,
1769844945.192,35.849670,139.796840,OK,9,2.0,-38.2,9.76,0.05,STABLE,-1.8,-5.4,(2, 3, 1, 0),False,0.0,WARN(CAL),0.00,-0.32,True,37.5,
1769844946.216,35.849682,139.796838,OK,9,2.0,-38.2,9.73,0.08,STABLE,-1.8,-5.4,(2, 3, 1, 0),False,1.3,WARN(CAL),0.00,-0.31,True,38.5,
1769844947.240,35.849682,139.796835,OK,9,2.0,-38.2,9.77,0.04,STABLE,-1.8,-5.4,(2, 3, 1, 0),False,0.3,WARN(CAL),0.00,-0.30,True,39.6,
1769844948.265,35.849677,139.796833,OK,10,1.6,-38.3,9.80,0.01,STABLE,-1.8,-5.4,(2, 3, 1, 0),False,0.6,WARN(CAL),0.00,-0.34,True,40.6,
1769844949.331,35.849667,139.796833,OK,10,1.6,-38.3,9.77,0.04,STABLE,-1.8,-5.4,(2, 3, 1, 0),False,1.1,WARN(CAL),0.00,-0.32,True,41.7,
1769844950.356,35.849658,139.796837,OK,10,1.6,-38.4,9.78,0.03,STABLE,-1.8,-5.4,(2, 3, 1, 0),False,1.0,WARN(CAL),0.00,-0.32,True,42.7,
1769844951.380,35.849657,139.796840,OK,10,1.6,-38.4,9.76,0.04,STABLE,-1.8,-5.4,(2, 3, 1, 0),False,0.4,WARN(CAL),0.00,-0.30,True,43.7,
1769844952.411,35.849648,139.796845,OK,10,1.6,-38.4,9.81,0.01,STABLE,-1.8,-5.4,(2, 3, 1, 0),False,1.0,WARN(CAL),0.00,-0.31,True,44.7,
1769844953.439,35.849647,139.796848,OK,10,1.6,-38.4,9.77,0.04,STABLE,-1.8,-5.4,(2, 3, 1, 0),False,0.4,WARN(CAL),0.00,-0.31,True,45.8,
1769844954.504,35.849648,139.796858,OK,10,1.6,-38.3,9.82,0.01,STABLE,-1.8,-5.4,(2, 3, 1, 0),False,0.9,WARN(CAL),0.00,-0.33,True,46.8,
1769844955.579,35.849667,139.796862,OK,10,1.6,-38.3,9.76,0.05,STABLE,-1.8,-5.4,(2, 3, 1, 0),False,2.1,WARN(CAL),0.00,-0.34,True,47.9,
1769844956.605,35.849660,139.796865,OK,10,1.6,-38.3,9.78,0.03,STABLE,-1.8,-5.4,(2, 3, 1, 0),False,0.8,WARN(CAL),0.00,-0.31,True,48.9,
1769844957.636,35.849677,139.796867,OK,10,1.6,-38.4,9.77,0.04,STABLE,-1.8,-5.4,(2, 3, 1, 0),False,1.9,WARN(CAL),0.00,-0.33,True,50.0,
1769844958.662,35.849682,139.796872,OK,10,1.6,-38.4,9.75,0.06,STABLE,-1.8,-5.4,(3, 3, 1, 0),False,0.7,WARN(CAL),0.00,-0.42,True,51.0,
1769844959.688,35.849683,139.796877,OK,10,1.6,-38.4,9.81,0.00,STABLE,-1.8,-5.5,(2, 3, 1, 0),False,0.5,WARN(CAL),0.00,-0.34,True,52.0,
1769844960.750,35.849678,139.796880,OK,10,1.6,-38.5,9.68,0.12,STABLE,-1.8,-5.5,(1, 3, 1, 0),False,0.6,WARN(CAL),0.00,-0.26,True,53.1,
1769844961.811,35.849695,139.796882,OK,10,1.6,-38.5,9.62,0.18,STABLE,-1.8,-5.5,(2, 3, 1, 0),False,1.9,WARN(CAL),0.00,-0.22,True,54.1,
1769844962.871,35.849712,139.796883,OK,10,1.6,-38.4,10.02,0.21,STABLE,-1.8,-5.5,(3, 3, 1, 0),False,1.9,WARN(CAL),0.00,-0.39,True,55.2,
1769844963.938,35.849725,139.796885,OK,10,1.6,-38.4,9.86,0.05,STABLE,-1.8,-5.5,(0, 3, 1, 0),False,1.5,WARN(CAL),0.00,-0.40,True,56.3,
1769844964.963,35.849732,139.796892,OK,10,1.6,-38.3,9.71,0.09,STABLE,-1.8,-5.5,(0, 3, 1, 0),False,1.0,WARN(CAL),0.00,-0.29,True,57.3,
1769844965.991,35.849737,139.796898,OK,10,1.6,-38.3,9.68,0.13,STABLE,-1.8,-5.5,(2, 3, 1, 0),False,0.8,WARN(CAL),0.00,-0.31,True,58.3,
1769844967.018,35.849728,139.796908,OK,11,1.2,-38.4,9.64,0.17,STABLE,-9.8,-5.5,(2, 3, 1, 0),False,1.3,WARN(CAL),0.00,-0.25,True,59.3,
1769844968.044,35.849725,139.796912,OK,11,1.2,-38.4,10.03,0.22,STABLE,-1.8,-5.5,(3, 3, 1, 0),False,0.5,WARN(CAL),0.00,-0.42,True,60.4,
1769844969.111,35.849723,139.796915,OK,11,1.2,-38.4,9.60,0.20,STABLE,-1.8,-5.4,(3, 3, 1, 0),False,0.4,WARN(CAL),0.00,-0.23,True,61.4,
1769844970.175,35.849735,139.796920,OK,11,1.2,-38.3,9.99,0.18,STABLE,-1.8,-5.4,(1, 3, 1, 0),False,1.4,WARN(CAL),0.00,-0.39,True,62.5,
1769844971.254,35.849732,139.796923,OK,11,1.2,-38.4,9.81,0.01,STABLE,-1.8,-5.5,(3, 3, 1, 0),False,0.5,WARN(CAL),0.00,-0.36,True,63.6,
1769844972.323,35.849730,139.796928,OK,10,1.6,-38.4,9.63,0.18,STABLE,-1.8,-5.4,(2, 3, 1, 0),False,0.5,WARN(CAL),0.00,-0.34,True,64.6,
1769844973.388,35.849740,139.796933,OK,9,1.8,-38.4,9.68,0.13,STABLE,-1.8,-5.5,(2, 3, 1, 0),False,1.2,WARN(CAL),0.00,-0.29,True,65.7,
1769844974.462,35.849742,139.796938,OK,9,1.8,-38.4,9.77,0.04,STABLE,-1.8,-5.5,(2, 3, 1, 0),False,0.5,WARN(CAL),0.00,-0.30,True,66.8,
1769844975.490,35.849747,139.796942,OK,9,1.8,-38.5,9.68,0.13,STABLE,-1.8,-5.5,(2, 3, 1, 0),False,0.6,WARN(CAL),0.00,-0.27,True,67.8,
1769844976.513,35.849743,139.796945,OK,9,1.8,-38.5,9.91,0.10,STABLE,-1.8,-5.5,(2, 3, 1, 0),False,0.5,WARN(CAL),0.00,-0.38,True,68.8,
1769844977.539,35.849748,139.796945,OK,9,1.8,-38.5,10.01,0.21,STABLE,-1.8,-5.5,(1, 3, 1, 0),False,0.6,WARN(CAL),0.00,-0.46,True,69.9,
1769844978.565,35.849750,139.796948,OK,9,1.8,-38.6,9.88,0.07,STABLE,-1.8,-5.5,(2, 3, 1, 0),False,0.4,WARN(CAL),0.00,-0.38,True,70.9,
1769844979.627,35.849750,139.796953,OK,9,1.8,-38.8,9.87,0.06,STABLE,-1.8,-5.5,(0, 3, 1, 0),False,0.5,WARN(CAL),0.00,-0.31,True,71.9,
1769844980.686,35.849743,139.796958,OK,9,1.8,-39.0,9.93,0.12,STABLE,-1.8,-5.5,(3, 3, 1, 0),False,0.9,WARN(CAL),0.00,-0.43,True,73.0,
1769844981.747,35.849743,139.796963,OK,9,1.8,-38.9,9.65,0.15,STABLE,-1.9,-5.5,(3, 3, 1, 0),False,0.5,WARN(CAL),0.00,-0.25,True,74.1,
1769844982.772,35.849738,139.796963,OK,9,1.8,-39.0,9.82,0.01,STABLE,-1.9,-5.6,(3, 3, 1, 0),False,0.6,WARN(CAL),0.00,-0.30,True,75.1,
1769844983.797,35.849740,139.796962,OK,9,1.8,-39.1,9.91,0.11,STABLE,-2.1,-7.2,(2, 3, 1, 0),False,0.2,WARN(CAL),0.00,-0.44,True,76.1,
1769844984.821,35.849740,139.796963,OK,9,1.8,-39.0,10.00,0.19,STABLE,-2.6,-10.8,(2, 3, 1, 0),False,0.2,WARN(CAL),0.00,-0.46,True,77.1,
1769844985.845,35.849740,139.796962,OK,9,1.8,-39.0,10.49,0.68,SHAKE,-2.8,-11.7,(2, 3, 1, 0),False,0.2,WARN(CAL),0.00,-0.52,True,78.2,
1769844986.911,35.849740,139.796960,OK,9,1.8,-38.9,9.31,0.50,STABLE,-2.8,-11.7,(2, 3, 1, 0),False,0.2,WARN(CAL),0.00,-0.06,True,79.2,
1769844987.984,35.849748,139.796957,OK,9,1.8,-38.8,10.26,0.45,STABLE,-2.8,-11.7,(2, 3, 1, 0),False,1.0,WARN(CAL),0.00,0.24,True,80.3,
1769844989.011,35.849737,139.796955,OK,10,1.0,-38.8,7.32,2.48,IMPACT,-2.8,-11.9,(2, 3, 1, 0),False,1.3,WARN(CAL),0.00,-0.88,True,81.3,
1769844990.042,35.849738,139.796955,OK,10,1.0,-38.7,9.87,0.07,STABLE,-2.9,-11.6,(2, 3, 1, 0),False,0.2,WARN(CAL),0.00,-0.62,True,82.4,
1769844991.069,35.849728,139.796955,OK,10,1.0,-38.6,9.75,0.05,STABLE,-2.9,-11.4,(2, 3, 1, 0),False,1.1,WARN(CAL),0.00,-0.78,True,83.4,
1769844992.094,35.849732,139.796952,OK,10,1.0,-38.5,9.90,0.09,STABLE,-3.2,-11.6,(2, 3, 1, 0),False,0.5,WARN(CAL),0.00,0.12,True,84.4,
1769844993.160,35.849728,139.796953,OK,11,0.9,-38.3,8.95,0.86,SHAKE,-3.6,-11.1,(2, 3, 1, 0),False,0.4,WARN(CAL),0.00,-1.37,True,85.5,
1769844994.230,35.849725,139.796960,OK,11,0.9,-38.0,9.22,0.58,SHAKE,-3.8,-10.8,(2, 3, 1, 0),False,0.7,WARN(CAL),0.00,0.15,True,86.6,
1769844995.257,35.849722,139.796963,OK,11,0.9,-37.8,9.21,0.59,SHAKE,-3.4,-12.1,(2, 3, 1, 0),False,0.5,WARN(CAL),0.00,-0.40,True,87.6,
1769844996.285,35.849713,139.796963,OK,11,0.9,-37.7,10.45,0.65,SHAKE,-3.2,-11.3,(2, 3, 1, 0),False,0.9,WARN(CAL),0.00,0.38,False,0.0,STOP_END
1769844997.308,35.849715,139.796963,OK,11,0.9,-37.5,11.28,1.47,SHAKE,-3.1,-11.2,(2, 3, 1, 0),False,0.2,WARN(CAL),0.00,-0.53,True,0.0,STOP_START
1769844998.334,35.849717,139.796968,OK,11,0.9,-37.4,8.49,1.32,SHAKE,-3.5,-10.8,(2, 3, 1, 0),False,0.5,WARN(CAL),0.00,-0.43,True,1.0,
1769844999.408,35.849713,139.796972,OK,11,0.9,-37.2,10.90,1.10,SHAKE,-3.0,-11.1,(2, 3, 1, 0),False,0.5,WARN(CAL),0.00,-0.12,True,2.1,
1769845000.471,35.849702,139.796978,OK,12,0.9,-37.1,9.79,0.02,STABLE,-2.8,-10.9,(2, 3, 1, 0),False,1.4,WARN(CAL),0.00,0.02,True,3.2,
1769845001.527,35.849697,139.796988,OK,12,0.9,-36.7,11.63,1.83,SHAKE,-3.1,-10.4,(2, 3, 1, 0),False,1.1,WARN(CAL),0.00,0.68,False,0.0,STOP_END
1769845002.602,35.849695,139.796992,OK,12,0.9,-36.9,11.57,1.76,SHAKE,-3.4,-10.8,(2, 3, 1, 0),False,0.4,WARN(CAL),0.00,-0.34,True,0.0,STOP_START
1769845003.658,35.849697,139.796995,OK,12,0.9,-36.9,9.28,0.52,SHAKE,-2.9,-10.4,(2, 3, 1, 0),False,0.4,WARN(CAL),0.00,-0.80,True,1.1,
1769845004.733,35.849693,139.796998,OK,12,0.9,-37.0,9.56,0.25,STABLE,-2.7,-10.2,(2, 3, 1, 0),False,0.5,WARN(CAL),0.00,1.74,False,0.0,STOP_END
1769845005.793,35.849697,139.797002,OK,12,1.1,-37.1,9.57,0.23,STABLE,-3.0,-10.7,(0, 3, 1, 0),False,0.5,WARN(CAL),0.00,-0.35,True,0.0,STOP_START
1769845006.866,35.849695,139.797002,OK,12,1.1,-37.3,8.99,0.82,SHAKE,-3.2,-10.3,(0, 3, 1, 0),False,0.2,WARN(CAL),0.00,1.34,False,0.0,STOP_END
1769845007.934,35.849690,139.797002,OK,12,1.1,-37.5,10.10,0.29,STABLE,-2.9,-10.2,(2, 3, 1, 0),False,0.6,WARN(CAL),0.00,0.26,True,0.0,STOP_START
1769845009.005,35.849687,139.797003,OK,12,1.1,-37.7,10.82,1.01,SHAKE,-3.2,-10.2,(2, 3, 1, 0),False,0.4,WARN(CAL),0.00,0.44,False,0.0,STOP_END
1769845010.068,35.849685,139.797002,OK,12,1.1,-37.9,10.57,0.76,SHAKE,-3.5,-10.0,(2, 3, 1, 0),False,0.2,WARN(CAL),0.00,-0.51,True,0.0,STOP_START
1769845011.130,35.849682,139.797000,OK,12,1.1,-38.1,9.88,0.07,STABLE,-3.6,-10.4,(2, 3, 1, 0),False,0.4,WARN(CAL),0.00,-0.63,True,1.1,
1769845012.207,35.849682,139.796995,OK,11,1.2,-38.3,10.09,0.29,STABLE,-3.5,-10.4,(3, 3, 1, 0),False,0.5,WARN(CAL),0.00,-1.06,True,2.1,
1769845013.232,35.849675,139.796998,OK,12,1.1,-38.4,9.84,0.03,STABLE,-3.6,-10.2,(3, 3, 1, 0),False,0.8,WARN(CAL),0.00,-0.89,True,3.2,
1769845014.256,35.849673,139.797005,OK,12,1.1,-38.7,10.34,0.53,SHAKE,-3.7,-10.0,(2, 3, 1, 0),False,0.6,WARN(CAL),0.00,-0.56,True,4.2,
1769845015.288,35.849677,139.797022,OK,12,1.1,-38.9,9.88,0.08,STABLE,-3.8,-9.9,(1, 3, 1, 0),False,1.5,WARN(CAL),0.00,-0.22,True,5.2,
1769845016.318,35.849673,139.797050,OK,12,1.4,-39.0,12.61,2.80,IMPACT,-4.2,-10.3,(2, 3, 1, 0),False,2.6,WARN(CAL),0.00,0.04,True,6.3,
1769845017.385,35.849665,139.797092,OK,13,1.4,-39.1,10.55,0.75,SHAKE,-3.3,-9.6,(2, 3, 1, 0),False,3.9,WARN(CAL),0.00,-0.47,True,7.3,
1769845018.455,35.849655,139.797142,OK,13,1.4,-39.0,10.35,0.55,SHAKE,-3.4,-9.6,(2, 3, 1, 0),False,4.6,WARN(CAL),0.00,-0.71,True,8.4,
1769845019.480,35.849645,139.797198,OK,12,1.4,-38.4,9.70,0.10,STABLE,-3.3,-9.8,(2, 3, 1, 0),False,5.2,WARN(CAL),0.00,-0.26,True,9.4,
1769845020.512,35.849638,139.797262,OK,12,1.9,-38.2,9.07,0.74,SHAKE,-3.2,-9.7,(0, 3, 1, 0),False,5.8,WARN(CAL),0.00,-0.59,True,10.4,
1769845021.542,35.849650,139.797327,OK,10,2.1,-38.2,9.67,0.14,STABLE,-3.4,-9.8,(2, 3, 1, 0),False,6.0,WARN(CAL),0.00,-0.66,True,11.5,
1769845022.571,35.849660,139.797402,OK,10,1.8,-38.4,8.44,1.37,SHAKE,-3.6,-9.8,(2, 3, 1, 0),False,6.9,WARN(CAL),0.00,0.04,True,12.5,
1769845023.638,35.849682,139.797487,OK,9,2.1,-38.7,10.70,0.89,SHAKE,-3.9,-9.8,(2, 3, 1, 0),False,8.0,WARN(CAL),0.00,-0.23,True,13.6,
1769845024.667,35.849718,139.797570,OK,9,1.8,-38.9,10.09,0.28,STABLE,-3.9,-9.7,(3, 3, 1, 0),False,8.5,WARN(CAL),0.00,-0.23,True,14.6,
1769845025.695,35.849740,139.797675,OK,9,2.1,-38.9,9.08,0.73,SHAKE,-3.7,-9.8,(0, 3, 1, 0),False,9.8,WARN(CAL),0.00,-0.50,True,15.6,
1769845026.720,35.849748,139.797797,OK,9,2.0,-38.9,9.10,0.71,SHAKE,-3.7,-9.8,(2, 3, 1, 0),False,11.0,WARN(CAL),0.00,-0.76,True,16.7,
1769845027.746,35.849768,139.797920,OK,10,1.8,-39.0,8.43,1.38,SHAKE,-3.9,-9.9,(0, 3, 1, 0),False,11.3,WARN(CAL),0.00,-0.39,True,17.7,
1769845028.806,35.849807,139.798052,OK,11,1.9,-38.9,10.37,0.57,SHAKE,-4.1,-10.1,(2, 3, 1, 0),False,12.6,WARN(CAL),0.00,0.68,False,0.0,STOP_END
1769845029.876,35.849830,139.798182,OK,9,2.2,-38.9,9.68,0.12,STABLE,-3.9,-10.4,(1, 3, 1, 0),False,12.0,WARN(CAL),0.00,0.54,True,0.0,STOP_START
1769845030.936,35.849838,139.798300,OK,10,1.8,-39.2,9.27,0.53,SHAKE,-3.9,-10.6,(2, 3, 1, 0),False,10.7,WARN(CAL),0.00,-1.62,True,1.1,
1769845032.004,35.849848,139.798418,OK,10,2.1,-39.2,10.43,0.62,SHAKE,-3.9,-10.8,(1, 3, 1, 0),False,10.7,WARN(CAL),0.00,-0.10,True,2.1,
1769845033.034,35.849870,139.798535,OK,10,1.8,-38.7,10.62,0.81,SHAKE,-3.9,-10.4,(2, 3, 1, 0),False,10.8,WARN(CAL),0.00,-0.21,True,3.2,
1769845034.059,35.849865,139.798683,OK,10,2.1,-35.9,9.48,0.33,STABLE,-3.3,-9.3,(2, 3, 1, 0),False,13.4,WARN(CAL),0.00,-0.28,True,4.2,
1769845035.082,35.849887,139.798785,OK,10,2.1,-35.9,10.41,0.61,SHAKE,-2.2,-7.8,(2, 3, 1, 0),False,9.5,WARN(CAL),0.00,0.03,True,5.2,
1769845036.110,35.849922,139.798880,OK,10,1.8,-35.6,9.70,0.11,STABLE,-1.7,-7.1,(3, 3, 1, 0),False,9.4,WARN(CAL),0.00,-0.25,True,6.2,
1769845037.169,35.849937,139.798967,OK,11,1.9,-35.6,9.76,0.05,STABLE,-2.4,-6.5,(3, 3, 1, 0),False,8.0,WARN(CAL),0.00,-0.73,True,7.3,
1769845038.242,35.849942,139.799045,OK,10,2.1,-35.6,9.99,0.19,STABLE,-3.1,-7.2,(1, 3, 1, 0),False,7.1,WARN(CAL),0.00,-0.39,True,8.4,
1769845039.311,35.849967,139.799122,OK,11,1.6,-35.1,10.06,0.25,STABLE,-2.7,-7.8,(2, 3, 1, 0),False,7.4,WARN(CAL),0.00,-0.71,True,9.4,
1769845040.385,35.849988,139.799188,OK,11,1.9,-34.9,8.96,0.84,SHAKE,-1.6,-8.9,(3, 3, 1, 0),False,6.5,WARN(CAL),0.00,-0.37,True,10.5,
1769845041.466,35.849992,139.799242,OK,12,1.8,-34.8,8.21,1.59,SHAKE,-1.5,-7.6,(3, 3, 1, 0),False,4.8,WARN(CAL),0.00,-0.41,True,11.6,
1769845042.493,35.850000,139.799293,OK,11,1.6,-34.6,8.37,1.44,SHAKE,-1.9,-8.0,(2, 3, 1, 0),False,4.7,WARN(CAL),0.00,-0.17,True,12.6,
1769845043.518,35.850000,139.799345,OK,12,1.8,-34.5,9.53,0.28,STABLE,-2.6,-7.6,(0, 3, 1, 0),False,4.7,WARN(CAL),0.00,-0.27,True,13.6,
1769845044.550,35.850013,139.799395,OK,11,1.9,-34.5,8.58,1.23,SHAKE,-3.0,-7.5,(2, 3, 1, 0),False,4.7,WARN(CAL),0.00,-0.44,True,14.7,
1769845045.578,35.850023,139.799442,OK,10,1.6,-34.7,9.83,0.02,STABLE,-3.6,-7.2,(0, 3, 1, 0),False,4.4,WARN(CAL),0.00,0.55,False,0.0,STOP_END
1769845046.637,35.850030,139.799490,OK,11,1.9,-34.6,8.72,1.08,SHAKE,-4.0,-6.8,(2, 3, 1, 0),False,4.4,WARN(CAL),0.00,1.10,True,0.0,STOP_START
1769845047.706,35.850037,139.799537,OK,11,1.9,-34.6,11.59,1.78,SHAKE,-4.5,-6.1,(2, 3, 1, 0),False,4.3,WARN(CAL),0.00,-1.47,True,1.1,
1769845048.777,35.850037,139.799585,OK,11,1.6,-34.6,11.44,1.63,SHAKE,-4.4,-5.8,(0, 3, 1, 0),False,4.4,WARN(CAL),0.00,0.15,True,2.1,
1769845049.806,35.850050,139.799635,OK,11,1.9,-34.6,8.56,1.25,SHAKE,-4.9,-5.2,(2, 3, 1, 0),False,4.7,WARN(CAL),0.00,-1.11,True,3.2,
1769845050.832,35.850050,139.799688,OK,11,1.9,-34.8,13.29,3.49,IMPACT,-5.1,-4.8,(2, 3, 1, 0),False,4.8,WARN(CAL),0.00,-0.53,True,4.2,
1769845051.863,35.850058,139.799740,OK,10,1.9,-35.1,11.11,1.31,SHAKE,-4.9,-4.6,(2, 3, 1, 0),False,4.7,WARN(CAL),0.00,-1.55,True,5.2,
1769845052.890,35.850062,139.799798,OK,10,2.4,-35.2,8.46,1.35,SHAKE,-4.9,-4.8,(2, 3, 1, 0),False,5.3,WARN(CAL),0.00,-1.75,True,6.3,
1769845053.946,35.850063,139.799860,OK,11,2.1,-35.1,10.45,0.65,SHAKE,-5.1,-5.2,(2, 3, 1, 0),False,5.6,WARN(CAL),0.00,0.98,False,0.0,STOP_END
1769845055.020,35.850063,139.799925,OK,11,1.6,-35.2,8.97,0.84,SHAKE,-5.2,-5.1,(2, 3, 1, 0),False,5.9,WARN(CAL),0.00,-1.60,True,0.0,STOP_START
1769845056.048,35.850067,139.799992,OK,11,2.1,-35.2,13.51,3.70,IMPACT,-5.4,-5.2,(2, 3, 1, 0),False,6.0,WARN(CAL),0.00,-1.22,True,1.0,
1769845057.076,35.850078,139.800058,OK,11,2.1,-35.6,9.54,0.26,STABLE,-5.4,-5.9,(2, 3, 1, 0),False,6.1,WARN(CAL),0.00,0.35,False,0.0,STOP_END
1769845058.102,35.850080,139.800125,OK,10,1.8,-35.8,9.59,0.21,STABLE,-5.5,-5.1,(2, 3, 1, 0),False,6.0,WARN(CAL),0.00,-0.47,True,0.0,STOP_START
1769845059.131,35.850092,139.800190,WARN,9,3.6,-35.8,11.35,1.54,SHAKE,-5.5,-5.6,(0, 3, 1, 0),False,6.0,WARN(CAL),0.00,-0.90,True,1.0,
1769845060.203,35.850103,139.800260,OK,11,1.6,-36.2,8.55,1.26,SHAKE,-5.5,-5.6,(2, 3, 1, 0),False,6.4,WARN(CAL),0.00,-0.47,True,2.1,
1769845061.267,35.850118,139.800328,OK,11,2.1,-36.2,9.04,0.76,SHAKE,-5.1,-5.2,(2, 3, 1, 0),False,6.4,WARN(CAL),0.00,0.89,False,0.0,STOP_END
1769845062.331,35.850172,139.800405,OK,11,2.1,-35.9,9.62,0.19,STABLE,-5.2,-4.8,(2, 3, 1, 0),False,9.1,WARN(CAL),0.00,-0.34,True,0.0,STOP_START
1769845063.410,35.850203,139.800492,OK,11,1.6,-35.7,9.24,0.56,SHAKE,-2.6,0.3,(2, 3, 1, 0),False,8.6,WARN(CAL),0.00,-0.15,True,1.1,
1769845064.490,35.850247,139.800572,OK,12,1.8,-35.5,10.20,0.39,STABLE,-2.3,1.8,(2, 3, 1, 0),False,8.7,WARN(CAL),0.00,-0.35,True,2.2,
1769845065.546,35.850282,139.800662,OK,11,1.9,-35.4,9.60,0.21,STABLE,-2.7,2.1,(2, 3, 1, 0),False,9.0,WARN(CAL),0.00,-0.58,True,3.2,
1769845066.619,35.850320,139.800758,OK,12,1.4,-35.1,9.84,0.04,STABLE,-2.9,1.7,(2, 3, 1, 0),False,9.7,WARN(CAL),0.00,-0.67,True,4.3,
1769845067.683,35.850355,139.800853,OK,12,1.8,-35.0,9.68,0.13,STABLE,-3.1,0.6,(2, 3, 1, 0),False,9.4,WARN(CAL),0.00,-0.55,True,5.4,
1769845068.747,35.850385,139.800948,OK,11,1.1,-34.8,10.01,0.21,STABLE,-3.4,-1.1,(2, 3, 1, 0),False,9.2,WARN(CAL),0.00,-0.53,True,6.4,
1769845069.823,35.850425,139.801042,OK,11,1.1,-34.7,9.67,0.14,STABLE,-3.6,-2.2,(2, 3, 1, 0),False,9.5,WARN(CAL),0.00,-0.53,True,7.5,
1769845070.849,35.850452,139.801133,OK,11,1.1,-34.3,9.87,0.07,STABLE,-3.6,-2.2,(3, 3, 1, 0),False,8.8,WARN(CAL),0.00,-0.57,True,8.5,
1769845071.873,35.850497,139.801220,OK,11,1.1,-34.2,9.81,0.01,STABLE,-3.6,-2.2,(2, 3, 1, 0),False,9.3,WARN(CAL),0.00,-0.61,True,9.5,
1769845072.905,35.850543,139.801307,OK,11,1.1,-34.4,9.75,0.06,STABLE,-3.8,-3.4,(2, 3, 1, 0),False,9.4,WARN(CAL),0.00,-0.66,True,10.6,
1769845073.930,35.850562,139.801398,OK,11,1.1,-34.5,9.75,0.06,STABLE,-3.8,-4.1,(2, 3, 1, 0),False,8.5,WARN(CAL),0.00,-0.66,True,11.6,
1769845074.990,35.850588,139.801492,OK,10,1.2,-34.7,9.77,0.04,STABLE,-3.9,-4.3,(3, 3, 1, 0),False,8.9,WARN(CAL),0.00,-0.69,True,12.7,
1769845076.070,35.850650,139.801585,OK,11,1.1,-34.0,9.78,0.02,STABLE,-3.9,-4.3,(3, 3, 1, 0),False,10.9,WARN(CAL),0.00,-0.69,True,13.7,
1769845077.136,35.850707,139.801687,OK,11,1.1,-33.4,9.79,0.02,STABLE,-3.9,-4.3,(3, 3, 1, 0),False,11.1,WARN(CAL),0.00,-0.67,True,14.8,
1769845078.161,35.850757,139.801790,OK,11,1.1,-32.9,317.96,308.16,IMPACT,-3.9,-4.3,(3, 3, 1, 0),False,10.8,WARN(CAL),0.00,-0.70,True,15.8,
1769845079.191,35.850795,139.801895,OK,10,1.2,-32.9,9.85,0.05,STABLE,-3.9,-4.3,(3, 3, 1, 0),False,10.4,WARN(CAL),0.00,-0.69,True,16.9,
1769845080.214,35.850822,139.802000,OK,10,1.2,-32.9,9.78,0.02,STABLE,-3.9,-4.3,(3, 3, 1, 0),False,9.9,WARN(CAL),0.00,-0.68,True,17.9,
1769845081.243,35.850843,139.802105,OK,10,1.2,-33.0,9.77,0.03,STABLE,-3.9,-4.3,(3, 3, 1, 0),False,9.8,WARN(CAL),0.00,-0.66,True,18.9,
1769845082.308,35.850867,139.802220,OK,11,1.1,-33.0,9.75,0.06,STABLE,-3.9,-4.3,(3, 3, 1, 0),False,10.7,WARN(CAL),0.00,-0.68,True,20.0,
1769845083.375,35.850888,139.802342,OK,10,1.4,-32.8,9.82,0.01,STABLE,-3.9,-4.3,(3, 3, 1, 0),False,11.2,WARN(CAL),0.00,-0.68,True,21.0,
1769845084.448,35.850908,139.802462,WARN,9,3.1,-32.4,9.76,0.05,STABLE,-3.9,-4.3,(3, 3, 1, 0),False,11.0,WARN(CAL),0.00,-0.65,True,22.1,
1769845085.471,35.850935,139.802585,OK,10,1.7,-32.2,9.79,0.02,STABLE,-3.9,-4.3,(3, 3, 1, 0),False,11.5,WARN(CAL),0.00,-0.66,True,23.1,
1769845086.498,35.850953,139.802718,OK,10,1.4,-32.0,9.72,0.09,STABLE,-3.9,-4.3,(3, 3, 1, 0),False,12.2,WARN(CAL),0.00,-0.68,True,24.2,
1769845087.530,35.850972,139.802855,OK,10,1.4,-31.7,9.80,0.01,STABLE,-3.9,-4.3,(3, 3, 1, 0),False,12.5,WARN(CAL),0.00,-0.67,True,25.2,
1769845088.561,35.850977,139.802998,WARN,9,3.6,-31.4,9.79,0.02,STABLE,-3.9,-4.3,(3, 3, 1, 0),False,12.9,WARN(CAL),0.00,-0.69,True,26.2,
1769845089.630,35.851000,139.803148,OK,10,1.6,-31.0,9.78,0.03,STABLE,-3.9,-4.3,(3, 3, 1, 0),False,13.8,WARN(CAL),0.00,-0.68,True,27.3,
1769845090.692,35.851025,139.803298,WARN,9,3.1,-31.0,9.79,0.01,STABLE,-3.9,-4.3,(3, 3, 1, 0),False,13.8,WARN(CAL),0.00,-0.69,True,28.4,
1769845091.718,35.851037,139.803445,WARN,9,3.6,-30.9,9.78,0.03,STABLE,-3.9,-4.3,(3, 3, 1, 0),False,13.3,WARN(CAL),0.00,-0.67,True,29.4,
1769845092.747,35.851053,139.803580,WARN,8,3.6,-30.9,9.80,0.01,STABLE,-3.9,-4.3,(3, 3, 1, 0),False,12.3,WARN(CAL),0.00,-0.67,True,30.4,
1769845093.772,35.851077,139.803717,WARN,8,3.2,-30.1,9.76,0.05,STABLE,-3.9,-4.3,(3, 3, 1, 0),False,12.6,WARN(CAL),0.00,-0.69,True,31.4,
1769845094.795,35.851105,139.803837,WARN,9,3.6,-30.2,9.83,0.02,STABLE,-3.9,-4.3,(3, 3, 1, 0),False,11.3,WARN(CAL),0.00,-0.67,True,32.5,
1769845095.858,35.851137,139.803962,NG,6,4.3,-30.1,9.80,0.01,STABLE,-3.9,-4.3,(3, 3, 1, 0),False,11.8,NG(GPS),0.00,-0.68,True,33.5,
1769845096.932,35.851185,139.804072,NG,6,4.3,-30.2,9.78,0.02,STABLE,-3.9,-4.3,(3, 3, 1, 0),False,11.3,NG(GPS),0.00,-0.68,True,34.6,
1769845097.998,35.851238,139.804168,NG,5,4.5,-30.3,9.74,0.07,STABLE,-3.9,-4.3,(3, 3, 1, 0),False,10.5,NG(GPS),0.00,-0.67,True,35.7,
1769845099.062,35.851267,139.804215,NG,6,4.5,-30.5,9.74,0.07,STABLE,-3.9,-4.3,(3, 3, 1, 0),False,5.3,NG(GPS),0.00,-0.66,True,36.7,
1769845100.138,35.851318,139.804275,NG,5,4.6,-30.7,9.85,0.04,STABLE,-3.9,-4.3,(3, 3, 1, 0),False,7.9,NG(GPS),0.00,-0.69,True,37.8,
1769845101.162,35.851310,139.804282,NG,7,4.4,-30.0,9.78,0.02,STABLE,-3.9,-4.3,(3, 3, 1, 0),False,1.1,NG(GPS),0.00,-0.68,True,38.8,
1769845102.193,35.851272,139.804277,NG,7,4.4,-28.3,9.78,0.03,STABLE,-3.9,-4.3,(3, 3, 1, 0),False,4.3,NG(GPS),0.00,-0.67,True,39.9,
1769845103.220,35.851252,139.804287,WARN,7,3.1,-27.9,9.82,0.02,STABLE,-3.9,-4.3,(3, 3, 1, 0),False,2.4,WARN(CAL),0.00,-0.69,True,40.9,
1769845104.247,35.851225,139.804272,WARN,8,3.6,-27.3,9.76,0.05,STABLE,-3.9,-4.3,(3, 3, 1, 0),False,3.3,WARN(CAL),0.00,-0.69,True,41.9,
1769845105.303,35.851213,139.804270,WARN,8,3.1,-26.8,9.83,0.03,STABLE,-3.9,-4.3,(3, 3, 1, 0),False,1.3,WARN(CAL),0.00,-0.70,True,43.0,
1769845106.374,35.851203,139.804272,WARN,8,3.1,-26.9,9.82,0.02,STABLE,-3.9,-4.3,(3, 3, 1, 0),False,1.1,WARN(CAL),0.00,-0.70,True,44.0,
1769845107.449,35.851202,139.804272,WARN,8,3.1,-26.9,9.76,0.05,STABLE,-3.9,-4.3,(3, 3, 1, 0),False,0.2,WARN(CAL),0.00,-0.66,True,45.1,
1769845108.513,35.851195,139.804268,WARN,8,3.1,-26.9,9.76,0.04,STABLE,-3.9,-4.3,(3, 3, 1, 0),False,0.8,WARN(CAL),0.00,-0.67,True,46.2,
1769845109.578,35.851197,139.804268,WARN,8,3.1,-26.8,9.78,0.02,STABLE,-3.9,-4.3,(3, 3, 1, 0),False,0.2,WARN(CAL),0.00,-0.68,True,47.2,
1769845110.604,35.851193,139.804268,WARN,8,3.1,-26.8,9.81,0.00,STABLE,-3.9,-4.3,(3, 3, 1, 0),False,0.4,WARN(CAL),0.00,-0.67,True,48.3,
1769845111.628,35.851170,139.804270,WARN,8,3.1,-26.5,9.75,0.06,STABLE,-3.9,-4.3,(2, 3, 1, 0),False,2.6,WARN(CAL),0.00,-0.66,True,49.3,
1769845112.656,35.851185,139.804273,WARN,8,3.1,-26.3,9.79,0.02,STABLE,-3.9,-4.3,(2, 3, 1, 0),False,1.7,WARN(CAL),0.00,-0.68,True,50.3,
1769845113.686,35.851203,139.804275,WARN,8,3.1,-26.1,9.75,0.05,STABLE,-3.9,-4.3,(2, 3, 1, 0),False,2.0,WARN(CAL),0.00,-0.67,True,51.4,
1769845114.753,35.851200,139.804270,WARN,8,3.1,-25.9,9.80,0.01,STABLE,-3.9,-4.3,(2, 3, 1, 0),False,0.6,WARN(CAL),0.00,-0.68,True,52.4,
1769845115.825,35.851190,139.804270,WARN,9,3.1,-25.7,9.75,0.06,STABLE,-3.9,-4.3,(2, 3, 1, 0),False,1.1,WARN(CAL),0.00,-0.66,True,53.5,
1769845116.853,35.851195,139.804272,WARN,9,3.1,-25.4,9.74,0.07,STABLE,-3.9,-4.3,(2, 3, 1, 0),False,0.6,WARN(CAL),0.00,-0.66,True,54.5,
1769845117.877,35.851185,139.804268,WARN,9,3.1,-25.2,9.80,0.00,STABLE,-3.9,-4.3,(2, 3, 1, 0),False,1.2,WARN(CAL),0.00,-0.68,True,55.5,
1769845118.901,35.851168,139.804263,WARN,9,3.1,-25.0,9.78,0.03,STABLE,-3.9,-4.3,(2, 3, 1, 0),False,1.9,WARN(CAL),0.00,-0.67,True,56.6,
1769845119.928,35.851163,139.804260,WARN,9,3.1,-24.8,9.75,0.05,STABLE,-3.9,-4.3,(2, 3, 1, 0),False,0.6,WARN(CAL),0.00,-0.69,True,57.6,
1769845120.981,35.851153,139.804258,WARN,9,3.1,-24.7,9.76,0.05,STABLE,-3.9,-4.3,(2, 3, 1, 0),False,1.1,WARN(CAL),0.00,-0.66,True,58.6,
1769845122.044,35.851143,139.804257,WARN,8,3.1,-24.7,9.83,0.03,STABLE,-3.9,-4.3,(3, 3, 1, 0),False,1.1,WARN(CAL),0.00,-0.70,True,59.7,
1769845123.118,35.851133,139.804255,WARN,9,3.1,-24.6,9.78,0.02,STABLE,-3.9,-4.3,(3, 3, 1, 0),False,1.1,WARN(CAL),0.00,-0.69,True,60.8,
1769845124.143,35.851125,139.804255,WARN,9,3.1,-24.5,9.80,0.01,STABLE,-3.9,-4.3,(3, 3, 1, 0),False,0.9,WARN(CAL),0.00,-0.70,True,61.8,
1769845125.168,35.851120,139.804253,OK,10,1.8,-24.4,9.79,0.02,STABLE,-3.9,-4.3,(3, 3, 1, 0),False,0.6,WARN(CAL),0.00,-0.66,True,62.8,
1769845126.192,35.851127,139.804250,WARN,9,3.1,-24.3,9.80,0.00,STABLE,-3.9,-4.3,(3, 3, 1, 0),False,0.8,WARN(CAL),0.00,-0.67,True,63.9,
1769845127.216,35.851135,139.804248,WARN,9,3.1,-24.1,9.76,0.04,STABLE,-3.9,-4.3,(3, 3, 1, 0),False,0.9,WARN(CAL),0.00,-0.68,True,64.9,
1769845128.272,35.851137,139.804250,WARN,9,3.1,-24.0,10.00,0.19,STABLE,-3.9,-4.4,(3, 3, 1, 0),False,0.2,WARN(CAL),0.00,-0.75,True,65.9,
1769845129.347,35.851122,139.804247,WARN,9,3.1,-23.9,8.56,1.24,SHAKE,-3.9,-4.6,(3, 3, 1, 0),False,1.7,WARN(CAL),0.00,-0.74,True,67.0,
1769845130.373,35.851123,139.804245,WARN,9,3.1,-23.7,9.69,0.11,STABLE,-3.9,-4.6,(3, 3, 1, 0),False,0.2,WARN(CAL),0.00,-0.65,True,68.0,
1769845131.400,35.851127,139.804240,WARN,9,3.1,-23.4,9.67,0.13,STABLE,-3.9,-4.6,(3, 3, 1, 0),False,0.6,WARN(CAL),0.00,-0.62,True,69.1,
1769845132.429,35.851132,139.804240,WARN,9,3.1,-23.3,9.74,0.07,STABLE,-3.9,-4.6,(3, 3, 1, 0),False,0.6,WARN(CAL),0.00,-0.63,True,70.1,
1769845133.448,35.851130,139.804240,WARN,9,3.1,-23.2,9.89,0.09,STABLE,-3.9,-4.6,(3, 3, 1, 0),False,0.2,WARN(CAL),0.00,-0.73,True,71.1,
1769845134.518,35.851125,139.804240,WARN,9,3.1,-23.1,9.96,0.15,STABLE,-4.2,-7.7,(3, 3, 1, 0),False,0.6,WARN(CAL),0.00,-0.93,True,72.2,
1769845135.585,35.851118,139.804238,WARN,9,3.1,-23.0,10.05,0.25,STABLE,-4.7,-11.2,(3, 3, 1, 0),False,0.8,WARN(CAL),0.00,-0.90,True,73.3,
1769845136.648,35.851117,139.804237,WARN,9,3.1,-22.9,10.66,0.86,SHAKE,-4.9,-12.5,(3, 3, 1, 0),False,0.2,WARN(CAL),0.00,-1.05,True,74.3,
1769845137.719,35.851122,139.804237,WARN,9,3.1,-22.8,10.05,0.25,STABLE,-4.8,-12.7,(3, 3, 1, 0),False,0.6,WARN(CAL),0.00,-1.08,True,75.4,
1769845138.797,35.851132,139.804237,WARN,9,3.1,-22.7,9.98,0.17,STABLE,-4.6,-12.7,(2, 3, 1, 0),False,1.1,WARN(CAL),0.00,-0.82,True,76.5,
1769845139.822,35.851143,139.804237,WARN,9,3.1,-22.5,9.45,0.35,STABLE,-4.4,-12.6,(2, 3, 1, 0),False,1.3,WARN(CAL),0.00,-0.32,True,77.5,
1769845140.848,35.851143,139.804235,WARN,9,3.1,-22.5,9.94,0.13,STABLE,-4.3,-12.0,(0, 3, 1, 0),False,0.2,WARN(CAL),0.00,-0.87,True,78.5,
1769845141.876,35.851148,139.804235,WARN,9,3.1,-22.4,10.24,0.43,STABLE,-4.6,-11.8,(3, 3, 1, 0),False,0.6,WARN(CAL),0.00,-0.72,True,79.5,
1769845142.906,35.851142,139.804233,WARN,9,3.1,-22.3,9.89,0.08,STABLE,-4.8,-11.8,(2, 3, 1, 0),False,0.8,WARN(CAL),0.00,-0.50,True,80.6,
1769845143.970,35.851143,139.804233,WARN,9,3.1,-22.3,8.11,1.69,SHAKE,-3.9,-11.8,(2, 3, 1, 0),False,0.2,WARN(CAL),0.00,-0.50,True,81.6,
1769845145.046,35.851132,139.804230,WARN,9,3.1,-22.3,9.27,0.54,SHAKE,-5.2,-11.8,(2, 3, 1, 0),False,1.3,WARN(CAL),0.00,-0.65,True,82.7,
1769845146.120,35.851145,139.804228,WARN,9,3.1,-22.2,7.40,2.40,IMPACT,-4.7,-12.0,(0, 3, 1, 0),False,1.5,WARN(CAL),0.00,-1.19,True,83.8,
1769845147.147,35.851147,139.804227,WARN,9,3.1,-22.1,10.08,0.27,STABLE,-4.7,-11.8,(2, 3, 1, 0),False,0.2,WARN(CAL),0.00,-2.30,True,84.8,
1769845148.172,35.851153,139.804227,OK,10,1.4,-22.0,10.36,0.56,SHAKE,-5.2,-11.3,(0, 3, 1, 0),False,0.7,WARN(CAL),0.00,-1.69,True,85.8,
1769845149.198,35.851162,139.804228,OK,10,1.4,-21.9,10.39,0.58,SHAKE,-5.0,-11.6,(3, 3, 1, 0),False,0.9,WARN(CAL),0.00,-0.23,True,86.9,
1769845150.222,35.851173,139.804228,OK,10,1.4,-21.7,10.51,0.70,SHAKE,-5.0,-11.4,(2, 3, 1, 0),False,1.3,WARN(CAL),0.00,-0.71,True,87.9,
1769845151.282,35.851178,139.804228,OK,10,1.4,-21.6,10.11,0.30,STABLE,-5.8,-11.2,(2, 3, 1, 0),False,0.6,WARN(CAL),0.00,-0.39,True,89.0,
1769845152.337,35.851187,139.804228,OK,10,1.4,-21.5,10.58,0.78,SHAKE,-4.4,-11.4,(2, 3, 1, 0),False,0.9,WARN(CAL),0.00,-0.76,True,90.0,
1769845153.411,35.851188,139.804227,OK,10,1.4,-21.4,9.30,0.51,SHAKE,-4.9,-11.1,(2, 3, 1, 0),False,0.2,WARN(CAL),0.00,0.15,True,91.1,
1769845154.475,35.851205,139.804228,OK,11,1.1,-21.2,8.71,1.10,SHAKE,-5.8,-11.6,(0, 3, 1, 0),False,1.9,WARN(CAL),0.00,-0.49,True,92.1,
1769845155.542,35.851212,139.804228,OK,11,1.1,-21.0,11.20,1.40,SHAKE,-5.2,-11.2,(2, 3, 1, 0),False,0.7,WARN(CAL),0.00,-1.44,True,93.2,
1769845156.610,35.851228,139.804228,OK,11,1.1,-20.8,9.64,0.16,STABLE,-5.7,-10.9,(2, 3, 1, 0),False,1.9,WARN(CAL),0.00,-0.87,True,94.3,
1769845157.680,35.851235,139.804228,OK,10,1.4,-20.7,9.03,0.78,SHAKE,-5.2,-10.5,(2, 3, 1, 0),False,0.7,WARN(CAL),0.00,-0.90,True,95.3,
1769845158.753,35.851238,139.804228,WARN,9,3.1,-20.5,9.19,0.62,SHAKE,-5.6,-10.2,(2, 3, 1, 0),False,0.4,WARN(CAL),0.00,-0.75,True,96.4,
1769845159.779,35.851250,139.804227,OK,11,1.3,-20.4,10.45,0.64,SHAKE,-5.3,-10.5,(2, 3, 1, 0),False,1.3,WARN(CAL),0.00,0.03,True,97.4,
1769845160.804,35.851267,139.804227,OK,11,1.3,-20.2,11.58,1.77,SHAKE,-5.3,-10.4,(2, 3, 1, 0),False,1.9,WARN(CAL),0.00,-0.58,True,98.5,
1769845161.827,35.851267,139.804227,OK,10,1.4,-20.0,9.15,0.65,SHAKE,-5.1,-10.2,(3, 3, 1, 0),False,0.0,WARN(CAL),0.00,-1.19,True,99.5,
1769845162.853,35.851267,139.804228,WARN,9,3.1,-19.9,9.08,0.73,SHAKE,-5.4,-10.4,(2, 3, 1, 0),False,0.2,WARN(CAL),0.00,-1.01,True,100.5,
1769845163.915,35.851275,139.804228,WARN,9,3.1,-19.8,13.02,3.22,IMPACT,-5.2,-10.4,(2, 3, 1, 0),False,0.9,WARN(CAL),0.00,-0.18,True,101.6,
1769845164.981,35.851277,139.804228,WARN,9,3.1,-19.7,11.73,1.92,SHAKE,-5.0,-9.9,(2, 3, 1, 0),False,0.2,WARN(CAL),0.00,-1.16,True,102.7,
1769845166.045,35.851300,139.804232,OK,10,1.9,-19.5,10.64,0.84,SHAKE,-5.0,-10.1,(2, 3, 1, 0),False,2.6,WARN(CAL),0.00,-0.29,True,103.7,
1769845167.070,35.851315,139.804230,OK,10,1.9,-19.4,9.72,0.08,STABLE,-4.8,-7.9,(2, 3, 1, 0),False,1.7,WARN(CAL),0.00,-0.68,True,104.7,
1769845168.096,35.851320,139.804227,OK,10,1.9,-19.2,9.90,0.09,STABLE,-4.5,-6.9,(2, 3, 1, 0),False,0.6,WARN(CAL),0.00,-0.05,True,105.8,
1769845169.119,35.851318,139.804227,OK,10,1.9,-19.1,9.57,0.24,STABLE,-3.9,-3.8,(0, 3, 1, 0),False,0.2,WARN(CAL),0.00,-0.63,True,106.8,
1769845170.146,35.851327,139.804228,OK,10,1.9,-18.9,10.09,0.28,STABLE,-3.1,-1.1,(2, 3, 1, 0),False,0.9,WARN(CAL),0.00,-0.22,True,107.8,
1769845171.210,35.851343,139.804238,OK,10,1.9,-18.6,9.69,0.12,STABLE,-2.8,-0.1,(2, 3, 1, 0),False,2.1,WARN(CAL),0.00,-0.35,True,108.9,
1769845172.270,35.851388,139.804263,OK,10,1.9,-18.2,10.09,0.29,STABLE,-2.6,0.1,(0, 3, 1, 0),False,5.5,WARN(CAL),0.00,-0.49,True,109.9,
1769845173.332,35.851442,139.804292,OK,10,2.4,-17.5,9.79,0.02,STABLE,-2.6,0.8,(2, 3, 1, 0),False,6.5,WARN(CAL),0.00,-0.36,True,111.0,
1769845174.402,35.851473,139.804343,OK,10,2.4,-17.3,9.74,0.06,STABLE,-2.6,0.6,(2, 3, 1, 0),False,5.8,WARN(CAL),0.00,-0.46,True,112.1,
1769845175.467,35.851508,139.804407,OK,10,2.4,-17.2,9.77,0.04,STABLE,-3.1,-3.0,(2, 3, 1, 0),False,6.9,WARN(CAL),0.00,-0.58,True,113.1,
1769845176.541,35.851523,139.804480,WARN,9,3.6,-17.2,9.72,0.09,STABLE,-3.2,-3.8,(2, 3, 1, 0),False,6.8,WARN(CAL),0.00,-0.57,True,114.2,
1769845177.607,35.851530,139.804572,WARN,9,3.1,-17.2,9.78,0.02,STABLE,-3.3,-4.0,(2, 3, 1, 0),False,8.3,WARN(CAL),0.00,-0.57,True,115.3,
1769845178.670,35.851540,139.804673,WARN,9,3.6,-17.1,9.76,0.05,STABLE,-3.3,-4.0,(2, 3, 1, 0),False,9.2,WARN(CAL),0.00,-0.58,True,116.3,
1769845179.745,35.851572,139.804785,OK,10,2.4,-17.0,9.79,0.02,STABLE,-3.3,-4.0,(2, 3, 1, 0),False,10.7,WARN(CAL),0.00,-0.57,True,117.4,
1769845180.770,35.851590,139.804900,OK,10,1.9,-16.9,9.79,0.02,STABLE,-3.3,-4.0,(2, 3, 1, 0),False,10.6,WARN(CAL),0.00,-0.58,True,118.4,
1769845181.795,35.851605,139.805012,OK,10,2.4,-16.9,9.74,0.07,STABLE,-3.3,-4.0,(2, 3, 1, 0),False,10.2,WARN(CAL),0.00,-0.57,True,119.5,
1769845182.820,35.851620,139.805118,OK,10,2.4,-16.7,9.72,0.09,STABLE,-3.3,-4.0,(2, 3, 1, 0),False,9.8,WARN(CAL),0.00,-0.58,True,120.5,
1769845183.844,35.851668,139.805257,OK,10,1.9,-16.2,9.81,0.01,STABLE,-3.3,-4.0,(2, 3, 1, 0),False,13.6,WARN(CAL),0.00,-0.58,True,121.5,
1769845184.917,35.851665,139.805435,WARN,9,3.6,-17.9,9.79,0.02,STABLE,-3.3,-4.0,(2, 3, 1, 0),False,16.1,WARN(CAL),0.00,-0.59,True,122.6,
1769845185.980,35.851672,139.805582,WARN,8,3.1,-18.0,9.75,0.06,STABLE,-3.3,-4.0,(2, 3, 1, 0),False,13.2,WARN(CAL),0.00,-0.56,True,123.6,
1769845187.047,35.851673,139.805725,NG,8,4.5,-18.1,9.73,0.07,STABLE,-3.3,-4.0,(2, 3, 1, 0),False,12.9,NG(GPS),0.00,-0.59,True,124.7,
1769845188.113,35.851672,139.805875,NG,8,4.5,-18.0,9.74,0.07,STABLE,-3.3,-4.0,(2, 3, 1, 0),False,13.5,NG(GPS),0.00,-0.57,True,125.8,
1769845189.187,35.851677,139.806017,WARN,8,3.1,-17.9,9.77,0.03,STABLE,-3.3,-4.0,(3, 3, 1, 0),False,12.8,WARN(CAL),0.00,-0.58,True,126.9,
1769845190.244,35.851687,139.806167,NG,6,9.0,-18.1,9.79,0.02,STABLE,-3.3,-4.0,(3, 3, 1, 0),False,13.6,NG(GPS),0.00,-0.57,True,127.9,
1769845191.304,35.851702,139.806317,NG,4,11.4,-18.2,9.81,0.00,STABLE,-3.3,-4.0,(1, 3, 1, 0),False,13.6,NG(GPS),0.00,-0.58,True,129.0,
1769845192.372,35.851717,139.806465,NG,3,6.6,-18.3,9.78,0.03,STABLE,-3.3,-4.0,(3, 3, 1, 0),False,13.5,NG(GPS),0.00,-0.59,True,130.0,
1769845193.444,35.851722,139.806602,NG,4,6.3,-18.4,9.77,0.04,STABLE,-3.3,-4.0,(1, 3, 1, 0),False,12.3,NG(GPS),0.00,-0.56,True,131.1,
1769845194.507,35.851720,139.806723,NG,4,6.3,-18.3,9.80,0.01,STABLE,-3.3,-4.0,(2, 3, 1, 0),False,11.0,NG(GPS),0.00,-0.57,True,132.2,
1769845195.573,35.851732,139.806863,NG,1,100.0,-18.4,9.79,0.02,STABLE,-3.3,-4.0,(2, 3, 1, 0),False,12.7,NG(GPS),0.00,-0.57,True,133.2,
1769845196.603,,,NG,0,,,9.79,0.02,STABLE,-3.3,-4.0,(2, 3, 1, 0),False,,NG(GPS),0.00,-0.57,True,134.3,
1769845197.626,35.851792,139.807037,NG,3,12.1,-18.4,9.81,0.00,STABLE,-3.3,-4.0,(2, 3, 1, 0),False,,NG(GPS),0.00,-0.57,True,135.3,
1769845198.655,35.851855,139.807065,NG,3,53.7,-18.4,9.71,0.09,STABLE,-3.3,-4.0,(2, 3, 1, 0),False,7.5,NG(GPS),0.00,-0.59,True,136.3,
1769845199.681,35.851922,139.807037,NG,4,11.7,-18.4,9.78,0.03,STABLE,-3.3,-4.0,(2, 3, 1, 0),False,7.8,NG(GPS),0.00,-0.58,True,137.4,
1769845200.750,35.851937,139.807120,NG,5,5.7,-18.4,9.80,0.01,STABLE,-3.3,-4.0,(2, 3, 1, 0),False,7.7,NG(GPS),0.00,-0.58,True,138.4,
1769845201.780,35.851975,139.807175,NG,5,5.7,-18.5,9.79,0.02,STABLE,-3.3,-4.0,(2, 3, 1, 0),False,6.5,NG(GPS),0.00,-0.57,True,139.4,
1769845202.804,35.851993,139.807245,NG,3,8.5,-18.5,9.79,0.02,STABLE,-3.3,-4.0,(2, 3, 1, 0),False,6.6,NG(GPS),0.00,-0.57,True,140.5,
1769845203.828,35.851985,139.807407,NG,3,8.5,-18.5,9.82,0.01,STABLE,-3.3,-4.0,(2, 3, 1, 0),False,14.6,NG(GPS),0.00,-0.57,True,141.5,
1769845204.856,35.852017,139.807518,NG,2,100.0,-18.6,9.78,0.03,STABLE,-3.3,-4.0,(2, 3, 1, 0),False,10.7,NG(GPS),0.00,-0.59,True,142.5,
1769845205.919,,,NG,0,,,9.82,0.01,STABLE,-3.3,-4.0,(2, 3, 1, 0),False,,NG(GPS),0.00,-0.59,True,143.6,
1769845206.984,,,NG,0,,,9.75,0.06,STABLE,-3.3,-4.0,(2, 3, 1, 0),False,,NG(GPS),0.00,-0.59,True,144.7,
1769845208.045,,,NG,0,,,9.76,0.05,STABLE,-3.3,-4.0,(2, 3, 1, 0),False,,NG(GPS),0.00,-0.58,True,145.7,
1769845209.110,,,NG,0,,,9.80,0.01,STABLE,-3.3,-4.0,(2, 3, 1, 0),False,,NG(GPS),0.00,-0.58,True,146.8,
1769845210.174,35.852155,139.807650,NG,3,24.1,-18.6,9.76,0.04,STABLE,-3.3,-4.0,(2, 3, 1, 0),False,,NG(GPS),0.00,-0.62,True,147.8,
1769845211.230,35.852117,139.807768,NG,4,6.3,-18.6,9.76,0.05,STABLE,-3.3,-4.0,(2, 3, 1, 0),False,11.5,NG(GPS),0.00,-0.57,True,148.9,
1769845212.305,35.851920,139.807948,NG,5,5.4,-18.8,9.77,0.04,STABLE,-3.3,-4.0,(2, 3, 1, 0),False,27.2,NG(GPS),0.00,-0.57,True,150.0,
1769845213.330,35.851887,139.808068,NG,5,5.4,-19.0,9.78,0.03,STABLE,-3.3,-4.0,(2, 3, 1, 0),False,11.4,NG(GPS),0.00,-0.58,True,151.0,
1769845214.355,35.851668,139.808222,NG,6,5.1,-18.9,9.75,0.05,STABLE,-3.3,-4.0,(1, 3, 1, 0),False,27.9,NG(GPS),0.00,-0.59,True,152.0,
1769845215.381,35.851650,139.808257,WARN,7,3.2,-18.7,9.75,0.06,STABLE,-3.3,-4.0,(3, 3, 1, 0),False,3.8,WARN(CAL),0.00,-0.56,True,153.1,
1769845216.405,35.851678,139.808262,WARN,8,3.1,-18.7,9.76,0.05,STABLE,-3.3,-4.0,(3, 3, 1, 0),False,3.2,WARN(CAL),0.00,-0.60,True,154.1,
1769845217.467,35.851647,139.808268,WARN,8,3.1,-18.7,9.79,0.02,STABLE,-3.3,-4.0,(1, 3, 1, 0),False,3.6,WARN(CAL),0.00,-0.59,True,155.1,
1769845218.537,35.851677,139.808282,WARN,8,3.1,-18.7,9.76,0.05,STABLE,-3.3,-4.0,(1, 3, 1, 0),False,3.5,WARN(CAL),0.00,-0.57,True,156.2,
1769845219.610,35.851708,139.808290,WARN,9,3.1,-18.6,9.80,0.01,STABLE,-3.4,-5.2,(3, 3, 1, 0),False,3.6,WARN(CAL),0.00,-0.67,True,157.3,
1769845220.670,35.851728,139.808298,WARN,9,3.1,-18.6,9.86,0.06,STABLE,-3.9,-9.1,(2, 3, 1, 0),False,2.3,WARN(CAL),0.00,-0.66,True,158.3,
1769845221.744,35.851723,139.808300,WARN,9,3.1,-18.6,9.82,0.01,STABLE,-4.2,-10.6,(0, 3, 1, 0),False,0.6,WARN(CAL),0.00,-0.70,True,159.4,
1769845222.804,35.851697,139.808305,OK,9,1.8,-18.6,9.78,0.03,STABLE,-4.3,-12.1,(2, 3, 1, 0),False,3.0,WARN(CAL),0.00,-0.80,True,160.5,
1769845223.869,35.851672,139.808308,OK,9,1.8,-18.6,9.64,0.17,STABLE,-4.1,-12.4,(3, 3, 1, 0),False,2.8,WARN(CAL),0.00,-0.56,True,161.5,
1769845224.936,35.851640,139.808312,OK,9,1.8,-18.6,9.86,0.05,STABLE,-4.0,-12.4,(2, 3, 1, 0),False,3.5,WARN(CAL),0.00,-0.30,True,162.6,
1769845226.004,35.851623,139.808315,OK,9,1.8,-18.6,9.88,0.08,STABLE,-3.9,-12.8,(0, 3, 1, 0),False,1.9,WARN(CAL),0.00,-0.49,True,163.7,
1769845227.071,35.851622,139.808317,OK,9,1.8,-18.5,8.97,0.84,SHAKE,-4.2,-11.9,(2, 3, 1, 0),False,0.2,WARN(CAL),0.00,-0.07,True,164.7,
1769845228.091,35.851608,139.808317,OK,9,1.8,-18.5,10.67,0.86,SHAKE,-4.2,-11.8,(2, 3, 1, 0),False,1.5,WARN(CAL),0.00,-0.61,True,165.8,
1769845229.117,35.851590,139.808315,OK,9,1.8,-18.5,9.50,0.31,STABLE,-3.6,-11.4,(2, 3, 1, 0),False,2.0,WARN(CAL),0.00,-0.76,True,166.8,
1769845230.141,35.851580,139.808317,OK,9,1.8,-18.5,10.01,0.21,STABLE,-3.7,-11.2,(2, 3, 1, 0),False,1.1,WARN(CAL),0.00,-1.27,True,167.8,
1769845231.167,35.851602,139.808315,OK,9,1.8,-18.6,8.99,0.82,SHAKE,-3.5,-11.1,(3, 3, 1, 0),False,2.4,WARN(CAL),0.00,-0.38,True,168.8,
1769845232.247,35.851595,139.808315,OK,9,1.8,-18.6,10.79,0.98,SHAKE,-3.8,-9.6,(2, 3, 1, 0),False,0.7,WARN(CAL),0.00,-0.93,True,169.9,
1769845233.273,35.851610,139.808313,OK,10,1.3,-18.6,9.60,0.21,STABLE,-4.5,-8.2,(0, 3, 1, 0),False,1.7,WARN(CAL),0.00,-0.75,True,170.9,
1769845234.300,35.851615,139.808313,OK,10,1.3,-18.6,10.11,0.30,STABLE,-4.0,-0.1,(2, 3, 1, 0),False,0.6,WARN(CAL),0.00,-0.24,True,172.0,
1769845235.331,35.851627,139.808312,OK,10,1.3,-18.6,9.28,0.53,SHAKE,-4.4,-7.9,(2, 3, 1, 0),False,1.3,WARN(CAL),0.00,-1.58,True,173.0,
1769845236.357,35.851640,139.808310,OK,11,1.3,-18.6,10.50,0.69,SHAKE,-4.1,-7.8,(2, 3, 1, 0),False,1.5,WARN(CAL),0.00,0.16,True,174.0,
1769845237.421,35.851643,139.808310,OK,11,1.3,-18.6,8.50,1.31,SHAKE,-4.1,-7.6,(2, 3, 1, 0),False,0.4,WARN(CAL),0.00,-0.97,True,175.1,
1769845238.494,35.851645,139.808313,OK,10,1.3,-18.6,9.61,0.20,STABLE,-4.6,-7.3,(0, 3, 1, 0),False,0.4,WARN(CAL),0.00,0.09,True,176.2,
1769845239.567,35.851650,139.808313,OK,11,1.3,-18.6,9.32,0.49,STABLE,-4.1,-7.2,(2, 3, 1, 0),False,0.6,WARN(CAL),0.00,0.05,True,177.2,
1769845240.594,35.851660,139.808317,OK,11,1.3,-18.7,10.28,0.47,STABLE,-4.4,-7.0,(2, 3, 1, 0),False,1.2,WARN(CAL),0.00,-0.60,True,178.3,
1769845241.620,35.851665,139.808318,OK,10,1.4,-18.7,10.51,0.70,SHAKE,-4.1,-6.8,(2, 3, 1, 0),False,0.6,WARN(CAL),0.00,-0.94,True,179.3,
1769845242.645,35.851672,139.808318,OK,10,1.4,-18.7,10.55,0.74,SHAKE,-4.0,-6.6,(2, 3, 1, 0),False,0.7,WARN(CAL),0.00,-0.16,True,180.3,
1769845243.671,35.851677,139.808320,OK,10,1.4,-18.7,11.90,2.10,IMPACT,-3.6,-6.6,(2, 3, 1, 0),False,0.6,WARN(CAL),0.00,-0.06,True,181.3,
1769845244.737,35.851682,139.808322,OK,10,1.4,-18.7,11.56,1.75,SHAKE,-3.3,-6.6,(2, 3, 1, 0),False,0.6,WARN(CAL),0.00,-0.19,True,182.4,
1769845245.816,35.851685,139.808322,OK,10,1.4,-18.8,9.89,0.08,STABLE,-3.8,-5.9,(2, 3, 1, 0),False,0.4,WARN(CAL),0.00,-0.74,True,183.5,
1769845246.889,35.851690,139.808318,OK,11,1.3,-18.9,8.32,1.48,SHAKE,-3.4,-6.0,(2, 3, 1, 0),False,0.6,WARN(CAL),0.00,-1.45,True,184.6,
1769845247.914,35.851692,139.808317,OK,11,1.3,-18.9,10.02,0.21,STABLE,-2.8,-5.7,(2, 3, 1, 0),False,0.2,WARN(CAL),0.00,-0.27,True,185.6,
1769845248.940,35.851687,139.808317,OK,11,1.3,-19.0,9.52,0.29,STABLE,-2.0,-5.4,(2, 3, 1, 0),False,0.6,WARN(CAL),0.00,0.47,False,0.0,STOP_END
1769845249.964,35.851688,139.808315,OK,11,1.3,-19.0,9.34,0.47,STABLE,-2.6,-5.7,(2, 3, 1, 0),False,0.2,WARN(CAL),0.00,-0.71,True,0.0,STOP_START
1769845250.989,35.851695,139.808315,OK,11,1.3,-19.1,10.50,0.69,SHAKE,-1.6,-5.5,(3, 3, 1, 0),False,0.7,WARN(CAL),0.00,-0.01,True,1.0,
1769845252.054,35.851697,139.808312,OK,11,1.3,-19.2,9.69,0.11,STABLE,-1.5,-5.3,(2, 3, 1, 0),False,0.4,WARN(CAL),0.00,0.00,True,2.1,
1769845253.127,35.851693,139.808312,OK,10,1.4,-19.2,11.02,1.21,SHAKE,-1.9,-5.2,(2, 3, 1, 0),False,0.4,WARN(CAL),0.00,-0.44,True,3.2,
1769845254.159,35.851685,139.808317,OK,11,1.3,-19.4,8.96,0.84,SHAKE,-1.8,-5.1,(0, 3, 1, 0),False,1.0,WARN(CAL),0.00,-0.29,True,4.2,
1769845255.187,35.851678,139.808322,OK,11,1.3,-19.6,11.31,1.50,SHAKE,-1.6,-4.9,(0, 3, 1, 0),False,0.9,WARN(CAL),0.00,-0.36,True,5.2,
1769845256.216,35.851675,139.808320,OK,11,1.3,-19.7,9.52,0.29,STABLE,-1.7,-4.8,(2, 3, 1, 0),False,0.4,WARN(CAL),0.00,1.02,False,0.0,STOP_END
1769845257.242,35.851663,139.808318,OK,11,1.3,-19.9,11.05,1.25,SHAKE,-2.2,-4.2,(2, 3, 1, 0),False,1.3,WARN(CAL),0.00,0.19,True,0.0,STOP_START
1769845258.317,35.851655,139.808320,OK,12,1.2,-20.1,10.55,0.74,SHAKE,-1.9,-4.5,(2, 3, 1, 0),False,0.9,WARN(CAL),0.00,-0.55,True,1.1,
1769845259.342,35.851645,139.808323,OK,12,1.2,-20.1,9.52,0.29,STABLE,-1.5,-4.1,(2, 3, 1, 0),False,1.2,WARN(CAL),0.00,-0.55,True,2.1,
1769845260.375,35.851638,139.808327,OK,11,1.7,-20.2,10.36,0.55,SHAKE,-1.9,-4.0,(2, 3, 1, 0),False,0.8,WARN(CAL),0.00,-0.33,True,3.1,
1769845261.400,35.851642,139.808333,OK,11,1.7,-20.3,9.62,0.19,STABLE,-1.8,-3.9,(0, 3, 1, 0),False,0.7,WARN(CAL),0.00,0.33,False,0.0,STOP_END
1769845262.427,35.851648,139.808355,OK,11,1.7,-20.5,9.54,0.27,STABLE,-1.7,-3.7,(3, 3, 1, 0),False,2.1,WARN(CAL),0.00,-0.50,True,0.0,STOP_START
1769845263.488,35.851632,139.808400,OK,11,1.7,-20.7,10.31,0.50,SHAKE,-1.8,-3.4,(2, 3, 1, 0),False,4.5,WARN(CAL),0.00,-0.38,True,1.1,
1769845264.553,35.851587,139.808458,OK,11,1.7,-20.9,8.59,1.21,SHAKE,-1.8,-3.1,(2, 3, 1, 0),False,7.3,WARN(CAL),0.00,-0.82,True,2.1,
1769845265.578,35.851558,139.808528,OK,11,2.1,-21.0,9.64,0.16,STABLE,-1.8,-3.0,(3, 3, 1, 0),False,7.1,WARN(CAL),0.00,-0.64,True,3.2,
1769845266.602,35.851520,139.808612,OK,11,2.1,-21.0,11.27,1.47,SHAKE,-1.8,-2.6,(2, 3, 1, 0),False,8.6,WARN(CAL),0.00,0.39,False,0.0,STOP_END
1769845267.627,35.851498,139.808708,WARN,10,2.8,-21.2,9.68,0.12,STABLE,-1.8,-2.4,(0, 3, 1, 0),False,9.0,WARN(CAL),0.00,-0.01,True,0.0,STOP_START
1769845268.655,35.851468,139.808813,WARN,10,2.6,-21.4,9.86,0.06,STABLE,-1.9,-2.1,(2, 3, 1, 0),False,10.0,WARN(CAL),0.00,-0.30,True,1.0,
1769845269.724,35.851452,139.808923,WARN,10,2.6,-21.6,10.46,0.66,SHAKE,-2.4,-1.9,(2, 3, 1, 0),False,10.1,WARN(CAL),0.00,-1.41,True,2.1,
1769845270.780,35.851423,139.809037,WARN,10,2.8,-21.7,9.74,0.07,STABLE,-6.3,-2.9,(2, 3, 1, 0),False,10.7,WARN(CAL),0.00,-2.04,True,3.2,
1769845271.847,35.851420,139.809152,WARN,10,2.8,-21.9,10.01,0.20,STABLE,-7.4,-5.1,(2, 3, 1, 0),False,10.4,WARN(CAL),0.00,-2.46,True,4.2,
1769845272.920,35.851408,139.809255,WARN,10,2.6,-22.1,9.99,0.19,STABLE,-10.5,-6.8,(2, 3, 1, 0),False,9.4,WARN(CAL),0.00,-2.44,True,5.3,
1769845273.993,35.851388,139.809357,WARN,10,2.8,-22.2,9.59,0.22,STABLE,-9.3,-8.7,(0, 3, 1, 0),False,9.4,WARN(CAL),0.00,-1.09,True,6.4,
1769845275.017,35.851370,139.809450,WARN,9,2.6,-22.3,10.88,1.07,SHAKE,-8.7,-9.8,(2, 3, 1, 0),False,8.7,WARN(CAL),0.00,-0.16,True,7.4,
1769845276.042,35.851350,139.809537,WARN,7,3.4,-22.6,11.44,1.64,SHAKE,-8.4,-8.4,(2, 3, 1, 0),False,8.1,WARN(CAL),0.00,-1.16,True,8.4,
1769845277.066,35.851330,139.809630,NG,5,5.0,-22.7,9.46,0.35,STABLE,-8.2,-7.8,(2, 3, 1, 0),False,8.7,NG(GPS),0.00,-0.47,True,9.4,
1769845278.089,35.851313,139.809723,NG,4,10.5,-22.8,5.42,4.39,IMPACT,-7.6,-5.7,(2, 3, 1, 0),False,8.6,NG(GPS),0.00,-0.86,True,10.5,
1769845279.145,35.851298,139.809832,NG,5,4.8,-23.0,10.34,0.53,SHAKE,-6.6,-4.9,(0, 3, 1, 0),False,9.9,NG(GPS),0.00,-0.06,True,11.5,
1769845280.215,35.851248,139.809982,NG,6,5.7,-23.1,10.16,0.36,STABLE,-5.8,-5.6,(2, 3, 1, 0),False,14.6,NG(GPS),0.00,0.53,False,0.0,STOP_END
1769845281.287,35.851213,139.810120,OK,5,1.2,-23.2,9.14,0.66,SHAKE,-6.4,-3.3,(2, 3, 1, 0),False,13.1,WARN(CAL),0.00,1.30,True,0.0,STOP_START
1769845282.346,35.851252,139.810250,OK,5,1.2,-23.1,10.06,0.26,STABLE,-6.4,-3.1,(2, 3, 1, 0),False,12.5,WARN(CAL),0.00,-1.18,True,1.1,
1769845283.422,,,NG,0,,,9.60,0.21,STABLE,-6.2,-3.3,(0, 3, 1, 0),False,,NG(GPS),0.00,0.18,True,2.1,
1769845284.482,,,NG,0,,,10.24,0.44,STABLE,-6.6,-2.9,(2, 3, 1, 0),False,,NG(GPS),0.00,-0.56,True,3.2,
1769845285.544,,,NG,0,,,9.58,0.23,STABLE,-6.6,-2.8,(2, 3, 1, 0),False,,NG(GPS),0.00,-0.16,True,4.3,
1769845286.603,,,NG,0,,,9.24,0.56,SHAKE,-6.8,-2.4,(2, 3, 1, 0),False,,NG(GPS),0.00,0.04,True,5.3,
1769845287.653,,,NG,0,,,9.42,0.39,STABLE,-6.8,-2.1,(2, 3, 1, 0),False,,NG(GPS),0.00,-0.60,True,6.4,
1769845288.717,,,NG,0,,,9.66,0.15,STABLE,-5.6,-1.2,(2, 3, 1, 0),False,,NG(GPS),0.00,-0.01,True,7.4,
1769845289.768,,,NG,0,,,10.08,0.28,STABLE,-3.2,1.2,(0, 3, 1, 0),False,,NG(GPS),0.00,-0.32,True,8.5,
1769845290.829,,,NG,0,,,9.86,0.05,STABLE,-2.3,1.1,(2, 3, 1, 0),False,,NG(GPS),0.00,-0.20,True,9.5,
1769845291.855,35.851168,139.811505,OK,5,1.3,-19.3,10.22,0.42,STABLE,-1.8,0.9,(2, 3, 1, 0),False,,WARN(CAL),0.00,-0.17,True,10.6,
1769845292.874,35.851123,139.811647,OK,5,1.3,-20.3,10.07,0.26,STABLE,-1.4,-0.3,(2, 3, 1, 0),False,13.7,WARN(CAL),0.00,-0.22,True,11.6,
1769845293.897,35.851108,139.811790,OK,5,1.3,-20.7,9.97,0.16,STABLE,-1.4,-1.1,(2, 3, 1, 0),False,13.0,WARN(CAL),0.00,-0.35,True,12.6,
1769845294.928,35.851098,139.811935,OK,5,1.3,-20.4,318.07,308.27,IMPACT,-1.7,-3.9,(2, 3, 1, 0),False,13.1,WARN(CAL),0.00,-0.25,True,13.6,
1769845295.989,35.851070,139.812063,OK,5,1.3,-18.6,9.97,0.16,STABLE,-1.8,-4.3,(0, 3, 1, 0),False,12.0,WARN(CAL),0.00,-0.34,True,14.7,
1769845297.064,35.851032,139.812203,WARN,4,1.3,-18.0,9.79,0.01,STABLE,-1.8,-4.3,(2, 3, 1, 0),False,13.3,WARN(CAL),0.00,-0.36,True,15.8,
1769845298.133,35.851013,139.812328,NG,3,1.7,-16.8,9.72,0.08,STABLE,-1.8,-4.4,(2, 3, 1, 0),False,11.4,NG(GPS),0.00,-0.36,True,16.8,
1769845299.200,35.850997,139.812458,NG,3,1.7,-16.9,9.80,0.01,STABLE,-1.8,-4.2,(2, 3, 1, 0),False,11.9,NG(GPS),0.00,-0.29,True,17.9,
1769845300.271,,,NG,0,,,9.65,0.16,STABLE,-1.8,-4.4,(2, 3, 1, 0),False,,NG(GPS),0.00,-0.22,True,19.0,
1769845301.334,,,NG,0,,,9.74,0.07,STABLE,-1.8,-4.2,(2, 3, 1, 0),False,,NG(GPS),0.00,-0.28,True,20.0,
1769845302.400,,,NG,0,,,9.71,0.10,STABLE,-1.8,-4.4,(0, 3, 1, 0),False,,NG(GPS),0.00,-0.26,True,21.1,
1769845303.447,,,NG,0,,,10.00,0.19,STABLE,-1.8,-4.3,(2, 3, 1, 0),False,,NG(GPS),0.00,-0.32,True,22.2,
1769845304.498,,,NG,0,,,10.01,0.21,STABLE,-1.8,-4.4,(0, 3, 1, 0),False,,NG(GPS),0.00,-0.35,True,23.2,
1769845305.548,,,NG,0,,,9.90,0.09,STABLE,-1.8,-4.2,(2, 3, 1, 0),False,,NG(GPS),0.00,-0.35,True,24.3,
1769845306.607,,,NG,0,,,9.73,0.08,STABLE,-1.8,-4.4,(2, 3, 1, 0),False,,NG(GPS),0.00,-0.23,True,25.3,
1769845307.673,,,NG,0,,,9.92,0.12,STABLE,-1.8,-4.4,(0, 3, 1, 0),False,,NG(GPS),0.00,-0.31,True,26.4,
1769845308.721,,,NG,0,,,9.67,0.13,STABLE,-1.8,-4.4,(2, 3, 1, 0),False,,NG(GPS),0.00,-0.24,True,27.4,
1769845309.790,,,NG,0,,,9.69,0.12,STABLE,-1.8,-4.2,(0, 3, 1, 0),False,,NG(GPS),0.00,-0.23,True,28.5,
1769845310.842,,,NG,0,,,9.92,0.11,STABLE,-1.8,-4.3,(2, 3, 1, 0),False,,NG(GPS),0.00,-0.29,True,29.6,
1769845311.891,,,NG,0,,,9.70,0.11,STABLE,-1.8,-4.3,(2, 3, 1, 0),False,,NG(GPS),0.00,-0.29,True,30.6,
1769845312.956,,,NG,0,,,10.01,0.20,STABLE,-1.8,-4.4,(2, 3, 1, 0),False,,NG(GPS),0.00,-0.29,True,31.7,
1769845314.008,,,NG,0,,,9.67,0.13,STABLE,-1.8,-4.4,(2, 3, 1, 0),False,,NG(GPS),0.00,-0.32,True,32.7,
1769845315.066,35.850568,139.814417,WARN,6,3.7,-14.1,9.78,0.02,STABLE,-1.8,-4.6,(2, 3, 1, 0),False,,WARN(CAL),0.00,-0.30,True,33.8,
1769845316.088,35.850643,139.814412,WARN,8,2.8,-20.2,9.77,0.04,STABLE,-1.8,-4.7,(2, 3, 1, 0),False,8.4,WARN(CAL),0.00,-0.32,True,34.8,
1769845317.112,35.850670,139.814427,WARN,9,2.7,-8.2,9.74,0.06,STABLE,-1.8,-4.7,(2, 3, 1, 0),False,3.3,WARN(CAL),0.00,-0.31,True,35.8,
1769845318.135,35.850775,139.814428,OK,9,1.8,-8.4,9.76,0.05,STABLE,-1.8,-4.7,(2, 3, 1, 0),False,11.7,WARN(CAL),0.00,-0.33,True,36.8,
1769845319.161,35.850860,139.814422,OK,11,1.3,-9.7,9.77,0.03,STABLE,-1.8,-4.7,(2, 3, 1, 0),False,9.5,WARN(CAL),0.00,-0.30,True,37.9,
1769845320.223,35.850923,139.814418,OK,12,1.6,-7.9,9.70,0.10,STABLE,-1.8,-4.7,(0, 3, 1, 0),False,7.0,WARN(CAL),0.00,-0.32,True,38.9,
1769845321.286,35.851050,139.814405,OK,12,1.1,1.0,9.75,0.06,STABLE,-1.8,-4.7,(2, 3, 1, 0),False,14.1,WARN(CAL),0.00,-0.32,True,40.0,
1769845322.363,35.851123,139.814397,OK,15,1.0,-1.5,9.74,0.06,STABLE,-1.8,-4.9,(2, 3, 1, 0),False,8.2,WARN(CAL),0.00,-0.34,True,41.1,
1769845323.389,35.851183,139.814408,OK,14,1.1,-0.6,9.94,0.13,STABLE,-2.6,-10.6,(2, 3, 1, 0),False,6.8,WARN(CAL),0.00,-0.62,True,42.1,
1769845324.414,35.851288,139.814428,OK,17,0.9,1.9,9.73,0.07,STABLE,-2.8,-12.6,(0, 3, 1, 0),False,11.8,WARN(CAL),0.00,-0.40,True,43.1,
1769845325.443,35.851357,139.814467,OK,18,0.8,3.7,10.52,0.72,SHAKE,-2.8,-12.6,(2, 3, 1, 0),False,8.3,WARN(CAL),0.00,-0.78,True,44.2,
1769845326.470,35.851432,139.814523,OK,19,0.7,5.4,9.88,0.08,STABLE,-2.9,-11.9,(2, 3, 1, 0),False,9.8,WARN(CAL),0.00,-0.69,True,45.2,
1769845327.534,35.851510,139.814588,OK,19,0.7,6.9,9.22,0.58,SHAKE,-3.4,-11.1,(0, 3, 1, 0),False,10.5,WARN(CAL),0.00,-0.75,True,46.2,
1769845328.594,35.851592,139.814650,OK,19,0.7,9.3,10.64,0.84,SHAKE,-4.1,-10.4,(2, 3, 1, 0),False,10.6,WARN(CAL),0.00,-1.13,True,47.3,
1769845329.666,35.851665,139.814705,OK,19,0.7,9.3,10.46,0.66,SHAKE,-2.9,-9.6,(0, 3, 1, 0),False,9.5,WARN(CAL),0.00,-0.47,True,48.4,
1769845330.726,35.851732,139.814753,OK,19,0.7,9.6,9.11,0.70,SHAKE,-2.5,-10.0,(2, 3, 1, 0),False,8.6,WARN(CAL),0.00,-0.65,True,49.4,
1769845331.805,35.851785,139.814800,OK,19,0.7,9.7,10.54,0.73,SHAKE,-1.9,-10.0,(2, 3, 1, 0),False,7.3,WARN(CAL),0.00,-0.93,True,50.5,
1769845332.829,35.851827,139.814840,OK,19,0.7,9.9,9.21,0.59,SHAKE,-1.9,-9.4,(2, 3, 1, 0),False,5.9,WARN(CAL),0.00,-0.70,True,51.5,
1769845333.861,35.851857,139.814868,OK,19,0.7,10.4,8.34,1.46,SHAKE,-1.9,-9.1,(2, 3, 1, 0),False,4.2,WARN(CAL),0.00,-0.70,True,52.6,
1769845334.887,35.851875,139.814887,OK,19,0.7,11.2,10.18,0.38,STABLE,-1.9,-8.6,(2, 3, 1, 0),False,2.6,WARN(CAL),0.00,-0.40,True,53.6,
1769845335.915,35.851888,139.814898,OK,19,0.7,12.1,10.94,1.13,SHAKE,-1.9,-8.6,(2, 3, 1, 0),False,1.8,WARN(CAL),0.00,-0.79,True,54.6,
1769845336.987,35.851895,139.814907,OK,19,0.7,12.7,9.72,0.09,STABLE,-2.0,-8.1,(2, 3, 1, 0),False,1.1,WARN(CAL),0.00,0.15,True,55.7,
1769845338.013,35.851897,139.814912,OK,19,0.7,13.5,11.51,1.70,SHAKE,-2.0,-7.7,(2, 3, 1, 0),False,0.5,WARN(CAL),0.00,-1.26,True,56.7,
1769845339.042,35.851900,139.814912,OK,19,0.7,13.4,10.92,1.12,SHAKE,-2.1,-6.8,(2, 3, 1, 0),False,0.4,WARN(CAL),0.00,0.57,False,0.0,STOP_END
1769845340.067,35.851905,139.814912,OK,19,0.7,13.9,9.02,0.79,SHAKE,-2.6,-6.7,(2, 3, 1, 0),False,0.6,WARN(CAL),0.00,-0.85,True,0.0,STOP_START
1769845341.100,35.851908,139.814912,OK,19,0.7,14.5,9.99,0.18,STABLE,-2.3,-5.4,(0, 3, 1, 0),False,0.4,WARN(CAL),0.00,-1.14,True,1.0,
1769845342.165,35.851908,139.814912,OK,17,0.7,13.8,9.75,0.05,STABLE,-1.5,-4.7,(2, 3, 1, 0),False,0.0,WARN(CAL),0.00,-0.23,True,2.1,
1769845343.242,35.851910,139.814912,OK,17,0.7,13.3,9.46,0.35,STABLE,-1.0,-3.9,(0, 3, 1, 0),False,0.2,WARN(CAL),0.00,-0.14,True,3.2,
1769845344.271,35.851910,139.814912,OK,17,0.7,13.0,9.35,0.46,STABLE,-1.4,-3.8,(2, 3, 1, 0),False,0.0,WARN(CAL),0.00,-0.92,True,4.2,
1769845345.302,35.851910,139.814910,OK,18,0.7,12.7,10.14,0.34,STABLE,-1.6,-3.7,(0, 3, 1, 0),False,0.2,WARN(CAL),0.00,-0.42,True,5.2,
1769845346.329,35.851910,139.814912,OK,18,0.7,12.7,10.70,0.89,SHAKE,-1.3,-2.9,(2, 3, 1, 0),False,0.2,WARN(CAL),0.00,0.11,True,6.3,
1769845347.354,35.851910,139.814912,OK,18,0.7,12.5,10.08,0.27,STABLE,-1.6,-4.1,(0, 3, 1, 0),False,0.0,WARN(CAL),0.00,-1.17,True,7.3,
1769845348.429,35.851910,139.814912,OK,18,0.7,12.3,9.26,0.54,SHAKE,-1.7,-3.8,(2, 3, 1, 0),False,0.0,WARN(CAL),0.00,-0.37,True,8.4,
1769845349.459,35.851912,139.814912,OK,18,0.7,12.1,10.03,0.23,STABLE,-1.4,-4.1,(2, 3, 1, 0),False,0.2,WARN(CAL),0.00,-0.45,True,9.4,
1769845350.483,35.851912,139.814913,OK,18,0.7,12.0,7.76,2.04,IMPACT,-1.6,-3.9,(2, 3, 1, 0),False,0.2,WARN(CAL),0.00,-0.39,True,10.4,
1769845351.514,35.851912,139.814917,OK,18,0.7,11.9,9.16,0.65,SHAKE,-1.6,-3.4,(0, 3, 1, 0),False,0.3,WARN(CAL),0.00,-0.38,True,11.4,
1769845352.545,35.851912,139.814918,OK,18,0.7,11.8,9.89,0.09,STABLE,-1.6,-3.4,(2, 3, 1, 0),False,0.2,WARN(CAL),0.00,0.03,True,12.5,
1769845353.606,35.851915,139.814920,OK,18,0.7,11.7,9.42,0.39,STABLE,-1.8,-3.2,(0, 3, 1, 0),False,0.4,WARN(CAL),0.00,-0.63,True,13.5,
1769845354.673,35.851915,139.814922,OK,18,0.7,11.6,9.72,0.09,STABLE,-2.1,-2.0,(2, 3, 1, 0),False,0.2,WARN(CAL),0.00,-1.39,True,14.6,
1769845355.700,35.851917,139.814922,OK,18,0.7,11.5,9.43,0.38,STABLE,-1.7,-2.3,(2, 3, 1, 0),False,0.2,WARN(CAL),0.00,0.30,True,15.6,
1769845356.726,35.851915,139.814922,OK,18,0.7,11.6,9.99,0.18,STABLE,-1.8,-2.1,(2, 3, 1, 0),False,0.2,WARN(CAL),0.00,-0.36,True,16.7,
1769845357.751,35.851915,139.814922,OK,18,0.7,11.6,8.09,1.72,SHAKE,-1.9,-1.8,(2, 3, 1, 0),False,0.0,WARN(CAL),0.00,-0.56,True,17.7,
1769845358.777,35.851915,139.814922,OK,18,0.7,11.6,9.62,0.19,STABLE,-0.6,-1.9,(2, 3, 1, 0),False,0.0,WARN(CAL),0.00,0.28,True,18.7,
1769845359.852,35.851915,139.814920,OK,17,0.7,11.6,9.39,0.42,STABLE,-1.1,-2.0,(2, 3, 1, 0),False,0.2,WARN(CAL),0.00,0.11,True,19.8,
1769845360.882,35.851912,139.814920,OK,17,0.7,11.6,10.31,0.50,STABLE,-1.1,-2.1,(2, 3, 1, 0),False,0.4,WARN(CAL),0.00,-0.31,True,20.8,
1769845361.909,35.851910,139.814920,OK,17,0.7,11.6,9.54,0.26,STABLE,-0.2,-2.9,(2, 3, 1, 0),False,0.2,WARN(CAL),0.00,0.15,True,21.8,
1769845362.933,35.851910,139.814918,OK,18,0.7,11.6,8.77,1.03,SHAKE,-1.2,-3.6,(0, 3, 1, 0),False,0.2,WARN(CAL),0.00,-0.61,True,22.9,
1769845363.963,35.851908,139.814918,OK,18,0.7,11.6,9.28,0.53,SHAKE,-1.5,-3.2,(2, 3, 1, 0),False,0.2,WARN(CAL),0.00,-0.43,True,23.9,
1769845365.030,35.851903,139.814917,OK,18,0.7,11.6,10.25,0.44,STABLE,-1.7,-1.9,(0, 3, 1, 0),False,0.6,WARN(CAL),0.00,-0.24,True,25.0,
1769845366.103,35.851902,139.814918,OK,18,0.7,11.6,9.29,0.52,SHAKE,-1.8,-0.6,(2, 3, 1, 0),False,0.2,WARN(CAL),0.00,-0.02,True,26.0,
1769845367.182,35.851902,139.814920,OK,18,0.7,11.6,10.75,0.94,SHAKE,-2.0,-0.1,(2, 3, 1, 0),False,0.2,WARN(CAL),0.00,-0.48,True,27.1,
1769845368.242,35.851905,139.814922,OK,18,0.7,11.6,10.58,0.77,SHAKE,-1.5,0.4,(2, 3, 1, 0),False,0.4,WARN(CAL),0.00,0.01,True,28.2,
1769845369.309,35.851913,139.814928,OK,18,0.7,11.5,8.95,0.86,SHAKE,-1.8,1.2,(2, 3, 1, 0),False,1.1,WARN(CAL),0.00,-0.41,True,29.2,
1769845370.384,35.851932,139.814943,OK,18,0.7,11.4,9.86,0.05,STABLE,-2.0,1.2,(2, 3, 1, 0),False,2.4,WARN(CAL),0.00,-0.39,True,30.3,
1769845371.459,35.851953,139.814965,OK,18,0.7,11.3,9.83,0.02,STABLE,-2.2,-3.9,(0, 3, 1, 0),False,3.1,WARN(CAL),0.00,-0.39,True,31.4,
1769845372.486,35.851982,139.814997,OK,18,0.7,11.3,9.77,0.04,STABLE,-2.4,-4.9,(2, 3, 1, 0),False,4.3,WARN(CAL),0.00,-0.46,True,32.4,
1769845373.510,35.852022,139.815022,OK,18,0.7,11.2,9.94,0.14,STABLE,-3.4,-12.3,(2, 3, 1, 0),False,5.0,WARN(CAL),0.00,-0.64,True,33.4,
1769845374.541,35.852068,139.815048,OK,19,0.7,10.9,10.10,0.29,STABLE,-3.3,-11.3,(2, 3, 1, 0),False,5.7,WARN(CAL),0.00,-0.41,True,34.5,
1769845375.565,35.852113,139.815083,OK,19,0.7,10.7,9.91,0.11,STABLE,-2.0,-4.9,(2, 3, 1, 0),False,5.9,WARN(CAL),0.00,-0.29,True,35.5,
1769845376.626,35.852162,139.815117,OK,19,0.7,10.6,9.91,0.11,STABLE,-1.6,-3.7,(2, 3, 1, 0),False,6.2,WARN(CAL),0.00,-0.07,True,36.6,
1769845377.691,35.852215,139.815152,OK,19,0.7,10.1,9.76,0.05,STABLE,-1.1,-1.9,(0, 3, 1, 0),False,6.7,WARN(CAL),0.00,-0.36,True,37.6,
1769845378.763,35.852280,139.815190,OK,19,0.7,9.8,9.93,0.12,STABLE,-2.4,-7.3,(2, 3, 1, 0),False,8.0,WARN(CAL),0.00,-0.53,True,38.7,
1769845379.839,35.852342,139.815228,OK,19,0.7,9.1,9.95,0.15,STABLE,-2.2,-8.2,(2, 3, 1, 0),False,7.7,WARN(CAL),0.00,-0.40,True,39.8,
1769845380.909,35.852410,139.815268,OK,19,0.7,9.0,9.34,0.47,STABLE,-1.1,-9.2,(0, 3, 1, 0),False,8.4,WARN(CAL),0.00,1.49,False,0.0,STOP_END
1769845381.989,35.852477,139.815307,OK,19,0.7,8.6,9.95,0.14,STABLE,3.9,-9.4,(2, 3, 1, 0),False,8.2,WARN(CAL),0.00,1.32,True,0.0,STOP_START
1769845383.014,35.852543,139.815347,OK,19,0.7,8.6,10.45,0.65,SHAKE,1.8,-9.8,(2, 3, 1, 0),False,8.2,WARN(CAL),0.00,0.42,False,0.0,STOP_END
1769845384.041,35.852608,139.815390,OK,19,0.7,8.5,10.43,0.63,SHAKE,0.4,-10.2,(2, 3, 1, 0),False,8.2,WARN(CAL),0.00,0.52,True,0.0,STOP_START
1769845385.067,35.852673,139.815430,OK,18,0.7,8.3,10.01,0.21,STABLE,-0.6,-8.4,(2, 3, 1, 0),False,8.1,WARN(CAL),0.00,-0.61,True,1.0,
1769845386.099,35.852733,139.815470,OK,17,0.8,8.3,9.97,0.16,STABLE,-1.3,-5.8,(2, 3, 1, 0),False,7.6,WARN(CAL),0.00,-0.45,True,2.1,
1769845387.176,35.852795,139.815507,OK,17,0.8,8.1,10.21,0.41,STABLE,-1.7,-7.0,(2, 3, 1, 0),False,7.6,WARN(CAL),0.00,-0.63,True,3.1,
1769845388.200,35.852850,139.815547,OK,17,0.8,8.1,9.16,0.65,SHAKE,-2.1,-6.8,(2, 3, 1, 0),False,7.1,WARN(CAL),0.00,-0.64,True,4.2,
1769845389.224,35.852902,139.815587,OK,17,0.8,8.2,9.76,0.05,STABLE,-2.4,-6.5,(2, 3, 1, 0),False,6.8,WARN(CAL),0.00,-0.68,True,5.2,
1769845390.248,35.852958,139.815622,OK,17,0.8,8.9,9.31,0.49,STABLE,-2.1,-4.9,(0, 3, 1, 0),False,7.0,WARN(CAL),0.00,-0.17,True,6.2,
1769845391.278,35.853015,139.815660,OK,17,0.8,8.8,9.83,0.02,STABLE,-2.0,-3.2,(2, 3, 1, 0),False,7.2,WARN(CAL),0.00,-0.46,True,7.2,
1769845392.347,35.853073,139.815697,OK,17,0.8,8.6,9.82,0.02,STABLE,-2.0,-2.8,(0, 3, 1, 0),False,7.3,WARN(CAL),0.00,-0.40,True,8.3,
1769845393.376,35.853135,139.815733,OK,17,0.8,8.2,9.65,0.16,STABLE,-1.9,-2.1,(2, 3, 1, 0),False,7.6,WARN(CAL),0.00,-0.31,True,9.3,
1769845394.405,35.853195,139.815773,OK,17,0.8,8.5,9.88,0.08,STABLE,-1.8,-2.3,(2, 3, 1, 0),False,7.6,WARN(CAL),0.00,-0.34,True,10.4,
1769845395.431,35.853260,139.815817,OK,17,0.8,8.3,9.67,0.14,STABLE,-2.1,-4.6,(2, 3, 1, 0),False,8.2,WARN(CAL),0.00,-0.32,True,11.4,
1769845396.458,35.853325,139.815867,OK,17,0.8,8.4,9.47,0.34,STABLE,-2.4,-6.4,(2, 3, 1, 0),False,8.5,WARN(CAL),0.00,-0.52,True,12.4,
1769845397.520,35.853395,139.815927,OK,18,0.8,9.4,9.64,0.16,STABLE,-1.4,-7.1,(0, 3, 1, 0),False,9.5,WARN(CAL),0.00,-0.19,True,13.5,
1769845398.597,35.853468,139.815983,OK,18,0.8,9.9,10.07,0.26,STABLE,-0.6,-7.8,(2, 3, 1, 0),False,9.6,WARN(CAL),0.00,-0.33,True,14.6,
1769845399.657,35.853545,139.816043,OK,18,0.8,9.8,8.65,1.16,SHAKE,-0.5,-8.4,(2, 3, 1, 0),False,10.1,WARN(CAL),0.00,-0.19,True,15.6,
1769845400.727,35.853622,139.816102,OK,17,0.8,9.8,10.02,0.22,STABLE,-0.8,-7.9,(2, 3, 1, 0),False,10.0,WARN(CAL),0.00,-0.31,True,16.7,
1769845401.795,35.853695,139.816162,OK,17,0.8,9.8,10.43,0.63,SHAKE,-1.0,-7.8,(2, 3, 1, 0),False,9.8,WARN(CAL),0.00,-0.48,True,17.8,
1769845402.871,35.853770,139.816217,OK,17,0.8,9.8,9.07,0.74,SHAKE,-1.4,-7.1,(2, 3, 1, 0),False,9.7,WARN(CAL),0.00,-0.78,True,18.8,
1769845403.936,35.853838,139.816273,OK,18,0.8,9.6,10.13,0.33,STABLE,-2.1,-4.9,(2, 3, 1, 0),False,9.2,WARN(CAL),0.00,-0.98,True,19.9,
1769845405.002,35.853908,139.816333,OK,18,0.8,9.5,9.70,0.10,STABLE,-3.1,-4.8,(0, 3, 1, 0),False,9.5,WARN(CAL),0.00,-0.91,True,21.0,
1769845406.031,35.853963,139.816392,OK,19,0.7,7.8,9.87,0.06,STABLE,-2.7,-3.7,(2, 3, 1, 0),False,8.1,WARN(CAL),0.00,-0.83,True,22.0,
1769845407.057,35.854028,139.816445,OK,19,0.7,7.5,10.05,0.24,STABLE,-2.9,-3.5,(2, 3, 1, 0),False,8.7,WARN(CAL),0.00,-1.00,True,23.0,
1769845408.083,35.854088,139.816497,OK,19,0.7,6.8,9.75,0.06,STABLE,-3.3,-3.0,(2, 3, 1, 0),False,8.1,WARN(CAL),0.00,-0.91,True,24.0,
1769845409.114,35.854143,139.816543,OK,19,0.7,6.5,9.79,0.02,STABLE,-3.4,-4.5,(0, 3, 1, 0),False,7.4,WARN(CAL),0.00,-1.57,True,25.1,
1769845410.194,35.854197,139.816587,OK,19,0.7,5.8,9.77,0.03,STABLE,-5.9,-6.7,(2, 3, 1, 0),False,7.1,WARN(CAL),0.00,-1.00,True,26.2,
1769845411.223,35.854245,139.816628,OK,19,0.7,5.2,9.32,0.48,STABLE,-4.8,-6.9,(2, 3, 1, 0),False,6.6,WARN(CAL),0.00,-0.61,True,27.2,
1769845412.251,35.854293,139.816665,OK,19,0.7,5.1,9.87,0.07,STABLE,-5.1,-5.8,(2, 3, 1, 0),False,6.3,WARN(CAL),0.00,-0.25,True,28.2,
1769845413.278,35.854340,139.816698,OK,19,0.7,5.2,9.20,0.61,SHAKE,-0.4,-5.7,(2, 3, 1, 0),False,6.0,WARN(CAL),0.00,0.48,False,0.0,STOP_END
1769845414.306,35.854382,139.816725,OK,19,0.7,6.1,10.96,1.15,SHAKE,0.2,-4.9,(2, 3, 1, 0),False,5.2,WARN(CAL),0.00,1.26,True,0.0,STOP_START
1769845415.373,35.854415,139.816748,OK,19,0.7,6.5,9.51,0.29,STABLE,1.6,-6.0,(2, 3, 1, 0),False,4.3,WARN(CAL),0.00,0.85,False,0.0,STOP_END
1769845416.402,35.854440,139.816765,OK,18,0.7,7.2,10.69,0.88,SHAKE,1.4,-7.4,(2, 3, 1, 0),False,3.2,WARN(CAL),0.00,-0.13,True,0.0,STOP_START
1769845417.433,35.854452,139.816775,OK,19,0.7,7.5,9.64,0.17,STABLE,1.3,-7.9,(2, 3, 1, 0),False,1.6,WARN(CAL),0.00,-0.22,True,1.0,
1769845418.460,35.854453,139.816777,OK,19,0.7,7.4,10.43,0.62,SHAKE,2.1,-7.6,(2, 3, 1, 0),False,0.2,WARN(CAL),0.00,-0.12,True,2.1,
1769845419.488,35.854450,139.816777,OK,19,0.7,7.3,10.87,1.06,SHAKE,1.4,1.9,(0, 3, 1, 0),False,0.4,WARN(CAL),0.00,0.13,True,3.1,
1769845420.552,35.854450,139.816780,OK,19,0.7,7.4,9.86,0.05,STABLE,1.4,5.8,(2, 3, 1, 0),False,0.3,WARN(CAL),0.00,0.17,True,4.2,
1769845421.610,35.854458,139.816787,OK,19,0.7,7.4,10.03,0.22,STABLE,-0.3,-5.1,(2, 3, 1, 0),False,1.1,WARN(CAL),0.00,-0.42,True,5.2,
1769845422.677,35.854463,139.816792,OK,19,0.7,7.4,8.37,1.44,SHAKE,-1.8,-5.1,(0, 3, 1, 0),False,0.7,WARN(CAL),0.00,-0.41,True,6.3,
1769845423.745,35.854477,139.816802,OK,19,0.7,7.2,9.75,0.06,STABLE,-1.9,-4.4,(2, 3, 1, 0),False,1.7,WARN(CAL),0.00,-0.36,True,7.3,
1769845424.772,35.854485,139.816812,OK,19,0.7,7.4,9.84,0.03,STABLE,-3.2,-7.1,(2, 3, 1, 0),False,1.3,WARN(CAL),0.00,-1.02,True,8.4,
1769845425.797,35.854490,139.816815,OK,19,0.7,7.4,9.99,0.19,STABLE,-6.7,-9.2,(0, 3, 1, 0),False,0.6,WARN(CAL),0.00,-2.01,True,9.4,
1769845426.825,35.854497,139.816822,OK,19,0.7,7.5,9.88,0.08,STABLE,-7.4,-9.0,(2, 3, 1, 0),False,1.0,WARN(CAL),0.00,-3.07,True,10.4,
1769845427.851,35.854508,139.816833,OK,19,0.7,7.5,10.66,0.85,SHAKE,-5.1,-9.9,(2, 3, 1, 0),False,1.7,WARN(CAL),0.00,-2.27,True,11.4,
1769845428.917,35.854523,139.816852,OK,19,0.7,7.4,9.70,0.11,STABLE,-3.8,-12.9,(2, 3, 1, 0),False,2.3,WARN(CAL),0.00,-0.20,True,12.5,
1769845429.999,35.854532,139.816877,OK,19,0.7,7.6,10.29,0.48,STABLE,-4.1,-12.0,(2, 3, 1, 0),False,2.4,WARN(CAL),0.00,-0.03,True,13.6,
1769845431.027,35.854527,139.816907,OK,19,0.7,7.4,10.40,0.59,SHAKE,-3.9,-10.6,(2, 3, 1, 0),False,2.8,WARN(CAL),0.00,-0.80,True,14.6,
1769845432.055,35.854510,139.816947,OK,19,0.7,7.2,9.91,0.10,STABLE,-3.0,-9.4,(2, 3, 1, 0),False,4.1,WARN(CAL),0.00,-0.22,True,15.7,
1769845433.085,35.854477,139.816997,OK,19,0.7,6.3,9.63,0.17,STABLE,-1.6,-9.6,(2, 3, 1, 0),False,5.8,WARN(CAL),0.00,-0.23,True,16.7,
1769845434.116,35.854452,139.817058,OK,18,0.7,6.0,9.98,0.17,STABLE,-4.0,-8.6,(0, 3, 1, 0),False,6.2,WARN(CAL),0.00,-1.37,True,17.7,
1769845435.193,35.854428,139.817120,OK,19,0.7,5.2,8.59,1.22,SHAKE,-3.9,-8.0,(0, 3, 1, 0),False,6.1,WARN(CAL),0.00,-1.07,True,18.8,
1769845436.256,35.854408,139.817185,OK,19,0.7,4.8,9.17,0.63,SHAKE,-4.1,-7.4,(2, 3, 1, 0),False,6.3,WARN(CAL),0.00,-0.61,True,19.9,
1769845437.331,35.854385,139.817252,OK,19,0.7,4.2,8.86,0.95,SHAKE,-3.0,-7.4,(0, 3, 1, 0),False,6.5,WARN(CAL),0.00,0.21,True,20.9,
1769845438.359,35.854362,139.817318,OK,18,0.7,3.6,11.76,1.96,SHAKE,-2.6,-7.2,(2, 3, 1, 0),False,6.5,WARN(CAL),0.00,-0.60,True,22.0,
1769845439.387,35.854343,139.817383,OK,18,0.7,3.0,10.19,0.38,STABLE,-3.1,-6.4,(2, 3, 1, 0),False,6.2,WARN(CAL),0.00,0.39,False,0.0,STOP_END
1769845440.408,35.854327,139.817445,OK,18,0.7,2.4,10.55,0.74,SHAKE,-2.8,-6.3,(2, 3, 1, 0),False,5.9,WARN(CAL),0.00,0.01,True,0.0,STOP_START
1769845441.433,35.854313,139.817495,OK,18,0.7,1.5,8.53,1.28,SHAKE,-1.9,-5.4,(2, 3, 1, 0),False,4.7,WARN(CAL),0.00,0.63,False,0.0,STOP_END
1769845442.495,35.854298,139.817540,OK,18,0.7,0.9,10.39,0.58,SHAKE,-1.4,-5.4,(2, 3, 1, 0),False,4.4,WARN(CAL),0.00,0.13,True,0.0,STOP_START
1769845443.578,35.854290,139.817588,OK,17,0.8,0.3,10.21,0.41,STABLE,-0.7,-5.0,(2, 3, 1, 0),False,4.5,WARN(CAL),0.00,0.89,False,0.0,STOP_END
1769845444.609,35.854275,139.817632,OK,17,0.7,-0.1,9.18,0.63,SHAKE,-0.4,-4.2,(2, 3, 1, 0),False,4.2,WARN(CAL),0.00,0.24,True,0.0,STOP_START
1769845445.637,35.854257,139.817677,OK,17,0.7,-0.6,9.83,0.02,STABLE,-0.2,-4.9,(2, 3, 1, 0),False,4.5,WARN(CAL),0.00,0.59,False,0.0,STOP_END
1769845446.663,35.854232,139.817727,OK,17,0.7,-0.8,9.75,0.05,STABLE,0.6,-5.0,(0, 3, 1, 0),False,5.3,WARN(CAL),0.00,0.32,True,0.0,STOP_START
1769845447.693,35.854207,139.817790,OK,17,0.7,-0.6,10.11,0.31,STABLE,0.1,-4.9,(2, 3, 1, 0),False,6.3,WARN(CAL),0.00,-0.80,True,1.0,
1769845448.774,35.854180,139.817852,OK,16,0.7,-1.0,9.37,0.44,STABLE,1.2,-5.0,(2, 3, 1, 0),False,6.3,WARN(CAL),0.00,0.77,False,0.0,STOP_END
1769845449.804,35.854148,139.817922,OK,17,0.7,-1.3,9.17,0.64,SHAKE,1.2,-4.0,(2, 3, 1, 0),False,7.2,WARN(CAL),0.00,-0.37,True,0.0,STOP_START
1769845450.832,35.854113,139.817998,OK,16,0.7,-1.7,10.64,0.83,SHAKE,-0.8,-3.2,(2, 3, 1, 0),False,7.9,WARN(CAL),0.00,-2.21,True,1.0,
1769845451.862,35.854073,139.818078,OK,18,0.7,-1.8,9.14,0.67,SHAKE,-0.4,-3.2,(2, 3, 1, 0),False,8.5,WARN(CAL),0.00,-1.37,True,2.1,
1769845452.890,35.854035,139.818157,OK,17,0.7,-1.7,10.56,0.75,SHAKE,-2.1,-3.4,(2, 3, 1, 0),False,8.2,WARN(CAL),0.00,-0.78,True,3.1,
1769845453.954,35.853998,139.818233,OK,17,0.7,-1.9,9.33,0.48,STABLE,-2.2,-3.1,(0, 3, 1, 0),False,8.0,WARN(CAL),0.00,-0.31,True,4.2,
1769845454.983,35.853967,139.818305,OK,18,0.7,-2.5,9.67,0.14,STABLE,-1.6,-2.8,(2, 3, 1, 0),False,7.4,WARN(CAL),0.00,-0.51,True,5.2,
1769845456.012,35.853942,139.818370,OK,19,0.7,-2.9,12.08,2.27,IMPACT,-1.4,-2.8,(2, 3, 1, 0),False,6.5,WARN(CAL),0.00,-0.21,True,6.2,
1769845457.044,35.853922,139.818437,OK,18,0.7,-3.2,10.26,0.45,STABLE,-1.3,-2.6,(0, 3, 1, 0),False,6.4,WARN(CAL),0.00,-0.21,True,7.2,
1769845458.074,35.853918,139.818505,OK,18,0.7,-3.1,10.05,0.24,STABLE,-1.3,-1.9,(2, 3, 1, 0),False,6.2,WARN(CAL),0.00,-0.23,True,8.3,
1769845459.134,35.853928,139.818575,OK,18,0.7,-2.9,10.27,0.46,STABLE,-1.6,-1.8,(0, 3, 1, 0),False,6.4,WARN(CAL),0.00,-0.51,True,9.3,
1769845460.194,35.853952,139.818652,OK,18,0.7,-3.0,10.57,0.77,SHAKE,-2.0,-2.1,(2, 3, 1, 0),False,7.4,WARN(CAL),0.00,-0.29,True,10.4,
1769845461.272,35.853978,139.818728,OK,19,0.7,-3.0,8.97,0.84,SHAKE,-2.2,-2.2,(0, 3, 1, 0),False,7.5,WARN(CAL),0.00,-0.48,True,11.5,
1769845462.354,35.854000,139.818802,OK,18,0.7,-3.3,11.24,1.43,SHAKE,-1.6,-2.0,(2, 3, 1, 0),False,7.0,WARN(CAL),0.00,-0.67,True,12.6,
1769845463.385,35.854013,139.818880,OK,19,0.7,-2.9,10.34,0.53,SHAKE,-0.9,-1.8,(2, 3, 1, 0),False,7.2,WARN(CAL),0.00,-1.25,True,13.6,
1769845464.414,35.854018,139.818950,OK,18,0.7,-2.8,11.22,1.42,SHAKE,-1.2,-1.3,(0, 3, 1, 0),False,6.3,WARN(CAL),0.00,-0.46,True,14.6,
1769845465.435,35.854010,139.819025,OK,17,0.7,-2.8,11.85,2.04,IMPACT,-0.3,-1.1,(2, 3, 1, 0),False,6.8,WARN(CAL),0.00,-0.93,True,15.6,
1769845466.462,35.853983,139.819117,OK,17,0.7,-2.1,10.13,0.33,STABLE,-0.2,-1.2,(2, 3, 1, 0),False,8.8,WARN(CAL),0.00,-0.16,True,16.7,
1769845467.530,35.853962,139.819205,OK,17,0.7,-1.7,9.95,0.14,STABLE,-0.7,-2.4,(2, 3, 1, 0),False,8.3,WARN(CAL),0.00,-0.54,True,17.7,
1769845468.593,35.853937,139.819278,OK,17,0.7,-1.5,8.97,0.83,SHAKE,-0.8,-2.1,(0, 3, 1, 0),False,7.2,WARN(CAL),0.00,-0.02,True,18.8,
1769845469.658,35.853922,139.819338,OK,17,0.7,-1.1,14.90,5.09,IMPACT,-0.1,-1.6,(0, 3, 1, 0),False,5.7,WARN(CAL),0.00,-0.01,True,19.9,
1769845470.727,35.853910,139.819375,OK,17,0.7,-0.7,9.12,0.69,SHAKE,-0.1,-1.2,(2, 3, 1, 0),False,3.6,WARN(CAL),0.00,-0.31,True,20.9,
1769845471.756,35.853912,139.819388,OK,17,0.7,-0.7,9.39,0.41,STABLE,0.2,-0.7,(2, 3, 1, 0),False,1.2,WARN(CAL),0.00,0.07,True,22.0,
1769845472.780,35.853908,139.819397,OK,17,0.7,-1.0,8.95,0.85,SHAKE,-0.1,0.1,(0, 3, 1, 0),False,0.8,WARN(CAL),0.00,-0.05,True,23.0,
1769845473.811,35.853907,139.819407,OK,17,0.7,-1.3,9.59,0.22,STABLE,0.4,0.0,(2, 3, 1, 0),False,0.9,WARN(CAL),0.00,-0.20,True,24.0,
1769845474.839,35.853907,139.819418,OK,18,0.7,-1.4,9.96,0.16,STABLE,0.3,0.7,(0, 3, 1, 0),False,1.1,WARN(CAL),0.00,0.23,True,25.0,
1769845475.917,35.853913,139.819432,OK,18,0.7,-1.4,9.37,0.44,STABLE,-0.1,1.6,(2, 3, 1, 0),False,1.4,WARN(CAL),0.00,-0.27,True,26.1,
1769845476.986,35.853932,139.819443,OK,17,0.7,-1.7,9.92,0.11,STABLE,-0.7,1.7,(2, 3, 1, 0),False,2.3,WARN(CAL),0.00,-0.37,True,27.2,
1769845478.058,35.853953,139.819448,OK,19,0.7,-1.8,9.86,0.06,STABLE,-0.8,1.0,(0, 3, 1, 0),False,2.5,WARN(CAL),0.00,-0.28,True,28.3,
1769845479.121,35.853992,139.819457,OK,19,0.7,-1.6,9.80,0.00,STABLE,-1.8,-4.5,(2, 3, 1, 0),False,4.3,WARN(CAL),0.00,-0.29,True,29.3,
1769845480.199,35.854050,139.819463,OK,19,0.7,-0.8,9.79,0.02,STABLE,-1.9,-5.2,(0, 3, 1, 0),False,6.5,WARN(CAL),0.00,-0.38,True,30.4,
1769845481.262,35.854108,139.819472,OK,19,0.7,-0.1,9.71,0.10,STABLE,-1.9,-5.4,(2, 3, 1, 0),False,6.5,WARN(CAL),0.00,-0.34,True,31.5,
1769845482.320,35.854173,139.819473,OK,18,0.7,0.1,9.74,0.06,STABLE,-1.9,-5.4,(0, 3, 1, 0),False,7.2,WARN(CAL),0.00,-0.34,True,32.5,
1769845483.396,35.854245,139.819473,OK,19,0.7,0.2,9.77,0.03,STABLE,-1.9,-5.4,(2, 3, 1, 0),False,8.0,WARN(CAL),0.00,-0.35,True,33.6,
1769845484.476,35.854317,139.819472,OK,18,0.7,0.9,9.82,0.01,STABLE,-1.9,-5.4,(2, 3, 1, 0),False,8.0,WARN(CAL),0.00,-0.24,True,34.7,
1769845485.503,35.854397,139.819460,OK,18,0.7,1.2,9.77,0.04,STABLE,-1.9,-5.6,(2, 3, 1, 0),False,9.0,WARN(CAL),0.00,-0.34,True,35.7,
1769845486.528,35.854483,139.819440,OK,18,0.7,1.2,9.54,0.26,STABLE,-1.9,-5.6,(2, 3, 1, 0),False,9.8,WARN(CAL),0.00,-0.27,True,36.7,
1769845487.561,35.854572,139.819420,OK,18,0.7,1.5,10.02,0.22,STABLE,-1.9,-5.8,(2, 3, 1, 0),False,10.0,WARN(CAL),0.00,-0.44,True,37.8,
1769845488.586,35.854665,139.819403,OK,18,0.7,1.6,9.81,0.00,STABLE,-1.9,-5.8,(2, 3, 1, 0),False,10.5,WARN(CAL),0.00,-0.46,True,38.8,
1769845489.657,35.854777,139.819375,OK,18,0.7,1.9,9.50,0.30,STABLE,-1.9,-5.8,(2, 3, 1, 0),False,12.7,WARN(CAL),0.00,-0.29,True,39.9,
1769845490.685,35.854905,139.819392,OK,17,0.7,0.8,9.54,0.26,STABLE,-2.0,-6.0,(2, 3, 1, 0),False,14.3,WARN(CAL),0.00,-0.36,True,40.9,
1769845491.709,35.855003,139.819418,OK,17,0.7,0.4,9.77,0.03,STABLE,-2.0,-6.1,(2, 3, 1, 0),False,11.2,WARN(CAL),0.00,-0.36,True,41.9,
1769845492.740,35.855093,139.819420,OK,17,0.7,0.7,9.80,0.01,STABLE,-2.0,-6.1,(0, 3, 1, 0),False,10.0,WARN(CAL),0.00,-0.37,True,42.9,
1769845493.771,35.855208,139.819427,OK,17,0.8,0.0,9.73,0.07,STABLE,-2.0,-6.1,(2, 3, 1, 0),False,12.8,WARN(CAL),0.00,-0.35,True,44.0,
1769845494.838,35.855315,139.819452,OK,17,0.7,-0.6,9.77,0.03,STABLE,-2.0,-6.1,(2, 3, 1, 0),False,12.1,WARN(CAL),0.00,-0.36,True,45.0,
1769845495.915,35.855402,139.819493,OK,18,0.7,-0.2,9.78,0.03,STABLE,-2.0,-6.1,(0, 3, 1, 0),False,10.3,WARN(CAL),0.00,-0.35,True,46.1,
1769845496.943,35.855503,139.819530,OK,18,0.7,0.2,9.79,0.02,STABLE,-2.0,-6.1,(2, 3, 1, 0),False,11.8,WARN(CAL),0.00,-0.36,True,47.1,
1769845497.973,35.855580,139.819580,OK,18,0.7,1.3,9.74,0.07,STABLE,-2.0,-6.1,(2, 3, 1, 0),False,9.6,WARN(CAL),0.00,-0.33,True,48.2,
1769845498.998,35.855677,139.819617,OK,18,0.7,0.8,9.79,0.02,STABLE,-2.0,-6.1,(0, 3, 1, 0),False,11.2,WARN(CAL),0.00,-0.33,True,49.2,
1769845500.025,35.855768,139.819682,OK,18,0.7,1.6,9.77,0.03,STABLE,-2.0,-6.1,(0, 3, 1, 0),False,11.8,WARN(CAL),0.00,-0.32,True,50.2,
1769845501.092,35.855845,139.819735,OK,18,0.7,2.4,9.75,0.05,STABLE,-2.0,-6.1,(2, 3, 1, 0),False,9.8,WARN(CAL),0.00,-0.35,True,51.3,
1769845502.171,35.855913,139.819787,OK,18,0.7,2.4,9.76,0.05,STABLE,-2.0,-6.1,(0, 3, 1, 0),False,8.9,WARN(CAL),0.00,-0.36,True,52.4,
1769845503.228,35.855990,139.819832,OK,18,0.8,2.2,9.75,0.05,STABLE,-2.0,-6.1,(2, 3, 1, 0),False,9.4,WARN(CAL),0.00,-0.31,True,53.4,
1769845504.300,35.856077,139.819875,OK,18,0.7,2.2,9.76,0.04,STABLE,-2.0,-6.1,(2, 3, 1, 0),False,10.4,WARN(CAL),0.00,-0.34,True,54.5,
1769845505.365,35.856178,139.819898,OK,18,0.7,2.5,9.77,0.04,STABLE,-2.0,-6.1,(2, 3, 1, 0),False,11.5,WARN(CAL),0.00,-0.34,True,55.6,
1769845506.427,35.856268,139.819928,OK,18,0.8,2.4,9.78,0.02,STABLE,-2.0,-6.1,(2, 3, 1, 0),False,10.4,WARN(CAL),0.00,-0.35,True,56.6,
1769845507.503,35.856355,139.819963,OK,18,0.7,2.1,9.80,0.01,STABLE,-2.0,-6.1,(2, 3, 1, 0),False,10.1,WARN(CAL),0.00,-0.35,True,57.7,
1769845508.535,35.856443,139.819987,OK,18,0.7,1.7,9.76,0.04,STABLE,-2.0,-6.1,(0, 3, 1, 0),False,10.0,WARN(CAL),0.00,-0.34,True,58.7,
1769845509.568,35.856522,139.820005,OK,19,0.7,1.5,9.76,0.05,STABLE,-2.0,-6.1,(0, 3, 1, 0),False,8.9,WARN(CAL),0.00,-0.34,True,59.8,
1769845510.599,35.856612,139.820027,OK,19,0.7,2.2,9.80,0.00,STABLE,-2.0,-6.1,(2, 3, 1, 0),False,10.2,WARN(CAL),0.00,-0.34,True,60.8,
1769845511.628,35.856702,139.820048,OK,16,0.7,3.1,9.78,0.03,STABLE,-2.0,-6.1,(2, 3, 1, 0),False,10.2,WARN(CAL),0.00,-0.35,True,61.8,
1769845512.695,35.856792,139.820053,OK,17,0.7,3.3,9.76,0.05,STABLE,-2.0,-6.1,(0, 3, 1, 0),False,10.0,WARN(CAL),0.00,-0.35,True,62.9,
1769845513.724,35.856880,139.820087,OK,18,0.7,4.0,9.75,0.05,STABLE,-2.0,-6.1,(2, 3, 1, 0),False,10.3,WARN(CAL),0.00,-0.35,True,63.9,
1769845514.748,35.856973,139.820110,OK,17,0.7,3.9,9.77,0.03,STABLE,-2.0,-6.1,(2, 3, 1, 0),False,10.6,WARN(CAL),0.00,-0.36,True,64.9,
1769845515.777,35.857068,139.820137,OK,17,0.7,4.0,9.79,0.02,STABLE,-2.0,-6.1,(2, 3, 1, 0),False,10.8,WARN(CAL),0.00,-0.35,True,66.0,
1769845516.809,35.857162,139.820162,OK,18,0.7,4.3,9.77,0.04,STABLE,-2.0,-6.1,(2, 3, 1, 0),False,10.6,WARN(CAL),0.00,-0.34,True,67.0,
1769845517.874,35.857265,139.820187,OK,18,0.7,4.0,9.74,0.06,STABLE,-2.0,-6.1,(0, 3, 1, 0),False,11.7,WARN(CAL),0.00,-0.37,True,68.1,
1769845518.957,35.857363,139.820208,OK,18,0.7,3.8,9.71,0.09,STABLE,-2.0,-6.1,(2, 3, 1, 0),False,11.1,WARN(CAL),0.00,-0.35,True,69.2,
1769845519.983,35.857462,139.820232,OK,18,0.7,3.7,9.76,0.05,STABLE,-2.0,-6.1,(0, 3, 1, 0),False,11.1,WARN(CAL),0.00,-0.35,True,70.2,
1769845521.012,35.857558,139.820253,OK,18,0.7,3.5,9.79,0.01,STABLE,-2.0,-6.1,(2, 3, 1, 0),False,10.9,WARN(CAL),0.00,-0.35,True,71.2,
1769845522.042,35.857642,139.820277,OK,18,0.7,3.0,9.76,0.04,STABLE,-2.0,-6.1,(2, 3, 1, 0),False,9.5,WARN(CAL),0.00,-0.36,True,72.2,
1769845523.075,35.857718,139.820297,OK,18,0.7,2.7,9.78,0.03,STABLE,-2.0,-6.1,(2, 3, 1, 0),False,8.7,WARN(CAL),0.00,-0.35,True,73.3,
1769845524.152,35.857783,139.820317,OK,18,0.7,2.4,9.79,0.02,STABLE,-2.0,-6.1,(0, 3, 1, 0),False,7.4,WARN(CAL),0.00,-0.35,True,74.3,
1769845525.216,35.857843,139.820335,OK,18,0.7,1.7,9.77,0.04,STABLE,-2.0,-6.1,(2, 3, 1, 0),False,6.9,WARN(CAL),0.00,-0.34,True,75.4,
1769845526.293,35.857895,139.820350,OK,18,0.7,1.9,9.70,0.10,STABLE,-2.0,-6.1,(0, 3, 1, 0),False,5.9,WARN(CAL),0.00,-0.37,True,76.5,
1769845527.364,35.857932,139.820362,OK,18,0.7,2.0,9.76,0.04,STABLE,-2.0,-6.1,(0, 3, 1, 0),False,4.2,WARN(CAL),0.00,-0.36,True,77.6,
1769845528.394,35.857960,139.820370,OK,18,0.7,1.6,9.80,0.01,STABLE,-2.0,-6.1,(0, 3, 1, 0),False,3.2,WARN(CAL),0.00,-0.36,True,78.6,
1769845529.426,35.857978,139.820375,OK,18,0.7,1.4,9.81,0.01,STABLE,-2.0,-6.1,(2, 3, 1, 0),False,2.1,WARN(CAL),0.00,-0.35,True,79.6,
1769845530.455,35.857982,139.820378,OK,18,0.7,1.5,9.78,0.02,STABLE,-2.0,-6.1,(0, 3, 1, 0),False,0.5,WARN(CAL),0.00,-0.36,True,80.7,
1769845531.484,35.857983,139.820378,OK,18,0.7,1.5,9.80,0.01,STABLE,-2.0,-6.1,(2, 3, 1, 0),False,0.2,WARN(CAL),0.00,-0.37,True,81.7,
1769845532.545,35.857982,139.820378,OK,18,0.7,1.6,9.92,0.11,STABLE,-2.1,-7.0,(2, 3, 1, 0),False,0.2,WARN(CAL),0.00,-0.47,True,82.7,
1769845533.624,35.857982,139.820380,OK,18,0.7,1.8,9.96,0.16,STABLE,-2.9,-13.8,(2, 3, 1, 0),False,0.2,WARN(CAL),0.00,-0.52,True,83.8,
1769845534.703,35.857982,139.820380,OK,18,0.7,1.9,8.89,0.92,SHAKE,-3.4,-13.8,(2, 3, 1, 0),False,0.0,WARN(CAL),0.00,-0.38,True,84.9,
1769845535.731,35.857982,139.820380,OK,18,0.7,1.8,10.14,0.33,STABLE,-5.0,-14.9,(0, 3, 1, 0),False,0.0,WARN(CAL),0.00,-0.80,True,85.9,
1769845536.757,35.857982,139.820378,OK,18,0.7,1.8,10.27,0.47,STABLE,-4.7,-14.1,(0, 3, 1, 0),False,0.2,WARN(CAL),0.00,-1.81,True,87.0,
1769845537.783,35.857983,139.820378,OK,18,0.7,1.8,8.46,1.34,SHAKE,-4.8,-11.3,(2, 3, 1, 0),False,0.2,WARN(CAL),0.00,-0.29,True,88.0,
1769845538.811,35.857983,139.820377,OK,18,0.7,1.7,9.88,0.07,STABLE,-3.8,-11.4,(2, 3, 1, 0),False,0.2,WARN(CAL),0.00,-0.69,True,89.0,
1769845539.874,35.857982,139.820378,OK,18,0.7,1.7,10.64,0.83,SHAKE,-3.7,-11.7,(2, 3, 1, 0),False,0.2,WARN(CAL),0.00,-0.83,True,90.1,
1769845540.950,35.857982,139.820380,OK,17,0.7,1.8,10.01,0.20,STABLE,-3.9,-11.3,(2, 3, 1, 0),False,0.2,WARN(CAL),0.00,-0.16,True,91.1,
1769845542.032,35.857980,139.820380,OK,17,0.7,1.7,8.56,1.25,SHAKE,-3.7,-11.0,(2, 3, 1, 0),False,0.2,WARN(CAL),0.00,0.07,True,92.2,
1769845543.058,35.857982,139.820380,OK,17,0.7,1.7,10.93,1.13,SHAKE,-3.8,-10.9,(0, 3, 1, 0),False,0.2,WARN(CAL),0.00,-1.14,True,93.3,
1769845544.084,35.857982,139.820380,OK,17,0.7,1.8,9.55,0.26,STABLE,-3.4,-10.2,(0, 3, 1, 0),False,0.0,WARN(CAL),0.00,0.05,True,94.3,
1769845545.108,35.857982,139.820380,OK,17,0.7,1.8,8.87,0.94,SHAKE,-3.8,-10.2,(2, 3, 1, 0),False,0.0,WARN(CAL),0.00,-0.31,True,95.3,
1769845546.133,35.857980,139.820380,OK,17,0.7,1.8,8.32,1.48,SHAKE,-12.2,-9.6,(2, 3, 1, 0),False,0.2,WARN(CAL),0.00,-0.42,True,96.3,
1769845547.196,35.857980,139.820382,OK,17,0.7,1.8,10.24,0.44,STABLE,-4.2,-9.7,(0, 3, 1, 0),False,0.2,WARN(CAL),0.00,0.00,True,97.4,
1769845548.273,35.857980,139.820382,OK,17,0.7,1.8,9.90,0.09,STABLE,-4.4,-9.5,(0, 3, 1, 0),False,0.0,WARN(CAL),0.00,-0.31,True,98.5,
1769845549.301,35.857982,139.820382,OK,18,0.7,1.8,9.61,0.20,STABLE,-4.8,-9.3,(2, 3, 1, 0),False,0.2,WARN(CAL),0.00,-0.64,True,99.5,
1769845550.328,35.857982,139.820382,OK,18,0.7,1.8,9.98,0.17,STABLE,-4.8,-9.0,(2, 3, 1, 0),False,0.0,WARN(CAL),0.00,-0.23,True,100.5,
1769845551.353,35.857980,139.820383,OK,18,0.7,1.8,8.91,0.89,SHAKE,-5.1,-8.8,(0, 3, 1, 0),False,0.2,WARN(CAL),0.00,-0.28,True,101.5,
1769845552.379,35.857980,139.820383,OK,18,0.7,1.7,9.04,0.77,SHAKE,-5.0,-8.1,(2, 3, 1, 0),False,0.0,WARN(CAL),0.00,-0.04,True,102.6,
1769845553.456,35.857980,139.820383,OK,18,0.7,1.7,10.25,0.44,STABLE,-5.4,-8.0,(2, 3, 1, 0),False,0.0,WARN(CAL),0.00,-0.43,True,103.7,
1769845554.484,35.857980,139.820383,OK,17,0.7,1.7,11.12,1.31,SHAKE,-5.6,-7.8,(2, 3, 1, 0),False,0.0,WARN(CAL),0.00,-0.32,True,104.7,
1769845555.512,35.857980,139.820382,OK,17,0.7,1.7,10.10,0.29,STABLE,-5.4,-7.4,(2, 3, 1, 0),False,0.2,WARN(CAL),0.00,-1.05,True,105.7,
1769845556.541,35.857980,139.820383,OK,16,0.7,1.7,9.19,0.62,SHAKE,-5.3,-7.2,(2, 3, 1, 0),False,0.2,WARN(CAL),0.00,0.16,True,106.7,
1769845557.572,35.857980,139.820382,OK,18,0.7,1.7,9.65,0.15,STABLE,-5.3,-6.4,(0, 3, 1, 0),False,0.2,WARN(CAL),0.00,-0.31,True,107.8,
1769845558.654,35.857978,139.820383,OK,18,0.7,1.7,11.01,1.21,SHAKE,-5.6,-6.1,(2, 3, 1, 0),False,0.2,WARN(CAL),0.00,-0.80,True,108.9,
1769845559.675,35.857977,139.820382,OK,17,0.7,1.7,9.21,0.60,SHAKE,-5.4,-5.5,(0, 3, 1, 0),False,0.2,WARN(CAL),0.00,-1.83,True,109.9,
1769845560.705,35.857978,139.820382,OK,17,0.7,1.7,10.69,0.89,SHAKE,-13.7,-6.2,(2, 3, 1, 0),False,0.2,WARN(CAL),0.00,-0.82,True,110.9,
1769845561.736,35.857978,139.820382,OK,17,0.7,1.7,9.28,0.53,SHAKE,-5.7,-6.3,(0, 3, 1, 0),False,0.0,WARN(CAL),0.00,-0.54,True,111.9,
1769845562.762,35.857978,139.820383,OK,17,0.7,1.6,14.70,4.90,IMPACT,-5.3,-6.4,(2, 3, 1, 0),False,0.2,WARN(CAL),0.00,-0.46,True,113.0,
1769845563.823,35.857977,139.820383,OK,17,0.7,1.6,9.72,0.09,STABLE,-5.7,-6.1,(2, 3, 1, 0),False,0.2,WARN(CAL),0.00,-0.97,True,114.0,
1769845564.850,35.857977,139.820382,OK,17,0.7,1.7,9.91,0.11,STABLE,-5.6,-5.4,(2, 3, 1, 0),False,0.2,WARN(CAL),0.00,-0.47,True,115.0,
1769845565.879,35.857977,139.820382,OK,16,0.8,1.7,9.57,0.23,STABLE,-6.1,-5.3,(2, 3, 1, 0),False,0.0,WARN(CAL),0.00,-0.74,True,116.1,
1769845566.906,35.857977,139.820382,OK,16,0.8,1.6,9.43,0.38,STABLE,-5.8,-4.9,(2, 3, 1, 0),False,0.0,WARN(CAL),0.00,-0.34,True,117.1,
1769845567.937,35.857977,139.820382,OK,16,0.8,1.6,9.34,0.47,STABLE,-6.1,-4.9,(0, 3, 1, 0),False,0.0,WARN(CAL),0.00,-0.83,True,118.1,
1769845569.008,35.857977,139.820382,OK,16,0.8,1.6,9.92,0.12,STABLE,-5.4,-4.9,(2, 3, 1, 0),False,0.0,WARN(CAL),0.00,-1.74,True,119.2,
1769845570.081,35.857977,139.820382,OK,16,0.8,1.6,9.63,0.18,STABLE,-6.2,-4.6,(0, 3, 1, 0),False,0.0,WARN(CAL),0.00,-1.18,True,120.3,
1769845571.146,35.857977,139.820382,OK,16,0.8,1.6,10.87,1.06,SHAKE,-6.2,-4.2,(2, 3, 1, 0),False,0.0,WARN(CAL),0.00,0.80,False,0.0,STOP_END
1769845572.215,35.857978,139.820380,OK,16,0.8,1.6,10.54,0.74,SHAKE,-6.2,-4.0,(2, 3, 1, 0),False,0.2,WARN(CAL),0.00,-0.57,True,0.0,STOP_START
1769845573.282,35.857978,139.820380,OK,16,0.8,1.6,9.69,0.11,STABLE,-6.4,-3.8,(2, 3, 1, 0),False,0.0,WARN(CAL),0.00,-1.87,True,1.1,
1769845574.346,35.857978,139.820378,OK,17,0.8,1.6,11.40,1.60,SHAKE,-6.0,-4.2,(0, 3, 1, 0),False,0.2,WARN(CAL),0.00,-1.73,True,2.1,
1769845575.376,35.857978,139.820377,OK,17,0.8,1.6,9.77,0.04,STABLE,-6.8,-4.8,(2, 3, 1, 0),False,0.2,WARN(CAL),0.00,-1.88,True,3.2,
1769845576.401,35.857978,139.820375,OK,17,0.8,1.6,8.79,1.02,SHAKE,-6.5,-5.2,(0, 3, 1, 0),False,0.2,WARN(CAL),0.00,-0.27,True,4.2,
1769845577.428,35.857980,139.820372,OK,17,0.8,1.6,10.71,0.90,SHAKE,-6.6,-4.9,(2, 3, 1, 0),False,0.4,WARN(CAL),0.00,-0.32,True,5.2,
1769845578.456,35.857978,139.820370,OK,17,0.8,1.6,9.57,0.24,STABLE,-6.3,-5.0,(2, 3, 1, 0),False,0.2,WARN(CAL),0.00,-0.64,True,6.2,
1769845579.519,35.857980,139.820372,OK,17,0.8,1.6,9.01,0.79,SHAKE,-7.6,-4.5,(2, 3, 1, 0),False,0.2,WARN(CAL),0.00,-0.92,True,7.3,
1769845580.584,35.857978,139.820368,OK,17,0.8,1.6,10.11,0.30,STABLE,-7.7,-4.6,(2, 3, 1, 0),False,0.4,WARN(CAL),0.00,-0.51,True,8.4,
1769845581.615,35.857980,139.820370,OK,17,0.8,1.6,9.71,0.09,STABLE,-7.8,-4.1,(2, 3, 1, 0),False,0.2,WARN(CAL),0.00,-0.71,True,9.4,
1769845582.646,35.857978,139.820368,OK,18,0.8,1.6,11.12,1.32,SHAKE,-6.8,-4.2,(2, 3, 1, 0),False,0.2,WARN(CAL),0.00,-0.86,True,10.4,
1769845583.673,35.857978,139.820368,OK,19,0.7,1.5,10.85,1.04,SHAKE,-6.8,-4.4,(2, 3, 1, 0),False,0.0,WARN(CAL),0.00,-0.29,True,11.5,
1769845584.705,35.857978,139.820370,OK,19,0.7,1.5,8.89,0.92,SHAKE,-6.6,-4.3,(2, 3, 1, 0),False,0.2,WARN(CAL),0.00,-0.91,True,12.5,
1769845585.780,35.857978,139.820368,OK,19,0.7,1.5,7.74,2.07,IMPACT,-6.6,-4.1,(2, 3, 1, 0),False,0.2,WARN(CAL),0.00,-1.14,True,13.6,
1769845586.845,35.857980,139.820368,OK,19,0.7,1.5,9.36,0.45,STABLE,-6.2,-4.1,(0, 3, 1, 0),False,0.2,WARN(CAL),0.00,-0.52,True,14.6,
1769845587.921,35.857980,139.820370,OK,18,0.7,1.5,8.78,1.03,SHAKE,-6.2,-3.9,(2, 3, 1, 0),False,0.2,WARN(CAL),0.00,0.25,True,15.7,
1769845589.002,35.857990,139.820373,OK,18,0.7,1.5,9.28,0.52,SHAKE,-6.6,-3.6,(2, 3, 1, 0),False,1.2,WARN(CAL),0.00,-1.12,True,16.8,
1769845590.027,35.858012,139.820383,OK,17,0.7,1.4,9.91,0.11,STABLE,-6.4,-3.6,(2, 3, 1, 0),False,2.6,WARN(CAL),0.00,-0.70,True,17.8,
1769845591.055,35.858043,139.820392,OK,18,0.7,1.4,10.12,0.31,STABLE,-5.9,-3.5,(2, 3, 1, 0),False,3.6,WARN(CAL),0.00,-0.62,True,18.8,
1769845592.085,35.858087,139.820402,OK,17,0.7,1.4,10.22,0.42,STABLE,-5.7,-3.2,(2, 3, 1, 0),False,4.9,WARN(CAL),0.00,-0.12,True,19.9,
1769845593.113,35.858138,139.820415,OK,16,0.8,1.3,9.09,0.71,SHAKE,-5.2,-3.2,(2, 3, 1, 0),False,5.9,WARN(CAL),0.00,-0.22,True,20.9,
1769845594.180,35.858195,139.820432,OK,17,0.7,1.2,9.43,0.37,STABLE,-4.1,-3.9,(2, 3, 1, 0),False,6.5,WARN(CAL),0.00,0.17,True,22.0,
1769845595.251,35.858260,139.820450,OK,17,0.7,1.1,9.53,0.28,STABLE,-3.7,-4.4,(0, 3, 1, 0),False,7.4,WARN(CAL),0.00,-0.94,True,23.0,
1769845596.318,35.858333,139.820467,OK,17,0.7,1.0,10.06,0.25,STABLE,-3.9,-3.9,(0, 3, 1, 0),False,8.3,WARN(CAL),0.00,-0.45,True,24.1,
1769845597.393,35.858415,139.820483,OK,17,0.7,0.9,11.02,1.21,SHAKE,-3.6,-4.1,(2, 3, 1, 0),False,9.2,WARN(CAL),0.00,-0.90,True,25.2,
1769845598.422,35.858503,139.820503,OK,17,0.7,0.8,9.43,0.37,STABLE,-4.0,-3.5,(2, 3, 1, 0),False,10.0,WARN(CAL),0.00,-0.29,True,26.2,
1769845599.449,35.858592,139.820525,OK,17,0.7,0.6,9.45,0.35,STABLE,-3.8,-3.9,(0, 3, 1, 0),False,10.0,WARN(CAL),0.00,-0.39,True,27.2,
1769845600.476,35.858678,139.820550,OK,17,0.7,0.5,10.19,0.38,STABLE,-3.6,-3.6,(2, 3, 1, 0),False,9.9,WARN(CAL),0.00,-0.69,True,28.3,
1769845601.501,35.858773,139.820570,OK,17,0.7,0.2,9.83,0.03,STABLE,-3.1,-3.4,(2, 3, 1, 0),False,10.7,WARN(CAL),0.00,-0.56,True,29.3,
1769845602.566,35.858875,139.820587,OK,17,0.7,0.1,10.00,0.19,STABLE,-2.7,-3.6,(2, 3, 1, 0),False,11.4,WARN(CAL),0.00,-0.30,True,30.4,
1769845603.635,35.858970,139.820602,OK,17,0.7,0.4,9.51,0.30,STABLE,-2.8,-3.8,(0, 3, 1, 0),False,10.6,WARN(CAL),0.00,-0.55,True,31.4,
1769845604.692,35.859058,139.820633,OK,17,0.7,0.7,9.21,0.59,SHAKE,-3.2,-3.8,(2, 3, 1, 0),False,10.2,WARN(CAL),0.00,0.04,True,32.5,
1769845605.772,35.859147,139.820655,OK,17,0.7,-0.2,9.79,0.01,STABLE,-2.8,-4.6,(0, 3, 1, 0),False,10.0,WARN(CAL),0.00,-0.27,True,33.6,
1769845606.804,35.859243,139.820685,OK,17,0.7,-0.5,9.34,0.46,STABLE,-2.7,-4.1,(2, 3, 1, 0),False,11.1,WARN(CAL),0.00,-0.66,True,34.6,
1769845607.829,35.859335,139.820710,OK,17,0.7,-0.8,10.31,0.51,SHAKE,-2.5,-3.8,(2, 3, 1, 0),False,10.4,WARN(CAL),0.00,-0.69,True,35.6,
1769845608.855,35.859445,139.820725,OK,16,0.8,-0.6,10.31,0.51,SHAKE,-2.8,-3.6,(2, 3, 1, 0),False,12.3,WARN(CAL),0.00,-0.07,True,36.6,
1769845609.882,35.859545,139.820758,OK,16,0.8,0.1,9.70,0.11,STABLE,-2.9,-3.5,(2, 3, 1, 0),False,11.5,WARN(CAL),0.00,-0.64,True,37.7,
1769845610.945,35.859637,139.820790,OK,15,0.8,-0.5,9.39,0.41,STABLE,-3.1,-3.3,(2, 3, 1, 0),False,10.6,WARN(CAL),0.00,-0.55,True,38.7,
1769845612.029,35.859712,139.820807,OK,15,0.8,-0.3,9.59,0.22,STABLE,-2.6,-3.4,(2, 3, 1, 0),False,8.5,WARN(CAL),0.00,-1.00,True,39.8,
1769845613.094,35.859803,139.820823,OK,17,0.8,-0.4,10.86,1.06,SHAKE,-2.9,-3.6,(2, 3, 1, 0),False,10.3,WARN(CAL),0.00,-0.14,True,40.9,
1769845614.162,35.859895,139.820860,OK,17,0.8,-0.4,10.25,0.44,STABLE,-2.2,-3.1,(2, 3, 1, 0),False,10.7,WARN(CAL),0.00,-1.61,True,41.9,
1769845615.190,35.859972,139.820878,OK,16,0.8,-0.1,9.90,0.09,STABLE,-2.2,-3.9,(0, 3, 1, 0),False,8.7,WARN(CAL),0.00,-0.08,True,43.0,
1769845616.221,35.860057,139.820905,OK,18,0.7,-0.1,9.72,0.08,STABLE,-2.1,-4.8,(2, 3, 1, 0),False,9.8,WARN(CAL),0.00,0.08,True,44.0,
1769845617.248,35.860133,139.820923,OK,19,0.7,-0.3,9.94,0.14,STABLE,-1.6,-5.1,(2, 3, 1, 0),False,8.7,WARN(CAL),0.00,0.23,True,45.0,
1769845618.277,35.860215,139.820928,OK,19,0.7,-0.3,10.13,0.32,STABLE,-0.4,-5.2,(2, 3, 1, 0),False,9.1,WARN(CAL),0.00,0.19,True,46.1,
1769845619.355,35.860300,139.820932,OK,19,0.7,0.1,9.54,0.27,STABLE,-0.2,-4.9,(2, 3, 1, 0),False,9.5,WARN(CAL),0.00,-0.01,True,47.1,
1769845620.384,35.860392,139.820937,OK,17,0.7,0.2,9.69,0.11,STABLE,-0.9,-5.0,(2, 3, 1, 0),False,10.2,WARN(CAL),0.00,0.22,True,48.2,
1769845621.406,35.860490,139.820952,OK,18,0.7,0.3,9.54,0.27,STABLE,0.3,-5.0,(2, 3, 1, 0),False,11.0,WARN(CAL),0.00,-0.02,True,49.2,
1769845622.438,35.860600,139.820957,OK,17,0.7,-0.5,10.03,0.23,STABLE,1.0,-4.7,(2, 3, 1, 0),False,12.2,WARN(CAL),0.00,0.45,False,0.0,STOP_END
1769845623.465,35.860697,139.820958,OK,17,0.7,-0.4,9.41,0.40,STABLE,0.8,-4.5,(2, 3, 1, 0),False,10.7,WARN(CAL),0.00,0.33,True,0.0,STOP_START
1769845624.540,35.860792,139.820957,OK,17,0.7,-0.3,10.11,0.30,STABLE,0.2,-4.9,(2, 3, 1, 0),False,10.6,WARN(CAL),0.00,1.24,False,0.0,STOP_END
1769845625.602,35.860910,139.820942,OK,19,0.7,1.5,10.21,0.40,STABLE,-0.4,-4.1,(2, 3, 1, 0),False,13.2,WARN(CAL),0.00,0.21,True,0.0,STOP_START
1769845626.669,35.861007,139.820938,OK,19,0.7,1.6,10.08,0.28,STABLE,-1.1,-3.2,(2, 3, 1, 0),False,10.8,WARN(CAL),0.00,-0.26,True,1.1,
1769845627.730,35.861092,139.820897,OK,19,0.7,1.0,9.69,0.12,STABLE,-0.4,-2.8,(2, 3, 1, 0),False,10.2,WARN(CAL),0.00,0.09,True,2.1,
1769845628.815,35.861183,139.820890,OK,18,0.7,2.2,9.72,0.08,STABLE,-0.1,-1.6,(2, 3, 1, 0),False,10.2,WARN(CAL),0.00,-0.27,True,3.2,
1769845629.880,35.861255,139.820888,OK,19,0.7,2.4,9.77,0.03,STABLE,-0.3,1.0,(2, 3, 1, 0),False,8.0,WARN(CAL),0.00,0.11,True,4.3,
1769845630.957,35.861333,139.820882,OK,18,0.7,2.7,14.81,5.01,IMPACT,0.4,0.6,(0, 3, 1, 0),False,8.7,WARN(CAL),0.00,3.13,False,0.0,STOP_END
1769845631.984,35.861408,139.820860,OK,19,0.7,3.4,9.76,0.05,STABLE,-0.9,1.2,(2, 3, 1, 0),False,8.6,WARN(CAL),0.00,-0.23,True,0.0,STOP_START
1769845633.012,35.861502,139.820833,OK,19,0.7,3.2,9.69,0.12,STABLE,-1.2,-0.2,(2, 3, 1, 0),False,10.7,WARN(CAL),0.00,-0.23,True,1.0,
1769845634.039,35.861593,139.820807,OK,19,0.7,3.7,9.61,0.20,STABLE,-1.4,-0.4,(0, 3, 1, 0),False,10.5,WARN(CAL),0.00,-0.05,True,2.1,
1769845635.068,35.861700,139.820777,OK,19,0.7,4.4,9.76,0.05,STABLE,-1.6,-0.6,(2, 3, 1, 0),False,12.2,WARN(CAL),0.00,-0.21,True,3.1,
1769845636.146,35.861795,139.820735,OK,19,0.7,3.6,9.67,0.14,STABLE,-1.8,-2.4,(2, 3, 1, 0),False,11.2,WARN(CAL),0.00,-0.40,True,4.2,
1769845637.212,35.861888,139.820698,OK,19,0.7,3.0,9.96,0.16,STABLE,-3.6,-14.0,(0, 3, 1, 0),False,10.9,WARN(CAL),0.00,-0.80,True,5.2,
1769845638.284,35.861987,139.820668,OK,19,0.7,3.2,10.08,0.28,STABLE,-4.1,-16.2,(2, 3, 1, 0),False,11.3,WARN(CAL),0.00,-0.58,True,6.3,
1769845639.351,35.862098,139.820627,OK,19,0.7,3.5,12.28,2.47,IMPACT,-3.2,-18.1,(2, 3, 1, 0),False,13.0,WARN(CAL),0.00,-0.86,True,7.4,
1769845640.414,35.862192,139.820565,OK,19,0.7,3.9,12.16,2.36,IMPACT,-3.5,-17.2,(2, 3, 1, 0),False,11.8,WARN(CAL),0.00,-0.71,True,8.4,
1769845641.490,35.862283,139.820515,OK,19,0.7,4.3,9.71,0.10,STABLE,-3.5,-16.4,(2, 3, 1, 0),False,11.1,WARN(CAL),0.00,0.24,True,9.5,
1769845642.563,35.862383,139.820477,OK,19,0.7,4.5,9.84,0.03,STABLE,-2.6,-12.1,(2, 3, 1, 0),False,11.6,WARN(CAL),0.00,0.03,True,10.6,
1769845643.588,35.862480,139.820437,OK,18,0.7,5.4,9.85,0.04,STABLE,-1.7,-10.0,(0, 3, 1, 0),False,11.3,WARN(CAL),0.00,-1.08,True,11.6,
1769845644.614,35.862578,139.820393,OK,18,0.7,4.5,11.45,1.64,SHAKE,0.0,-9.8,(2, 3, 1, 0),False,11.6,WARN(CAL),0.00,-1.06,True,12.6,
1769845645.640,35.862662,139.820343,OK,18,0.7,4.3,9.38,0.42,STABLE,1.5,-8.2,(2, 3, 1, 0),False,10.3,WARN(CAL),0.00,-0.05,True,13.7,
1769845646.670,35.862758,139.820298,OK,17,0.8,3.8,9.68,0.13,STABLE,1.2,-7.0,(2, 3, 1, 0),False,11.5,WARN(CAL),0.00,-0.76,True,14.7,
1769845647.733,35.862850,139.820252,OK,17,0.8,3.5,9.99,0.19,STABLE,1.0,-7.1,(2, 3, 1, 0),False,11.0,WARN(CAL),0.00,-1.36,True,15.7,
1769845648.809,35.862942,139.820205,OK,17,0.8,3.5,9.83,0.03,STABLE,1.0,-6.1,(2, 3, 1, 0),False,11.0,WARN(CAL),0.00,-0.88,True,16.8,
1769845649.842,35.863035,139.820158,OK,16,0.8,4.3,11.00,1.20,SHAKE,0.7,-5.9,(0, 3, 1, 0),False,11.2,WARN(CAL),0.00,-0.29,True,17.9,
1769845650.871,35.863120,139.820113,OK,16,0.9,4.6,10.66,0.86,SHAKE,1.2,-5.2,(2, 3, 1, 0),False,10.3,WARN(CAL),0.00,-0.12,True,18.9,
1769845651.901,35.863207,139.820077,OK,16,0.7,4.2,9.80,0.00,STABLE,1.9,-4.5,(2, 3, 1, 0),False,10.2,WARN(CAL),0.00,-0.49,True,19.9,
1769845652.927,35.863293,139.820032,OK,17,0.7,4.0,9.32,0.49,STABLE,1.2,-4.2,(0, 3, 1, 0),False,10.5,WARN(CAL),0.00,-0.38,True,20.9,
1769845654.005,35.863363,139.819962,OK,18,0.7,3.9,11.24,1.43,SHAKE,1.3,-3.5,(2, 3, 1, 0),False,10.0,WARN(CAL),0.00,-0.35,True,22.0,
1769845655.033,35.863455,139.819920,OK,16,0.8,3.8,10.24,0.44,STABLE,1.4,-3.3,(2, 3, 1, 0),False,10.9,WARN(CAL),0.00,0.24,True,23.0,
1769845656.057,35.863540,139.819872,OK,16,0.8,3.7,9.79,0.01,STABLE,2.9,-2.4,(2, 3, 1, 0),False,10.4,WARN(CAL),0.00,0.34,False,0.0,STOP_END
1769845657.083,35.863640,139.819837,OK,17,0.7,3.6,9.45,0.36,STABLE,2.8,-2.7,(0, 3, 1, 0),False,11.6,WARN(CAL),0.00,-0.34,True,0.0,STOP_START
1769845658.112,35.863732,139.819798,OK,16,0.8,3.5,10.08,0.27,STABLE,1.5,-2.8,(2, 3, 1, 0),False,10.8,WARN(CAL),0.00,-1.17,True,1.0,
1769845659.180,35.863817,139.819763,OK,16,0.8,3.4,9.48,0.33,STABLE,1.8,-2.9,(2, 3, 1, 0),False,10.0,WARN(CAL),0.00,-0.48,True,2.1,
1769845660.246,35.863895,139.819710,OK,17,0.7,4.2,9.52,0.28,STABLE,2.2,-2.4,(2, 3, 1, 0),False,9.9,WARN(CAL),0.00,0.49,False,0.0,STOP_END
1769845661.311,35.863982,139.819670,OK,17,0.7,4.4,10.52,0.71,SHAKE,2.9,-2.2,(2, 3, 1, 0),False,10.3,WARN(CAL),0.00,0.22,True,0.0,STOP_START
1769845662.342,35.864060,139.819632,OK,17,0.7,3.4,9.53,0.28,STABLE,3.4,-2.1,(2, 3, 1, 0),False,9.4,WARN(CAL),0.00,-0.67,True,1.0,
1769845663.368,35.864143,139.819593,OK,17,0.7,3.5,10.74,0.93,SHAKE,2.4,-2.3,(2, 3, 1, 0),False,9.9,WARN(CAL),0.00,-0.63,True,2.1,
1769845664.393,35.864223,139.819558,OK,17,0.7,3.4,9.57,0.23,STABLE,1.7,-2.8,(2, 3, 1, 0),False,9.4,WARN(CAL),0.00,-0.82,True,3.1,
1769845665.424,35.864307,139.819525,OK,17,0.7,3.3,8.60,1.20,SHAKE,1.7,-2.2,(0, 3, 1, 0),False,9.7,WARN(CAL),0.00,-0.57,True,4.1,
1769845666.493,35.864390,139.819490,OK,17,0.7,3.2,10.48,0.68,SHAKE,2.0,-1.4,(2, 3, 1, 0),False,9.8,WARN(CAL),0.00,-0.23,True,5.2,
1769845667.571,35.864470,139.819457,OK,17,0.7,3.4,8.02,1.79,SHAKE,2.2,-0.6,(2, 3, 1, 0),False,9.4,WARN(CAL),0.00,-1.21,True,6.3,
1769845668.599,35.864550,139.819422,OK,17,0.7,4.6,5.84,3.96,IMPACT,2.2,-0.6,(2, 3, 1, 0),False,9.4,WARN(CAL),0.00,-1.18,True,7.3,
1769845669.629,35.864633,139.819385,OK,16,0.8,4.4,10.09,0.29,STABLE,2.6,-0.1,(0, 3, 1, 0),False,9.8,WARN(CAL),0.00,-0.82,True,8.3,
1769845670.653,35.864722,139.819362,OK,17,0.7,4.4,7.84,1.97,SHAKE,3.6,0.6,(2, 3, 1, 0),False,10.0,WARN(CAL),0.00,-1.41,True,9.3,
1769845671.682,35.864805,139.819328,OK,16,0.7,4.7,8.02,1.79,SHAKE,4.2,1.2,(2, 3, 1, 0),False,9.7,WARN(CAL),0.00,0.63,False,0.0,STOP_END
1769845672.764,35.864890,139.819283,OK,15,0.8,4.9,9.71,0.09,STABLE,3.5,0.7,(0, 3, 1, 0),False,10.3,WARN(CAL),0.00,-0.52,True,0.0,STOP_START
1769845673.831,35.864973,139.819237,OK,16,0.7,5.5,9.88,0.07,STABLE,2.9,0.1,(2, 3, 1, 0),False,10.2,WARN(CAL),0.00,-0.32,True,1.1,
1769845674.912,35.865055,139.819188,OK,16,0.7,5.9,9.27,0.53,SHAKE,2.6,-0.2,(2, 3, 1, 0),False,10.1,WARN(CAL),0.00,-1.37,True,2.1,
1769845675.988,35.865132,139.819130,OK,17,0.7,5.9,10.89,1.09,SHAKE,3.4,0.0,(2, 3, 1, 0),False,10.0,WARN(CAL),0.00,-0.25,True,3.2,
1769845677.053,35.865215,139.819085,OK,17,0.7,7.1,9.85,0.05,STABLE,4.8,-0.8,(2, 3, 1, 0),False,10.1,WARN(CAL),0.00,0.00,True,4.3,
1769845678.128,35.865307,139.819042,OK,18,0.7,7.3,11.02,1.21,SHAKE,2.8,-0.9,(0, 3, 1, 0),False,10.9,WARN(CAL),0.00,0.59,False,0.0,STOP_END
1769845679.205,35.865400,139.818995,OK,18,0.7,7.4,10.33,0.53,SHAKE,2.9,0.9,(2, 3, 1, 0),False,11.2,WARN(CAL),0.00,-0.96,True,0.0,STOP_START
1769845680.237,35.865487,139.818960,OK,17,0.7,7.5,9.16,0.64,SHAKE,2.9,1.6,(2, 3, 1, 0),False,10.1,WARN(CAL),0.00,-0.54,True,1.0,
1769845681.270,35.865568,139.818928,OK,16,0.7,6.8,11.48,1.67,SHAKE,2.8,1.8,(2, 3, 1, 0),False,9.5,WARN(CAL),0.00,-0.90,True,2.1,
1769845682.303,35.865630,139.818890,OK,17,0.7,5.7,11.39,1.58,SHAKE,3.3,2.4,(2, 3, 1, 0),False,7.7,WARN(CAL),0.00,-0.48,True,3.1,
1769845683.331,35.865712,139.818863,OK,18,0.7,6.6,10.23,0.43,STABLE,5.2,3.1,(2, 3, 1, 0),False,9.4,WARN(CAL),0.00,-0.23,True,4.1,
1769845684.416,35.865790,139.818847,OK,19,0.7,6.9,10.35,0.54,SHAKE,5.6,3.8,(2, 3, 1, 0),False,8.8,WARN(CAL),0.00,-0.60,True,5.2,
1769845685.478,35.865868,139.818837,OK,19,0.7,7.3,9.60,0.21,STABLE,5.8,3.0,(2, 3, 1, 0),False,8.8,WARN(CAL),0.00,-0.45,True,6.3,
1769845686.547,35.865945,139.818832,OK,19,0.7,7.6,10.55,0.74,SHAKE,3.5,1.6,(2, 3, 1, 0),False,8.5,WARN(CAL),0.00,-0.75,True,7.3,
1769845687.615,35.866020,139.818832,OK,19,0.7,8.6,10.47,0.66,SHAKE,3.7,1.7,(2, 3, 1, 0),False,8.3,WARN(CAL),0.00,-0.28,True,8.4,
1769845688.682,35.866088,139.818828,OK,19,0.7,9.1,10.31,0.51,SHAKE,4.2,1.7,(0, 3, 1, 0),False,7.6,WARN(CAL),0.00,0.18,True,9.5,
1769845689.750,35.866152,139.818823,OK,19,0.7,9.3,8.94,0.87,SHAKE,4.4,1.8,(2, 3, 1, 0),False,7.1,WARN(CAL),0.00,0.18,True,10.5,
1769845690.776,35.866200,139.818825,OK,18,0.8,9.8,9.71,0.10,STABLE,2.0,-1.8,(2, 3, 1, 0),False,5.4,WARN(CAL),0.00,-0.02,True,11.6,
1769845691.802,35.866237,139.818823,OK,18,0.8,10.1,10.65,0.84,SHAKE,1.7,-2.2,(2, 3, 1, 0),False,4.1,WARN(CAL),0.00,0.17,True,12.6,
1769845692.832,35.866260,139.818823,OK,17,0.8,10.4,9.65,0.15,STABLE,1.3,-2.5,(2, 3, 1, 0),False,2.6,WARN(CAL),0.00,-0.81,True,13.6,
1769845693.864,35.866282,139.818823,OK,17,0.8,10.5,10.11,0.30,STABLE,1.1,-2.6,(0, 3, 1, 0),False,2.4,WARN(CAL),0.00,-0.25,True,14.7,
1769845694.943,35.866297,139.818825,OK,17,0.8,10.4,10.10,0.29,STABLE,0.2,-3.4,(2, 3, 1, 0),False,1.7,WARN(CAL),0.00,-0.25,True,15.7,
1769845696.019,35.866302,139.818828,OK,17,0.8,10.6,9.31,0.50,STABLE,0.2,-2.9,(2, 3, 1, 0),False,0.6,WARN(CAL),0.00,-0.46,True,16.8,
1769845697.092,35.866308,139.818828,OK,17,0.8,10.9,10.40,0.59,SHAKE,0.3,-2.2,(0, 3, 1, 0),False,0.7,WARN(CAL),0.00,0.18,True,17.9,
1769845698.162,35.866323,139.818832,OK,17,0.8,11.1,10.49,0.69,SHAKE,0.9,-2.7,(0, 3, 1, 0),False,1.7,WARN(CAL),0.00,-0.15,True,19.0,
1769845699.239,35.866342,139.818842,OK,18,0.7,11.9,,,?,1.1,-2.9,(2, 3, 1, 0),False,2.2,WARN(CAL),0.00,,True,20.0,
1769845700.297,35.866378,139.818852,OK,18,0.8,11.8,9.56,0.24,STABLE,0.2,-2.6,(0, 3, 1, 0),False,4.2,WARN(CAL),0.00,-0.26,True,21.1,
1769845701.377,35.866438,139.818857,OK,18,0.8,11.6,9.68,0.13,STABLE,-0.1,-2.0,(2, 3, 1, 0),False,6.7,WARN(CAL),0.00,-0.54,True,22.2,
1769845702.435,35.866507,139.818862,OK,18,0.8,11.8,9.99,0.18,STABLE,-0.1,-1.3,(2, 3, 1, 0),False,7.6,WARN(CAL),0.00,-0.22,True,23.2,
1769845703.513,35.866583,139.818867,OK,18,0.8,12.1,9.93,0.12,STABLE,-0.4,-0.7,(2, 3, 1, 0),False,8.5,WARN(CAL),0.00,-0.25,True,24.3,
1769845704.586,35.866665,139.818873,OK,18,0.8,11.8,10.22,0.42,STABLE,-0.2,-0.2,(2, 3, 1, 0),False,9.1,WARN(CAL),0.00,-0.29,True,25.4,
1769845705.619,35.866742,139.818883,OK,18,0.8,11.5,10.23,0.43,STABLE,-0.1,0.8,(0, 3, 1, 0),False,8.6,WARN(CAL),0.00,-0.47,True,26.4,
1769845706.649,35.866813,139.818887,OK,18,0.8,11.1,9.99,0.19,STABLE,0.0,2.1,(2, 3, 1, 0),False,8.0,WARN(CAL),0.00,-0.12,True,27.4,
1769845707.678,35.866880,139.818878,OK,17,0.9,11.0,9.37,0.44,STABLE,0.1,2.5,(0, 3, 1, 0),False,7.5,WARN(CAL),0.00,-0.34,True,28.5,
1769845708.708,35.866947,139.818862,OK,17,0.8,10.8,9.72,0.09,STABLE,0.1,2.4,(2, 3, 1, 0),False,7.6,WARN(CAL),0.00,-0.04,True,29.5,
1769845709.788,35.867010,139.818832,OK,18,0.7,10.5,10.13,0.33,STABLE,0.0,2.4,(2, 3, 1, 0),False,7.5,WARN(CAL),0.00,-0.18,True,30.6,
1769845710.820,35.867075,139.818797,OK,17,0.8,10.3,9.62,0.18,STABLE,-0.6,0.8,(2, 3, 1, 0),False,7.9,WARN(CAL),0.00,-0.14,True,31.6,
1769845711.848,35.867140,139.818758,OK,18,0.7,10.0,9.95,0.14,STABLE,-1.5,-3.8,(2, 3, 1, 0),False,8.0,WARN(CAL),0.00,-0.37,True,32.6,
1769845712.880,35.867208,139.818713,OK,18,0.7,9.8,9.65,0.16,STABLE,-1.7,-4.6,(2, 3, 1, 0),False,8.6,WARN(CAL),0.00,-0.29,True,33.7,
1769845713.905,35.867267,139.818670,OK,18,0.7,9.3,9.95,0.15,STABLE,-1.8,-4.9,(2, 3, 1, 0),False,7.6,WARN(CAL),0.00,-0.35,True,34.7,
1769845714.971,35.867328,139.818628,OK,18,0.7,9.3,9.76,0.05,STABLE,-1.8,-4.8,(2, 3, 1, 0),False,7.8,WARN(CAL),0.00,-0.36,True,35.8,
1769845716.003,35.867387,139.818587,OK,18,0.7,9.0,9.81,0.00,STABLE,-1.8,-4.6,(2, 3, 1, 0),False,7.5,WARN(CAL),0.00,-0.38,True,36.8,
1769845717.028,35.867447,139.818542,OK,18,0.7,8.4,9.95,0.14,STABLE,-1.8,-4.8,(2, 3, 1, 0),False,7.8,WARN(CAL),0.00,-0.35,True,37.8,
1769845718.052,35.867515,139.818498,OK,17,0.7,8.4,9.71,0.10,STABLE,-1.8,-4.9,(2, 3, 1, 0),False,8.5,WARN(CAL),0.00,-0.34,True,38.8,
1769845719.078,35.867587,139.818460,OK,17,0.8,7.7,9.84,0.03,STABLE,-1.8,-4.9,(0, 3, 1, 0),False,8.7,WARN(CAL),0.00,-0.34,True,39.9,
1769845720.147,35.867662,139.818415,OK,17,0.8,7.3,9.84,0.03,STABLE,-1.8,-4.9,(2, 3, 1, 0),False,9.3,WARN(CAL),0.00,-0.35,True,40.9,
1769845721.175,35.867735,139.818378,OK,17,0.8,6.8,9.65,0.16,STABLE,-1.8,-4.9,(2, 3, 1, 0),False,8.8,WARN(CAL),0.00,-0.28,True,42.0,
1769845722.197,35.867808,139.818350,OK,17,0.8,6.4,9.73,0.08,STABLE,-1.8,-4.9,(2, 3, 1, 0),False,8.5,WARN(CAL),0.00,-0.29,True,43.0,
1769845723.223,35.867878,139.818335,OK,17,0.8,6.0,10.11,0.30,STABLE,-1.8,-4.9,(2, 3, 1, 0),False,7.9,WARN(CAL),0.00,-0.39,True,44.0,
1769845724.248,35.867955,139.818323,OK,18,0.7,5.6,9.64,0.16,STABLE,-1.8,-4.9,(2, 3, 1, 0),False,8.6,WARN(CAL),0.00,-0.23,True,45.0,
1769845725.324,35.868033,139.818308,OK,18,0.7,5.1,9.89,0.09,STABLE,-1.8,-4.9,(0, 3, 1, 0),False,8.8,WARN(CAL),0.00,-0.40,True,46.1,
1769845726.404,35.868110,139.818292,OK,18,0.7,4.1,9.62,0.19,STABLE,-1.8,-4.9,(2, 3, 1, 0),False,8.7,WARN(CAL),0.00,-0.35,True,47.2,
1769845727.473,35.868185,139.818273,OK,18,0.7,3.6,9.71,0.10,STABLE,-1.8,-5.0,(2, 3, 1, 0),False,8.5,WARN(CAL),0.00,-0.31,True,48.3,
1769845728.547,35.868260,139.818253,OK,19,0.7,3.0,9.53,0.28,STABLE,-1.8,-5.0,(2, 3, 1, 0),False,8.5,WARN(CAL),0.00,-0.33,True,49.3,
1769845729.619,35.868342,139.818235,OK,19,0.7,2.7,9.71,0.10,STABLE,-1.8,-5.0,(0, 3, 1, 0),False,9.2,WARN(CAL),0.00,-0.30,True,50.4,
1769845730.679,35.868427,139.818220,OK,19,0.7,2.0,9.56,0.25,STABLE,-1.8,-5.0,(0, 3, 1, 0),False,9.5,WARN(CAL),0.00,-0.33,True,51.5,
1769845731.763,35.868510,139.818210,OK,19,0.7,1.7,9.93,0.12,STABLE,-1.8,-5.0,(2, 3, 1, 0),False,9.3,WARN(CAL),0.00,-0.40,True,52.6,
1769845732.832,35.868590,139.818197,OK,19,0.7,1.5,9.57,0.23,STABLE,-1.8,-5.0,(2, 3, 1, 0),False,9.0,WARN(CAL),0.00,-0.34,True,53.6,
1769845733.906,35.868668,139.818183,OK,19,0.7,1.2,9.62,0.19,STABLE,-1.8,-5.0,(2, 3, 1, 0),False,8.8,WARN(CAL),0.00,-0.30,True,54.7,
1769845734.983,35.868743,139.818172,OK,19,0.7,1.2,9.66,0.15,STABLE,-1.8,-5.0,(0, 3, 1, 0),False,8.4,WARN(CAL),0.00,-0.28,True,55.8,
1769845736.012,35.868823,139.818162,OK,19,0.7,1.5,9.67,0.14,STABLE,-1.8,-5.0,(0, 3, 1, 0),False,8.9,WARN(CAL),0.00,-0.28,True,56.8,
1769845737.037,35.868900,139.818153,OK,19,0.7,1.6,9.64,0.16,STABLE,-1.8,-5.0,(2, 3, 1, 0),False,8.6,WARN(CAL),0.00,-0.29,True,57.8,
1769845738.066,35.868975,139.818143,OK,19,0.7,1.6,9.61,0.20,STABLE,-1.8,-5.1,(2, 3, 1, 0),False,8.4,WARN(CAL),0.00,-0.31,True,58.9,
1769845739.097,35.869048,139.818133,OK,19,0.7,1.6,9.50,0.31,STABLE,-1.8,-5.1,(2, 3, 1, 0),False,8.2,WARN(CAL),0.00,-0.31,True,59.9,
1769845740.161,35.869122,139.818118,OK,19,0.7,1.7,9.58,0.22,STABLE,-1.8,-5.1,(2, 3, 1, 0),False,8.3,WARN(CAL),0.00,-0.25,True,61.0,
1769845741.239,35.869203,139.818102,OK,19,0.7,1.9,9.92,0.11,STABLE,-1.8,-5.1,(2, 3, 1, 0),False,9.2,WARN(CAL),0.00,-0.29,True,62.0,
1769845742.321,35.869290,139.818088,OK,19,0.7,1.6,9.63,0.18,STABLE,-1.8,-5.1,(2, 3, 1, 0),False,9.7,WARN(CAL),0.00,-0.29,True,63.1,
1769845743.346,35.869383,139.818078,OK,19,0.7,1.4,9.90,0.09,STABLE,-1.8,-5.1,(2, 3, 1, 0),False,10.4,WARN(CAL),0.00,-0.41,True,64.1,
1769845744.369,35.869485,139.818092,OK,19,0.7,-0.3,9.87,0.07,STABLE,-1.8,-5.1,(2, 3, 1, 0),False,11.4,WARN(CAL),0.00,-0.26,True,65.2,
1769845745.397,35.869577,139.818073,OK,19,0.7,0.3,9.96,0.16,STABLE,-1.8,-5.1,(2, 3, 1, 0),False,10.3,WARN(CAL),0.00,-0.39,True,66.2,
1769845746.427,35.869670,139.818060,OK,19,0.7,0.9,9.81,0.00,STABLE,-1.8,-5.1,(2, 3, 1, 0),False,10.4,WARN(CAL),0.00,-0.28,True,67.2,
1769845747.498,35.869762,139.818048,OK,19,0.7,1.4,9.79,0.02,STABLE,-1.8,-5.1,(2, 3, 1, 0),False,10.2,WARN(CAL),0.00,-0.34,True,68.3,
1769845748.568,35.869843,139.818035,OK,19,0.7,1.1,9.76,0.04,STABLE,-1.8,-5.1,(0, 3, 1, 0),False,9.2,WARN(CAL),0.00,-0.34,True,69.4,
1769845749.648,35.869933,139.818017,OK,19,0.7,0.4,9.77,0.04,STABLE,-1.8,-5.1,(0, 3, 1, 0),False,10.1,WARN(CAL),0.00,-0.32,True,70.4,
1769845750.720,35.870032,139.818013,OK,19,0.7,1.1,9.78,0.03,STABLE,-1.8,-5.1,(2, 3, 1, 0),False,10.9,WARN(CAL),0.00,-0.32,True,71.5,
1769845751.782,35.870135,139.818003,OK,19,0.7,0.5,9.80,0.01,STABLE,-1.8,-5.1,(0, 3, 1, 0),False,11.5,WARN(CAL),0.00,-0.33,True,72.6,
1769845752.863,35.870238,139.817985,OK,19,0.7,0.7,9.77,0.04,STABLE,-1.8,-5.1,(0, 3, 1, 0),False,11.6,WARN(CAL),0.00,-0.34,True,73.7,
1769845753.937,35.870348,139.817970,OK,19,0.7,0.2,9.77,0.03,STABLE,-1.8,-5.1,(0, 3, 1, 0),False,12.3,WARN(CAL),0.00,-0.34,True,74.7,
1769845755.013,35.870465,139.817943,OK,18,0.7,-2.1,9.74,0.06,STABLE,-1.8,-5.1,(2, 3, 1, 0),False,13.2,WARN(CAL),0.00,-0.33,True,75.8,
1769845756.078,35.870562,139.817927,OK,18,0.7,-2.3,9.80,0.01,STABLE,-1.8,-5.1,(2, 3, 1, 0),False,10.9,WARN(CAL),0.00,-0.33,True,76.9,
1769845757.152,35.870657,139.817932,OK,19,0.7,-1.7,9.77,0.03,STABLE,-1.8,-5.1,(2, 3, 1, 0),False,10.6,WARN(CAL),0.00,-0.33,True,77.9,
1769845758.237,35.870762,139.817928,OK,18,0.7,-0.5,9.72,0.09,STABLE,-1.8,-5.1,(0, 3, 1, 0),False,11.7,WARN(CAL),0.00,-0.32,True,79.0,
1769845759.299,35.870865,139.817922,OK,18,0.7,-0.1,9.74,0.06,STABLE,-1.8,-5.1,(2, 3, 1, 0),False,11.5,WARN(CAL),0.00,-0.33,True,80.1,
1769845760.378,35.870965,139.817915,OK,18,0.7,0.0,9.74,0.06,STABLE,-1.8,-5.1,(0, 3, 1, 0),False,11.1,WARN(CAL),0.00,-0.33,True,81.2,
1769845761.448,35.871058,139.817912,OK,19,0.7,0.2,9.74,0.06,STABLE,-1.8,-5.1,(2, 3, 1, 0),False,10.4,WARN(CAL),0.00,-0.34,True,82.2,
1769845762.474,35.871142,139.817917,OK,18,0.7,0.0,9.74,0.06,STABLE,-1.8,-5.1,(2, 3, 1, 0),False,9.3,WARN(CAL),0.00,-0.33,True,83.3,
1769845763.500,35.871233,139.817910,OK,18,0.7,0.1,9.75,0.06,STABLE,-1.8,-5.1,(0, 3, 1, 0),False,10.2,WARN(CAL),0.00,-0.35,True,84.3,
1769845764.530,35.871322,139.817903,OK,18,0.7,0.9,9.73,0.07,STABLE,-1.8,-5.1,(0, 3, 1, 0),False,9.8,WARN(CAL),0.00,-0.34,True,85.3,
1769845765.561,35.871413,139.817897,OK,18,0.7,0.2,9.80,0.00,STABLE,-1.8,-5.1,(2, 3, 1, 0),False,10.2,WARN(CAL),0.00,-0.33,True,86.4,
1769845766.623,35.871488,139.817892,OK,18,0.7,0.4,9.81,0.00,STABLE,-1.8,-5.1,(2, 3, 1, 0),False,8.4,WARN(CAL),0.00,-0.33,True,87.4,
1769845767.696,35.871567,139.817888,OK,18,0.7,0.4,9.75,0.06,STABLE,-1.8,-5.1,(2, 3, 1, 0),False,8.7,WARN(CAL),0.00,-0.31,True,88.5,
1769845768.722,35.871635,139.817887,OK,18,0.7,0.6,9.75,0.05,STABLE,-1.8,-5.1,(0, 3, 1, 0),False,7.6,WARN(CAL),0.00,-0.29,True,89.5,
1769845769.750,35.871690,139.817882,OK,18,0.7,1.0,9.72,0.08,STABLE,-1.8,-5.1,(2, 3, 1, 0),False,6.1,WARN(CAL),0.00,-0.38,True,90.5,
1769845770.779,35.871737,139.817885,OK,17,0.7,1.6,9.74,0.06,STABLE,-1.8,-5.1,(0, 3, 1, 0),False,5.2,WARN(CAL),0.00,-0.29,True,91.6,
1769845771.808,35.871770,139.817885,OK,17,0.7,1.8,9.76,0.04,STABLE,-1.8,-5.1,(2, 3, 1, 0),False,3.7,WARN(CAL),0.00,-0.32,True,92.6,
1769845772.868,35.871793,139.817883,OK,17,0.7,1.8,9.73,0.08,STABLE,-1.8,-5.1,(2, 3, 1, 0),False,2.6,WARN(CAL),0.00,-0.33,True,93.7,
1769845773.944,35.871808,139.817885,OK,17,0.7,2.4,9.75,0.06,STABLE,-1.8,-5.1,(2, 3, 1, 0),False,1.7,WARN(CAL),0.00,-0.32,True,94.7,
1769845775.007,35.871815,139.817885,OK,17,0.7,2.8,9.76,0.04,STABLE,-1.8,-5.1,(0, 3, 1, 0),False,0.7,WARN(CAL),0.00,-0.32,True,95.8,
1769845776.036,35.871817,139.817887,OK,15,0.8,2.9,9.76,0.05,STABLE,-1.8,-5.1,(2, 3, 1, 0),False,0.2,WARN(CAL),0.00,-0.32,True,96.8,
1769845777.066,35.871815,139.817887,OK,15,0.8,3.1,9.77,0.03,STABLE,-1.8,-5.1,(0, 3, 1, 0),False,0.2,WARN(CAL),0.00,-0.34,True,97.9,
1769845778.095,35.871813,139.817887,OK,16,0.8,3.2,9.79,0.01,STABLE,-1.8,-5.1,(0, 3, 1, 0),False,0.2,WARN(CAL),0.00,-0.35,True,98.9,
1769845779.124,35.871813,139.817888,OK,16,0.8,3.3,9.74,0.07,STABLE,-1.8,-5.1,(2, 3, 1, 0),False,0.2,WARN(CAL),0.00,-0.33,True,99.9,
1769845780.190,35.871813,139.817887,OK,16,0.8,3.2,9.75,0.05,STABLE,-1.8,-5.1,(0, 3, 1, 0),False,0.2,WARN(CAL),0.00,-0.35,True,101.0,
1769845781.270,35.871813,139.817888,OK,16,0.8,3.3,9.81,0.01,STABLE,-1.8,-5.1,(2, 3, 1, 0),False,0.2,WARN(CAL),0.00,-0.32,True,102.1,
1769845782.298,35.871813,139.817888,OK,16,0.8,3.2,9.80,0.00,STABLE,-1.8,-5.1,(2, 3, 1, 0),False,0.0,WARN(CAL),0.00,-0.31,True,103.1,
1769845783.324,35.871813,139.817888,OK,16,0.8,3.2,9.77,0.04,STABLE,-1.8,-5.1,(2, 3, 1, 0),False,0.0,WARN(CAL),0.00,-0.34,True,104.1,
1769845784.349,35.871813,139.817890,OK,16,0.8,3.3,9.79,0.02,STABLE,-1.8,-5.1,(2, 3, 1, 0),False,0.2,WARN(CAL),0.00,-0.33,True,105.1,
1769845785.381,35.871813,139.817890,OK,16,0.8,3.3,9.79,0.01,STABLE,-1.8,-5.1,(2, 3, 1, 0),False,0.0,WARN(CAL),0.00,-0.33,True,106.2,
1769845786.456,35.871815,139.817890,OK,15,0.8,3.2,9.77,0.04,STABLE,-1.8,-5.1,(2, 3, 1, 0),False,0.2,WARN(CAL),0.00,-0.30,True,107.3,
1769845787.484,35.871817,139.817888,OK,15,0.8,3.3,9.76,0.05,STABLE,-1.8,-5.1,(2, 3, 1, 0),False,0.2,WARN(CAL),0.00,-0.33,True,108.3,
1769845788.506,35.871817,139.817888,OK,16,0.8,3.2,9.71,0.10,STABLE,-1.8,-5.1,(0, 3, 1, 0),False,0.0,WARN(CAL),0.00,-0.31,True,109.3,
1769845789.536,35.871817,139.817888,OK,16,0.8,3.2,9.80,0.00,STABLE,-1.8,-5.1,(2, 3, 1, 0),False,0.0,WARN(CAL),0.00,-0.32,True,110.3,
1769845790.564,35.871817,139.817888,OK,16,0.8,3.3,9.78,0.02,STABLE,-1.8,-5.1,(2, 3, 1, 0),False,0.0,WARN(CAL),0.00,-0.33,True,111.4,
1769845791.629,35.871817,139.817888,OK,17,0.7,3.3,9.77,0.04,STABLE,-1.8,-5.1,(2, 3, 1, 0),False,0.0,WARN(CAL),0.00,-0.32,True,112.4,
1769845792.702,35.871817,139.817888,OK,17,0.7,3.2,9.74,0.06,STABLE,-1.8,-5.1,(2, 3, 1, 0),False,0.0,WARN(CAL),0.00,-0.35,True,113.5,
1769845793.764,35.871817,139.817888,OK,18,0.7,3.2,9.87,0.06,STABLE,-3.0,-12.4,(2, 3, 1, 0),False,0.0,WARN(CAL),0.00,-0.57,True,114.6,
1769845794.839,35.871818,139.817888,OK,18,0.7,3.2,10.18,0.37,STABLE,-3.4,-15.2,(2, 3, 1, 0),False,0.2,WARN(CAL),0.00,-0.56,True,115.6,
1769845795.913,35.871817,139.817888,OK,18,0.7,3.2,10.12,0.32,STABLE,-3.4,-15.5,(2, 3, 1, 0),False,0.2,WARN(CAL),0.00,-0.51,True,116.7,
1769845796.988,35.871818,139.817888,OK,18,0.7,3.2,9.81,0.01,STABLE,-3.8,-15.1,(2, 3, 1, 0),False,0.2,WARN(CAL),0.00,-0.40,True,117.8,
1769845798.059,35.871818,139.817888,OK,18,0.7,3.2,9.40,0.41,STABLE,-4.0,-14.2,(2, 3, 1, 0),False,0.0,WARN(CAL),0.00,-0.69,True,118.9,
1769845799.125,35.871818,139.817888,OK,18,0.7,3.2,9.34,0.46,STABLE,-4.4,-13.3,(2, 3, 1, 0),False,0.0,WARN(CAL),0.00,-0.24,True,119.9,
1769845800.190,35.871817,139.817888,OK,18,0.7,3.1,9.60,0.21,STABLE,-3.2,-12.9,(2, 3, 1, 0),False,0.2,WARN(CAL),0.00,-0.33,True,121.0,
1769845801.269,35.871815,139.817888,OK,17,0.7,3.2,9.26,0.55,SHAKE,-2.8,-13.1,(0, 3, 1, 0),False,0.2,WARN(CAL),0.00,-0.68,True,122.1,
1769845802.348,35.871815,139.817888,OK,17,0.7,3.2,10.72,0.91,SHAKE,-2.8,-12.2,(2, 3, 1, 0),False,0.0,WARN(CAL),0.00,-0.23,True,123.1,
1769845803.376,35.871813,139.817890,OK,17,0.7,3.2,8.63,1.17,SHAKE,-2.7,-11.1,(0, 3, 1, 0),False,0.2,WARN(CAL),0.00,-0.42,True,124.2,
1769845804.401,35.871813,139.817890,OK,17,0.7,3.2,9.95,0.15,STABLE,-2.6,-9.7,(0, 3, 1, 0),False,0.0,WARN(CAL),0.00,0.00,True,125.2,
1769845805.426,35.871813,139.817890,OK,17,0.7,3.2,9.82,0.01,STABLE,-2.8,-8.4,(2, 3, 1, 0),False,0.0,WARN(CAL),0.00,-0.41,True,126.2,
1769845806.451,35.871813,139.817890,OK,17,0.7,3.2,9.39,0.42,STABLE,-2.4,-6.6,(2, 3, 1, 0),False,0.0,WARN(CAL),0.00,0.00,True,127.2,
1769845807.521,35.871813,139.817892,OK,17,0.7,3.1,9.24,0.57,SHAKE,-2.2,-5.1,(2, 3, 1, 0),False,0.2,WARN(CAL),0.00,-0.22,True,128.3,
1769845808.594,35.871813,139.817892,OK,17,0.7,3.1,9.70,0.10,STABLE,-2.0,-3.9,(2, 3, 1, 0),False,0.0,WARN(CAL),0.00,-0.43,True,129.4,
1769845809.619,35.871813,139.817892,OK,17,0.7,3.1,9.44,0.37,STABLE,-1.9,-3.4,(2, 3, 1, 0),False,0.0,WARN(CAL),0.00,-0.54,True,130.4,
1769845810.653,35.871813,139.817890,OK,17,0.7,3.1,9.86,0.06,STABLE,-1.8,-2.9,(2, 3, 1, 0),False,0.2,WARN(CAL),0.00,-0.08,True,131.4,
1769845811.679,35.871813,139.817890,OK,17,0.7,3.1,9.60,0.21,STABLE,-1.7,-2.5,(0, 3, 1, 0),False,0.0,WARN(CAL),0.00,0.17,True,132.5,
1769845812.710,35.871813,139.817890,OK,17,0.7,3.1,10.34,0.53,SHAKE,-1.7,-2.1,(2, 3, 1, 0),False,0.0,WARN(CAL),0.00,0.02,True,133.5,
1769845813.768,35.871813,139.817892,OK,17,0.7,3.0,9.15,0.65,SHAKE,-1.7,-1.8,(2, 3, 1, 0),False,0.2,WARN(CAL),0.00,0.06,True,134.6,
1769845814.850,35.871813,139.817890,OK,17,0.7,3.0,9.99,0.18,STABLE,-2.0,-1.2,(2, 3, 1, 0),False,0.2,WARN(CAL),0.00,-0.37,True,135.6,
1769845815.877,35.871815,139.817890,OK,17,0.7,3.0,10.69,0.89,SHAKE,-1.6,-0.8,(0, 3, 1, 0),False,0.2,WARN(CAL),0.00,-0.27,True,136.7,
1769845816.906,35.871815,139.817890,OK,17,0.7,3.0,9.78,0.02,STABLE,-1.5,-0.4,(2, 3, 1, 0),False,0.0,WARN(CAL),0.00,-0.17,True,137.7,
1769845817.933,35.871817,139.817890,OK,17,0.7,3.1,10.73,0.93,SHAKE,-1.6,0.1,(0, 3, 1, 0),False,0.2,WARN(CAL),0.00,-0.13,True,138.7,
1769845818.959,35.871817,139.817890,OK,17,0.7,3.1,9.63,0.17,STABLE,-1.4,0.7,(0, 3, 1, 0),False,0.0,WARN(CAL),0.00,-0.16,True,139.8,
1769845820.040,35.871817,139.817892,OK,17,0.7,3.0,9.83,0.03,STABLE,-1.2,1.0,(2, 3, 1, 0),False,0.2,WARN(CAL),0.00,-0.25,True,140.8,
1769845821.066,35.871817,139.817893,OK,16,0.7,2.8,9.96,0.16,STABLE,-1.0,0.2,(2, 3, 1, 0),False,0.2,WARN(CAL),0.00,-0.17,True,141.9,
1769845822.092,35.871817,139.817893,OK,16,0.7,2.7,9.92,0.11,STABLE,-0.9,0.3,(2, 3, 1, 0),False,0.0,WARN(CAL),0.00,-0.12,True,142.9,
1769845823.116,35.871817,139.817893,OK,16,0.7,2.6,9.76,0.05,STABLE,-1.0,-0.4,(2, 3, 1, 0),False,0.0,WARN(CAL),0.00,-0.16,True,143.9,
1769845824.139,35.871817,139.817893,OK,16,0.7,2.6,9.73,0.08,STABLE,-1.5,-4.4,(2, 3, 1, 0),False,0.0,WARN(CAL),0.00,-0.31,True,144.9,
1769845825.201,35.871817,139.817893,OK,16,0.7,2.5,9.75,0.05,STABLE,-1.6,-5.0,(0, 3, 1, 0),False,0.0,WARN(CAL),0.00,-0.29,True,146.0,
1769845826.274,35.871817,139.817893,OK,16,0.7,2.5,9.77,0.03,STABLE,-1.6,-5.0,(2, 3, 1, 0),False,0.0,WARN(CAL),0.00,-0.29,True,147.1,
1769845827.351,35.871817,139.817893,OK,16,0.7,2.5,9.75,0.05,STABLE,-1.6,2043.0,(0, 3, 1, 0),False,0.0,WARN(CAL),0.00,-0.30,True,148.1,
1769845828.418,35.871817,139.817895,OK,16,0.7,2.5,9.76,0.04,STABLE,-1.6,-5.0,(2, 3, 1, 0),False,0.2,WARN(CAL),0.00,-0.28,True,149.2,
1769845829.488,35.871818,139.817895,OK,16,0.7,2.5,9.76,0.05,STABLE,-1.6,-5.0,(0, 3, 1, 0),False,0.2,WARN(CAL),0.00,-0.29,True,150.3,
1769845830.552,35.871818,139.817895,OK,16,0.7,2.5,9.81,0.01,STABLE,-1.8,-6.5,(2, 3, 1, 0),False,0.0,WARN(CAL),0.00,-0.45,True,151.3,
1769845831.620,35.871818,139.817895,OK,16,0.7,2.4,9.91,0.11,STABLE,-3.2,-15.5,(2, 3, 1, 0),False,0.0,WARN(CAL),0.00,-0.58,True,152.4,
1769845832.682,35.871818,139.817895,OK,16,0.7,2.4,9.63,0.18,STABLE,-3.2,-16.2,(2, 3, 1, 0),False,0.0,WARN(CAL),0.00,-0.43,True,153.5,
1769845833.757,35.871818,139.817893,OK,17,0.7,2.4,9.74,0.07,STABLE,-3.7,-16.0,(2, 3, 1, 0),False,0.2,WARN(CAL),0.00,-0.60,True,154.6,
1769845834.822,35.871818,139.817895,OK,17,0.7,2.4,10.02,0.22,STABLE,-3.7,-15.4,(2, 3, 1, 0),False,0.2,WARN(CAL),0.00,-0.47,True,155.6,
1769845835.893,35.871820,139.817893,OK,17,0.7,2.4,9.89,0.08,STABLE,-3.5,-14.7,(2, 3, 1, 0),False,0.2,WARN(CAL),0.00,-0.55,True,156.7,
1769845836.921,35.871820,139.817893,OK,17,0.7,2.3,10.22,0.41,STABLE,-3.6,-14.1,(0, 3, 1, 0),False,0.0,WARN(CAL),0.00,-0.57,True,157.7,
1769845837.947,35.871820,139.817895,OK,17,0.7,2.4,9.28,0.52,SHAKE,-3.1,-13.4,(2, 3, 1, 0),False,0.2,WARN(CAL),0.00,-0.29,True,158.7,
1769845838.975,35.871818,139.817895,OK,17,0.7,2.4,10.24,0.43,STABLE,-3.4,-13.1,(2, 3, 1, 0),False,0.2,WARN(CAL),0.00,0.23,True,159.8,
1769845840.001,35.871818,139.817895,OK,17,0.7,2.4,9.78,0.02,STABLE,-3.4,-12.6,(2, 3, 1, 0),False,0.0,WARN(CAL),0.00,-0.36,True,160.8,
1769845841.076,35.871820,139.817895,OK,17,0.7,2.4,9.05,0.76,SHAKE,-3.4,-11.9,(2, 3, 1, 0),False,0.2,WARN(CAL),0.00,-0.43,True,161.9,
1769845842.104,35.871822,139.817895,OK,17,0.7,2.4,9.58,0.22,STABLE,-3.6,-11.6,(2, 3, 1, 0),False,0.2,WARN(CAL),0.00,-0.42,True,162.9,
1769845843.133,35.871820,139.817897,OK,17,0.7,2.4,10.46,0.66,SHAKE,-3.5,-10.6,(2, 3, 1, 0),False,0.2,WARN(CAL),0.00,-0.16,True,163.9,
1769845844.157,35.871822,139.817897,OK,17,0.7,2.4,10.10,0.29,STABLE,-3.5,-9.5,(2, 3, 1, 0),False,0.2,WARN(CAL),0.00,-0.12,True,165.0,
1769845845.189,35.871822,139.817897,OK,17,0.7,2.3,9.35,0.46,STABLE,-3.4,-8.7,(2, 3, 1, 0),False,0.0,WARN(CAL),0.00,-0.36,True,166.0,
1769845846.247,35.871822,139.817898,OK,17,0.7,2.3,10.06,0.25,STABLE,-2.8,-6.3,(0, 3, 1, 0),False,0.2,WARN(CAL),0.00,-0.45,True,167.0,
1769845847.327,35.871822,139.817898,OK,17,0.7,2.3,9.95,0.15,STABLE,-2.6,-4.9,(2, 3, 1, 0),False,0.0,WARN(CAL),0.00,0.06,True,168.1,
1769845848.355,35.871822,139.817897,OK,17,0.7,2.4,10.18,0.37,STABLE,-2.6,-4.2,(0, 3, 1, 0),False,0.2,WARN(CAL),0.00,-0.22,True,169.1,
1769845849.385,35.871822,139.817898,OK,17,0.7,2.4,10.66,0.86,SHAKE,-2.6,-4.1,(2, 3, 1, 0),False,0.2,WARN(CAL),0.00,0.18,True,170.2,
1769845850.411,35.871822,139.817898,OK,17,0.7,2.3,9.53,0.27,STABLE,-1.8,-0.9,(0, 3, 1, 0),False,0.0,WARN(CAL),0.00,-0.23,True,171.2,
1769845851.439,35.871822,139.817900,OK,17,0.7,2.3,10.32,0.52,SHAKE,-1.6,-0.8,(2, 3, 1, 0),False,0.2,WARN(CAL),0.00,-0.14,True,172.2,
1769845852.510,35.871818,139.817900,OK,17,0.7,2.3,10.03,0.22,STABLE,-1.5,-0.4,(2, 3, 1, 0),False,0.4,WARN(CAL),0.00,-0.35,True,173.3,
1769845853.575,35.871820,139.817898,OK,17,0.7,2.3,8.83,0.97,SHAKE,-1.7,-0.3,(0, 3, 1, 0),False,0.2,WARN(CAL),0.00,-0.20,True,174.4,
1769845854.653,35.871820,139.817902,OK,17,0.7,2.3,9.49,0.32,STABLE,-1.8,-0.3,(2, 3, 1, 0),False,0.3,WARN(CAL),0.00,-0.40,True,175.4,
1769845855.683,35.871820,139.817898,OK,17,0.7,2.3,9.79,0.01,STABLE,-1.2,-0.6,(2, 3, 1, 0),False,0.3,WARN(CAL),0.00,0.04,True,176.5,
1769845856.716,35.871820,139.817900,OK,17,0.7,2.3,10.41,0.61,SHAKE,-1.5,-0.4,(0, 3, 1, 0),False,0.2,WARN(CAL),0.00,-0.15,True,177.5,
1769845857.749,35.871820,139.817900,OK,17,0.7,2.2,10.87,1.06,SHAKE,-0.4,-1.1,(2, 3, 1, 0),False,0.0,WARN(CAL),0.00,-0.34,True,178.5,
1769845858.775,35.871820,139.817900,OK,17,0.7,2.2,9.76,0.04,STABLE,0.0,0.0,(2, 3, 1, 0),False,0.0,WARN(CAL),0.00,0.13,True,179.6,
1769845859.848,35.871820,139.817900,OK,17,0.7,2.2,10.07,0.27,STABLE,-0.8,0.1,(2, 3, 1, 0),False,0.0,WARN(CAL),0.00,-0.03,True,180.6,
1769845860.873,35.871820,139.817902,OK,17,0.7,2.2,9.59,0.22,STABLE,-1.1,0.2,(2, 3, 1, 0),False,0.2,WARN(CAL),0.00,-0.03,True,181.7,
1769845861.898,35.871822,139.817902,OK,17,0.7,2.2,9.81,0.01,STABLE,-1.1,0.4,(0, 3, 1, 0),False,0.2,WARN(CAL),0.00,-0.19,True,182.7,
1769845862.925,35.871843,139.817902,OK,17,0.7,2.3,9.78,0.02,STABLE,-1.5,-3.5,(2, 3, 1, 0),False,2.4,WARN(CAL),0.00,-0.32,True,183.7,
1769845863.954,35.871878,139.817903,OK,17,0.7,2.3,9.79,0.01,STABLE,-1.6,-4.2,(2, 3, 1, 0),False,3.9,WARN(CAL),0.00,-0.20,True,184.7,
1769845865.018,35.871933,139.817900,OK,17,0.7,2.5,9.88,0.08,STABLE,-1.6,-4.2,(0, 3, 1, 0),False,6.1,WARN(CAL),0.00,-0.34,True,185.8,
1769845866.100,35.872003,139.817897,OK,17,0.7,2.6,9.46,0.35,STABLE,-1.6,-4.1,(2, 3, 1, 0),False,7.8,WARN(CAL),0.00,-0.24,True,186.9,
1769845867.167,35.872088,139.817893,OK,17,0.7,2.7,9.68,0.13,STABLE,-1.6,-3.9,(2, 3, 1, 0),False,9.5,WARN(CAL),0.00,-0.21,True,188.0,
1769845868.253,35.872182,139.817892,OK,17,0.7,2.7,9.64,0.17,STABLE,-2.6,-10.4,(0, 3, 1, 0),False,10.4,WARN(CAL),0.00,-0.55,True,189.0,
1769845869.281,35.872290,139.817885,OK,17,0.7,3.0,9.67,0.14,STABLE,-3.1,-14.8,(2, 3, 1, 0),False,12.1,WARN(CAL),0.00,-0.48,True,190.1,
1769845870.309,35.872408,139.817885,OK,17,0.7,3.7,9.44,0.37,STABLE,-3.3,-15.0,(2, 3, 1, 0),False,13.2,WARN(CAL),0.00,-0.67,True,191.1,
1769845871.335,35.872530,139.817890,OK,17,0.7,4.0,10.25,0.44,STABLE,-3.1,-15.1,(2, 3, 1, 0),False,13.5,WARN(CAL),0.00,-0.51,True,192.1,
1769845872.368,35.872648,139.817887,OK,18,0.7,3.7,9.19,0.62,SHAKE,-3.4,-14.3,(0, 3, 1, 0),False,13.2,WARN(CAL),0.00,-0.04,True,193.2,
1769845873.446,35.872777,139.817878,OK,18,0.7,3.1,10.17,0.36,STABLE,-3.3,-14.3,(2, 3, 1, 0),False,14.3,WARN(CAL),0.00,-0.04,True,194.2,
1769845874.521,35.872893,139.817870,OK,18,0.7,3.9,9.00,0.81,SHAKE,-3.5,-14.1,(0, 3, 1, 0),False,13.0,WARN(CAL),0.00,-0.38,True,195.3,
1769845875.597,35.873012,139.817858,OK,18,0.7,4.3,9.25,0.56,SHAKE,-3.6,-13.7,(0, 3, 1, 0),False,13.2,WARN(CAL),0.00,0.11,True,196.4,
1769845876.670,35.873115,139.817847,OK,18,0.7,3.4,8.80,1.01,SHAKE,-3.2,-13.2,(0, 3, 1, 0),False,11.5,WARN(CAL),0.00,-0.38,True,197.5,
1769845877.753,35.873217,139.817825,OK,18,0.7,2.3,9.60,0.20,STABLE,-2.9,-12.1,(2, 3, 1, 0),False,11.5,WARN(CAL),0.00,-0.54,True,198.5,
1769845878.780,35.873313,139.817818,OK,18,0.7,3.0,9.86,0.05,STABLE,-3.4,-11.8,(2, 3, 1, 0),False,10.8,WARN(CAL),0.00,-0.98,True,199.6,
1769845879.806,35.873405,139.817810,OK,18,0.7,2.9,10.48,0.67,SHAKE,-3.3,-11.1,(2, 3, 1, 0),False,10.2,WARN(CAL),0.00,-0.49,True,200.6,
1769845880.835,35.873488,139.817808,OK,18,0.7,3.8,9.83,0.02,STABLE,-3.1,-8.9,(2, 3, 1, 0),False,9.3,WARN(CAL),0.00,-0.19,True,201.6,
1769845881.865,35.873567,139.817808,OK,18,0.7,4.0,10.70,0.89,SHAKE,-3.1,-8.1,(2, 3, 1, 0),False,8.7,WARN(CAL),0.00,-0.37,True,202.7,
1769845882.930,35.873643,139.817803,OK,18,0.7,4.3,9.87,0.06,STABLE,-2.9,-6.8,(2, 3, 1, 0),False,8.5,WARN(CAL),0.00,-0.56,True,203.7,
1769845884.009,35.873712,139.817798,OK,17,0.7,4.5,10.40,0.59,SHAKE,-2.8,-5.8,(2, 3, 1, 0),False,7.6,WARN(CAL),0.00,0.09,True,204.8,
1769845885.037,35.873773,139.817793,OK,17,0.7,4.6,10.10,0.30,STABLE,-2.8,-4.6,(2, 3, 1, 0),False,6.9,WARN(CAL),0.00,0.16,True,205.8,
1769845886.063,35.873827,139.817790,OK,17,0.7,4.6,10.49,0.69,SHAKE,-2.7,-3.9,(2, 3, 1, 0),False,5.9,WARN(CAL),0.00,-0.69,True,206.9,
1769845887.086,35.873873,139.817790,OK,17,0.7,4.6,9.89,0.08,STABLE,-2.4,-2.7,(2, 3, 1, 0),False,5.2,WARN(CAL),0.00,-0.30,True,207.9,
1769845888.110,35.873912,139.817788,OK,17,0.7,4.7,10.53,0.73,SHAKE,-1.7,-0.6,(2, 3, 1, 0),False,4.3,WARN(CAL),0.00,-0.09,True,208.9,
1769845889.177,35.873940,139.817787,OK,17,0.7,4.9,9.17,0.64,SHAKE,-1.6,-0.1,(2, 3, 1, 0),False,3.2,WARN(CAL),0.00,0.07,True,210.0,
1769845890.207,35.873963,139.817780,OK,17,0.7,5.3,9.52,0.29,STABLE,-1.7,0.1,(2, 3, 1, 0),False,2.7,WARN(CAL),0.00,-0.37,True,211.0,
1769845891.232,35.873972,139.817780,OK,16,0.7,5.5,9.50,0.30,STABLE,-1.6,0.1,(2, 3, 1, 0),False,0.9,WARN(CAL),0.00,-0.08,True,212.0,
1769845892.265,35.873973,139.817780,OK,16,0.7,5.4,9.89,0.09,STABLE,-1.6,0.0,(0, 3, 1, 0),False,0.2,WARN(CAL),0.00,-0.31,True,213.1,
1769845893.294,35.873975,139.817780,OK,17,0.7,5.4,9.66,0.15,STABLE,-1.6,-1.6,(2, 3, 1, 0),False,0.2,WARN(CAL),0.00,-0.21,True,214.1,
1769845894.364,35.873975,139.817780,OK,17,0.7,5.6,9.89,0.09,STABLE,-1.7,-2.2,(0, 3, 1, 0),False,0.0,WARN(CAL),0.00,-0.33,True,215.2,
1769845895.442,35.873975,139.817780,OK,17,0.7,5.6,9.74,0.07,STABLE,-1.6,-2.1,(2, 3, 1, 0),False,0.0,WARN(CAL),0.00,-0.35,True,216.2,
1769845896.472,35.873975,139.817782,OK,17,0.7,5.6,9.79,0.02,STABLE,-1.8,-2.7,(2, 3, 1, 0),False,0.2,WARN(CAL),0.00,-0.32,True,217.3,
1769845897.496,35.873975,139.817782,OK,17,0.7,5.5,9.80,0.01,STABLE,-1.8,-3.1,(2, 3, 1, 0),False,0.0,WARN(CAL),0.00,-0.32,True,218.3,
1769845898.522,35.873977,139.817780,OK,17,0.7,5.5,9.74,0.07,STABLE,-1.9,-3.9,(2, 3, 1, 0),False,0.2,WARN(CAL),0.00,-0.42,True,219.3,
1769845899.555,35.873977,139.817780,OK,18,0.7,5.5,9.79,0.01,STABLE,-2.1,-4.7,(0, 3, 1, 0),False,0.0,WARN(CAL),0.00,-0.40,True,220.4,
1769845900.625,35.873980,139.817778,OK,18,0.7,5.5,,,?,-2.1,-4.8,(2, 3, 1, 0),False,0.4,WARN(CAL),0.00,,True,221.4,
1769845901.684,35.873992,139.817778,OK,18,0.7,5.5,9.76,0.05,STABLE,-2.2,-6.0,(2, 3, 1, 0),False,1.3,WARN(CAL),0.00,-0.47,True,222.5,
1769845902.767,35.874032,139.817772,OK,18,0.7,5.7,9.85,0.04,STABLE,-3.4,-12.9,(2, 3, 1, 0),False,4.5,WARN(CAL),0.00,-0.64,True,223.6,
1769845903.794,35.874077,139.817773,OK,18,0.7,6.1,10.04,0.23,STABLE,-3.4,-13.8,(0, 3, 1, 0),False,5.0,WARN(CAL),0.00,-0.88,True,224.6,
1769845904.824,35.874142,139.817772,OK,17,0.7,6.2,10.63,0.83,SHAKE,-3.4,-13.7,(2, 3, 1, 0),False,7.2,WARN(CAL),0.00,-1.51,True,225.6,
1769845905.851,35.874222,139.817767,OK,17,0.7,6.2,9.38,0.43,STABLE,-3.1,-13.6,(0, 3, 1, 0),False,8.9,WARN(CAL),0.00,-0.60,True,226.6,
1769845906.880,35.874317,139.817760,OK,17,0.7,6.5,9.83,0.03,STABLE,-3.2,-13.2,(2, 3, 1, 0),False,10.6,WARN(CAL),0.00,-0.37,True,227.7,
1769845907.938,35.874420,139.817755,OK,17,0.7,6.5,9.42,0.39,STABLE,-2.9,-12.5,(0, 3, 1, 0),False,11.5,WARN(CAL),0.00,-0.56,True,228.7,
1769845909.021,35.874547,139.817745,OK,17,0.7,6.2,10.18,0.37,STABLE,-2.8,-12.6,(2, 3, 1, 0),False,14.1,WARN(CAL),0.00,-0.75,True,229.8,
1769845910.053,35.874667,139.817737,OK,17,0.7,6.7,9.95,0.15,STABLE,-3.2,-12.1,(2, 3, 1, 0),False,13.4,WARN(CAL),0.00,-0.86,True,230.8,
1769845911.081,35.874790,139.817717,OK,17,0.7,5.8,9.67,0.13,STABLE,-2.5,-11.6,(2, 3, 1, 0),False,13.8,WARN(CAL),0.00,-0.48,True,231.9,
1769845912.107,35.874908,139.817697,OK,17,0.7,6.6,9.38,0.43,STABLE,-2.3,-11.1,(0, 3, 1, 0),False,13.3,WARN(CAL),0.00,-0.27,True,232.9,
1769845913.135,35.875030,139.817687,OK,17,0.7,6.6,9.47,0.34,STABLE,-2.6,-10.8,(2, 3, 1, 0),False,13.6,WARN(CAL),0.00,0.18,True,233.9,
1769845914.215,35.875150,139.817665,OK,17,0.7,7.0,10.24,0.44,STABLE,-2.8,-10.6,(2, 3, 1, 0),False,13.5,WARN(CAL),0.00,-0.69,True,235.0,
1769845915.247,35.875285,139.817653,OK,17,0.7,6.2,9.57,0.23,STABLE,-2.6,-10.2,(2, 3, 1, 0),False,15.0,WARN(CAL),0.00,-0.68,True,236.0,
1769845916.273,35.875393,139.817645,OK,17,0.7,6.4,8.96,0.85,SHAKE,-2.8,-9.7,(2, 3, 1, 0),False,12.1,WARN(CAL),0.00,-0.27,True,237.1,
1769845917.305,35.875497,139.817640,OK,17,0.7,7.9,10.26,0.45,STABLE,-2.8,-9.1,(2, 3, 1, 0),False,11.5,WARN(CAL),0.00,-0.80,True,238.1,
1769845918.331,35.875602,139.817628,OK,17,0.7,7.2,9.80,0.00,STABLE,-2.9,-8.6,(2, 3, 1, 0),False,11.7,WARN(CAL),0.00,-0.88,True,239.1,
1769845919.404,35.875702,139.817612,OK,17,0.7,6.7,9.59,0.21,STABLE,-2.4,-8.3,(0, 3, 1, 0),False,11.2,WARN(CAL),0.00,-0.55,True,240.2,
1769845920.472,35.875773,139.817615,OK,16,0.7,6.9,10.25,0.44,STABLE,-2.6,-7.9,(2, 3, 1, 0),False,8.0,WARN(CAL),0.00,-0.01,True,241.3,
1769845921.545,35.875845,139.817607,OK,15,0.9,7.2,11.32,1.52,SHAKE,-1.9,-7.8,(2, 3, 1, 0),False,8.0,WARN(CAL),0.00,0.51,False,0.0,STOP_END
1769845922.577,35.875917,139.817602,OK,13,1.1,7.2,10.40,0.59,SHAKE,-2.2,-7.1,(2, 3, 1, 0),False,8.0,WARN(CAL),0.00,-0.08,True,0.0,STOP_START
1769845923.605,35.875977,139.817585,OK,16,0.8,7.2,9.62,0.18,STABLE,-2.0,-6.4,(2, 3, 1, 0),False,6.8,WARN(CAL),0.00,-0.04,True,1.0,
1769845924.636,35.876028,139.817572,OK,17,0.8,6.8,10.08,0.27,STABLE,-2.1,-5.9,(2, 3, 1, 0),False,5.9,WARN(CAL),0.00,-0.21,True,2.1,
1769845925.669,35.876072,139.817562,OK,18,0.8,6.6,9.39,0.41,STABLE,-1.8,-5.4,(2, 3, 1, 0),False,4.9,WARN(CAL),0.00,-0.39,True,3.1,
1769845926.745,35.876107,139.817557,OK,18,0.8,6.7,9.69,0.11,STABLE,-1.6,-4.8,(2, 3, 1, 0),False,3.9,WARN(CAL),0.00,0.27,True,4.2,
1769845927.771,35.876143,139.817552,OK,18,0.7,6.3,10.52,0.72,SHAKE,-1.3,-3.6,(2, 3, 1, 0),False,4.1,WARN(CAL),0.00,-0.10,True,5.2,
1769845928.801,35.876170,139.817550,OK,17,0.7,6.0,10.00,0.20,STABLE,-1.0,-3.1,(2, 3, 1, 0),False,3.0,WARN(CAL),0.00,0.19,True,6.2,
1769845929.830,35.876182,139.817543,OK,16,0.7,5.6,9.28,0.52,SHAKE,-0.9,-2.7,(2, 3, 1, 0),False,1.4,WARN(CAL),0.00,-0.10,True,7.3,
1769845930.859,35.876195,139.817537,OK,16,0.7,5.4,9.88,0.08,STABLE,-0.9,-2.1,(2, 3, 1, 0),False,1.6,WARN(CAL),0.00,-0.20,True,8.3,
1769845931.917,35.876200,139.817530,OK,16,0.7,5.1,9.37,0.44,STABLE,-0.8,-1.6,(2, 3, 1, 0),False,0.8,WARN(CAL),0.00,-0.08,True,9.3,
1769845932.994,35.876197,139.817522,OK,15,0.7,5.0,9.54,0.26,STABLE,-0.7,-1.2,(2, 3, 1, 0),False,0.8,WARN(CAL),0.00,-0.26,True,10.4,
1769845934.071,35.876197,139.817518,OK,12,0.8,5.0,10.10,0.30,STABLE,-0.6,-0.6,(2, 3, 1, 0),False,0.3,WARN(CAL),0.00,-0.44,True,11.5,
1769845935.099,35.876200,139.817517,OK,13,0.7,5.1,9.95,0.14,STABLE,-0.5,0.3,(2, 3, 1, 0),False,0.4,WARN(CAL),0.00,-0.06,True,12.5,
1769845936.129,35.876205,139.817517,OK,11,0.9,5.1,9.47,0.33,STABLE,-0.6,0.8,(2, 3, 1, 0),False,0.6,WARN(CAL),0.00,-0.08,True,13.6,
1769845937.154,35.876205,139.817515,OK,11,0.9,5.0,9.52,0.29,STABLE,-0.6,0.9,(2, 3, 1, 0),False,0.2,WARN(CAL),0.00,-0.36,True,14.6,
1769845938.180,35.876200,139.817512,OK,11,0.9,4.9,9.73,0.07,STABLE,-0.8,0.6,(2, 3, 1, 0),False,0.6,WARN(CAL),0.00,-0.15,True,15.6,
1769845939.243,35.876193,139.817510,OK,12,0.9,4.8,9.72,0.09,STABLE,-1.1,-0.5,(2, 3, 1, 0),False,0.8,WARN(CAL),0.00,-0.26,True,16.7,
1769845940.328,35.876195,139.817510,OK,12,0.9,4.7,9.76,0.05,STABLE,-1.8,-4.3,(2, 3, 1, 0),False,0.2,WARN(CAL),0.00,-0.41,True,17.8,
1769845941.351,35.876202,139.817505,OK,13,0.8,4.6,9.86,0.06,STABLE,-2.4,-8.5,(2, 3, 1, 0),False,0.9,WARN(CAL),0.00,-0.52,True,18.8,
1769845942.378,35.876225,139.817503,OK,14,0.8,4.7,10.04,0.23,STABLE,-2.8,-11.2,(2, 3, 1, 0),False,2.6,WARN(CAL),0.00,-0.31,True,19.8,
1769845943.400,35.876260,139.817507,OK,14,0.8,4.7,9.38,0.42,STABLE,-2.9,-12.0,(0, 3, 1, 0),False,3.9,WARN(CAL),0.00,-0.85,True,20.8,
1769845944.431,35.876317,139.817508,OK,14,0.8,4.4,10.04,0.23,STABLE,-2.8,-12.3,(2, 3, 1, 0),False,6.3,WARN(CAL),0.00,-0.67,True,21.9,
1769845945.494,35.876417,139.817488,OK,13,1.4,4.1,9.62,0.19,STABLE,-2.8,-11.9,(2, 3, 1, 0),False,11.3,WARN(CAL),0.00,-0.76,True,22.9,
1769845946.573,35.876532,139.817472,OK,14,1.4,3.6,9.77,0.04,STABLE,-2.5,-10.8,(2, 3, 1, 0),False,12.9,WARN(CAL),0.00,-0.14,True,24.0,
1769845947.636,35.876642,139.817458,OK,15,1.0,2.4,9.87,0.07,STABLE,-2.4,-10.5,(2, 3, 1, 0),False,12.3,WARN(CAL),0.00,-0.51,True,25.1,
1769845948.701,35.876753,139.817445,OK,16,0.8,0.9,10.41,0.60,SHAKE,-2.3,-10.6,(0, 3, 1, 0),False,12.5,WARN(CAL),0.00,-0.68,True,26.1,
1769845949.732,35.876855,139.817428,OK,16,0.8,0.8,9.77,0.03,STABLE,-2.1,-9.4,(2, 3, 1, 0),False,11.4,WARN(CAL),0.00,0.16,True,27.2,
1769845950.759,35.876973,139.817403,OK,17,0.7,0.6,9.40,0.40,STABLE,-1.8,-9.2,(0, 3, 1, 0),False,13.3,WARN(CAL),0.00,0.18,True,28.2,
1769845951.788,35.877082,139.817375,OK,17,0.7,-1.2,10.00,0.19,STABLE,-1.6,-8.9,(2, 3, 1, 0),False,12.3,WARN(CAL),0.00,-0.35,True,29.2,
1769845952.816,35.877192,139.817350,OK,18,0.7,-1.4,10.22,0.42,STABLE,-1.9,-8.5,(2, 3, 1, 0),False,12.4,WARN(CAL),0.00,-0.50,True,30.2,
1769845953.892,35.877308,139.817322,OK,19,0.7,-2.2,8.87,0.94,SHAKE,-1.5,-8.2,(2, 3, 1, 0),False,13.2,WARN(CAL),0.00,-0.23,True,31.3,
1769845954.924,35.877415,139.817293,OK,18,0.7,-2.6,9.70,0.10,STABLE,-1.3,-8.2,(2, 3, 1, 0),False,12.1,WARN(CAL),0.00,-0.04,True,32.3,
1769845955.950,35.877518,139.817262,OK,17,0.8,-2.9,10.02,0.21,STABLE,-1.2,-8.2,(0, 3, 1, 0),False,11.8,WARN(CAL),0.00,-0.10,True,33.4,
1769845956.978,35.877605,139.817235,OK,17,0.8,-3.0,10.10,0.29,STABLE,-1.1,-8.1,(2, 3, 1, 0),False,9.9,WARN(CAL),0.00,0.10,True,34.4,
1769845958.006,35.877678,139.817210,OK,17,0.8,-3.4,9.93,0.12,STABLE,-1.2,-7.6,(2, 3, 1, 0),False,8.5,WARN(CAL),0.00,-0.41,True,35.4,
1769845959.073,35.877750,139.817185,OK,16,1.0,-3.7,9.39,0.42,STABLE,-1.2,-7.6,(0, 3, 1, 0),False,8.3,WARN(CAL),0.00,0.00,True,36.5,
1769845960.152,35.877810,139.817160,OK,16,1.0,-4.0,9.38,0.43,STABLE,-1.3,-7.2,(2, 3, 1, 0),False,7.0,WARN(CAL),0.00,-0.62,True,37.6,
1769845961.181,35.877857,139.817142,OK,16,1.0,-4.2,9.06,0.74,SHAKE,-1.2,-7.1,(2, 3, 1, 0),False,5.4,WARN(CAL),0.00,-0.10,True,38.6,
1769845962.207,35.877898,139.817120,OK,17,0.9,-4.6,10.28,0.48,STABLE,-1.2,-7.1,(0, 3, 1, 0),False,5.0,WARN(CAL),0.00,0.28,True,39.6,
1769845963.234,35.877930,139.817115,OK,17,1.0,-4.5,9.20,0.60,SHAKE,-1.2,-6.8,(2, 3, 1, 0),False,3.5,WARN(CAL),0.00,-0.74,True,40.7,
1769845964.263,35.877950,139.817117,OK,17,1.0,-4.1,10.22,0.42,STABLE,-1.3,-6.6,(2, 3, 1, 0),False,2.2,WARN(CAL),0.00,-0.79,True,41.7,
1769845965.327,35.877968,139.817112,OK,17,1.0,-4.4,9.86,0.06,STABLE,-1.5,-6.2,(0, 3, 1, 0),False,2.1,WARN(CAL),0.00,-0.22,True,42.8,
1769845966.407,35.877982,139.817110,OK,16,1.0,-4.4,8.77,1.03,SHAKE,-1.3,-6.0,(0, 3, 1, 0),False,1.5,WARN(CAL),0.00,0.19,True,43.8,
1769845967.471,35.877993,139.817108,OK,17,0.9,-4.6,10.19,0.38,STABLE,-1.4,-5.7,(2, 3, 1, 0),False,1.3,WARN(CAL),0.00,-0.63,True,44.9,
1769845968.543,35.877998,139.817108,OK,17,0.9,-4.8,9.86,0.06,STABLE,-1.4,-5.3,(0, 3, 1, 0),False,0.6,WARN(CAL),0.00,0.25,True,46.0,
1769845969.571,35.878003,139.817107,OK,17,0.9,-4.9,9.97,0.16,STABLE,-1.4,-5.2,(2, 3, 1, 0),False,0.6,WARN(CAL),0.00,0.17,True,47.0,
1769845970.596,35.878007,139.817107,OK,17,0.9,-5.1,9.69,0.12,STABLE,-1.4,-4.8,(0, 3, 1, 0),False,0.4,WARN(CAL),0.00,-0.43,True,48.0,
1769845971.629,35.878008,139.817105,OK,17,0.9,-5.3,8.89,0.92,SHAKE,-1.4,-4.6,(2, 3, 1, 0),False,0.2,WARN(CAL),0.00,0.39,False,0.0,STOP_END
1769845972.661,35.878008,139.817103,OK,17,0.9,-5.5,9.56,0.25,STABLE,-0.6,-4.2,(2, 3, 1, 0),False,0.2,WARN(CAL),0.00,0.37,True,0.0,STOP_START
1769845973.738,35.878012,139.817103,OK,17,0.9,-5.5,9.94,0.13,STABLE,-0.2,-4.1,(0, 3, 1, 0),False,0.4,WARN(CAL),0.00,-0.03,True,1.1,
1769845974.770,35.878012,139.817102,OK,16,0.9,-5.5,10.94,1.14,SHAKE,-0.6,-1.8,(0, 3, 1, 0),False,0.2,WARN(CAL),0.00,-0.23,True,2.1,
1769845975.805,35.878022,139.817098,OK,17,0.9,-5.4,10.00,0.19,STABLE,-1.1,-0.1,(2, 3, 1, 0),False,1.2,WARN(CAL),0.00,-0.06,True,3.1,
1769845976.830,35.878048,139.817092,OK,17,0.9,-5.3,9.65,0.16,STABLE,-1.1,1.4,(2, 3, 1, 0),False,3.0,WARN(CAL),0.00,-0.08,True,4.2,
1769845977.855,35.878078,139.817085,OK,17,1.0,-5.3,10.00,0.20,STABLE,-1.0,1.9,(2, 3, 1, 0),False,3.4,WARN(CAL),0.00,-0.19,True,5.2,
1769845978.939,35.878125,139.817068,OK,17,1.0,-5.2,9.89,0.09,STABLE,-0.9,1.9,(0, 3, 1, 0),False,5.4,WARN(CAL),0.00,-0.17,True,6.3,
1769845979.968,35.878185,139.817045,OK,16,1.0,-5.0,9.74,0.07,STABLE,-1.4,-2.6,(2, 3, 1, 0),False,7.0,WARN(CAL),0.00,-0.29,True,7.3,
1769845980.996,35.878258,139.817020,OK,17,1.0,-4.9,9.73,0.07,STABLE,-1.6,-4.1,(0, 3, 1, 0),False,8.5,WARN(CAL),0.00,-0.28,True,8.3,
1769845982.024,35.878335,139.816995,OK,17,1.0,-4.7,9.79,0.02,STABLE,-1.6,-4.4,(2, 3, 1, 0),False,8.8,WARN(CAL),0.00,-0.30,True,9.4,
1769845983.054,35.878423,139.816960,OK,18,0.7,-4.4,9.81,0.00,STABLE,-1.6,-4.4,(0, 3, 1, 0),False,10.3,WARN(CAL),0.00,-0.29,True,10.4,
1769845984.122,35.878528,139.816917,OK,18,0.7,-4.3,9.77,0.04,STABLE,-1.6,-4.4,(2, 3, 1, 0),False,12.3,WARN(CAL),0.00,-0.27,True,11.5,
1769845985.193,35.878620,139.816870,OK,18,0.7,-3.9,9.78,0.03,STABLE,-1.6,-4.4,(2, 3, 1, 0),False,11.0,WARN(CAL),0.00,-0.25,True,12.5,
1769845986.276,35.878733,139.816825,OK,18,0.7,-3.6,9.77,0.04,STABLE,-1.6,-4.4,(2, 3, 1, 0),False,13.2,WARN(CAL),0.00,-0.27,True,13.6,
1769845987.341,35.878855,139.816760,OK,18,0.7,-3.3,9.78,0.02,STABLE,-1.6,-4.4,(2, 3, 1, 0),False,14.7,WARN(CAL),0.00,-0.29,True,14.7,
1769845988.425,35.878980,139.816705,OK,18,0.7,-3.4,9.76,0.04,STABLE,-1.6,-4.4,(2, 3, 1, 0),False,14.8,WARN(CAL),0.00,-0.30,True,15.8,
1769845989.450,35.879115,139.816650,OK,18,0.7,-4.1,9.77,0.03,STABLE,-1.6,-4.4,(2, 3, 1, 0),False,15.8,WARN(CAL),0.00,-0.29,True,16.8,
1769845990.474,35.879248,139.816602,OK,18,0.7,-3.8,9.82,0.01,STABLE,-1.6,-4.4,(2, 3, 1, 0),False,15.5,WARN(CAL),0.00,-0.31,True,17.8,
1769845991.499,35.879378,139.816527,OK,18,0.7,-3.7,9.78,0.02,STABLE,-1.6,-4.4,(2, 3, 1, 0),False,16.0,WARN(CAL),0.00,-0.30,True,18.8,
1769845992.532,35.879522,139.816452,OK,18,0.7,-5.1,9.76,0.04,STABLE,-1.6,-4.4,(2, 3, 1, 0),False,17.3,WARN(CAL),0.00,-0.29,True,19.9,
1769845993.594,35.879655,139.816385,OK,18,0.7,-6.7,9.77,0.03,STABLE,-1.6,-4.4,(2, 3, 1, 0),False,16.0,WARN(CAL),0.00,-0.29,True,20.9,
1769845994.670,35.879780,139.816322,OK,18,0.7,-6.3,9.78,0.03,STABLE,-1.6,-4.4,(0, 3, 1, 0),False,15.0,WARN(CAL),0.00,-0.29,True,22.0,
1769845995.701,35.879907,139.816272,OK,18,0.7,-5.7,9.74,0.07,STABLE,-1.6,-4.4,(2, 3, 1, 0),False,14.8,WARN(CAL),0.00,-0.29,True,23.0,
1769845996.730,35.880035,139.816213,OK,18,0.7,-5.4,9.78,0.02,STABLE,-1.6,-4.4,(0, 3, 1, 0),False,15.2,WARN(CAL),0.00,-0.30,True,24.1,
1769845997.756,35.880165,139.816162,OK,18,0.7,-5.0,9.71,0.09,STABLE,-1.6,-4.4,(0, 3, 1, 0),False,15.2,WARN(CAL),0.00,-0.30,True,25.1,
1769845998.790,35.880285,139.816115,OK,18,0.7,-4.9,9.91,0.10,STABLE,-1.6,-4.4,(0, 3, 1, 0),False,14.0,WARN(CAL),0.00,-0.24,True,26.1,
1769845999.875,35.880393,139.816072,OK,18,0.7,-4.6,317.94,308.14,IMPACT,-1.6,-4.6,(2, 3, 1, 0),False,12.7,WARN(CAL),0.00,-0.31,True,27.2,
1769846000.946,35.880502,139.816027,OK,18,0.7,-2.9,9.88,0.08,STABLE,-1.7,-4.8,(2, 3, 1, 0),False,12.7,WARN(CAL),0.00,-0.35,True,28.3,
1769846001.977,35.880600,139.815967,OK,18,0.7,-3.3,9.69,0.12,STABLE,-1.7,-4.8,(2, 3, 1, 0),False,12.2,WARN(CAL),0.00,-0.28,True,29.3,
1769846003.004,35.880693,139.815923,OK,18,0.7,-3.5,9.90,0.09,STABLE,-1.7,-4.8,(2, 3, 1, 0),False,11.1,WARN(CAL),0.00,-0.38,True,30.3,
1769846004.035,35.880782,139.815883,OK,18,0.7,-3.5,9.65,0.16,STABLE,-1.7,-4.9,(0, 3, 1, 0),False,10.5,WARN(CAL),0.00,-0.26,True,31.4,
1769846005.065,35.880867,139.815850,OK,18,0.7,-4.2,9.53,0.28,STABLE,-1.7,-4.9,(0, 3, 1, 0),False,9.9,WARN(CAL),0.00,-0.26,True,32.4,
1769846006.130,35.880938,139.815825,OK,18,0.7,-4.2,9.91,0.10,STABLE,-1.7,-4.9,(2, 3, 1, 0),False,8.3,WARN(CAL),0.00,-0.36,True,33.5,
1769846007.199,35.881003,139.815807,OK,18,0.7,-4.1,9.53,0.27,STABLE,-1.7,-4.9,(2, 3, 1, 0),False,7.4,WARN(CAL),0.00,-0.23,True,34.5,
1769846008.272,35.881062,139.815790,OK,18,0.7,-3.9,9.74,0.07,STABLE,-1.7,-4.9,(2, 3, 1, 0),False,6.7,WARN(CAL),0.00,-0.28,True,35.6,
1769846009.340,35.881103,139.815782,OK,18,0.7,-3.6,9.51,0.30,STABLE,-1.7,-5.0,(0, 3, 1, 0),False,4.7,WARN(CAL),0.00,-0.25,True,36.7,
1769846010.413,35.881133,139.815772,OK,18,0.7,-3.3,9.90,0.09,STABLE,-1.7,-5.0,(2, 3, 1, 0),False,3.5,WARN(CAL),0.00,-0.36,True,37.8,
1769846011.495,35.881155,139.815763,OK,18,0.7,-3.1,9.67,0.14,STABLE,-1.7,-5.1,(2, 3, 1, 0),False,2.5,WARN(CAL),0.00,-0.26,True,38.8,
1769846012.527,35.881168,139.815763,OK,18,0.7,-3.1,9.66,0.14,STABLE,-1.7,-5.1,(2, 3, 1, 0),False,1.5,WARN(CAL),0.00,-0.26,True,39.9,
1769846013.557,35.881173,139.815762,OK,18,0.7,-2.7,9.64,0.17,STABLE,-1.7,-5.1,(2, 3, 1, 0),False,0.6,WARN(CAL),0.00,-0.25,True,40.9,
1769846014.585,35.881177,139.815760,OK,17,0.9,-2.6,9.68,0.12,STABLE,-1.7,-5.1,(2, 3, 1, 0),False,0.4,WARN(CAL),0.00,-0.23,True,41.9,
1769846015.614,35.881180,139.815760,OK,17,0.9,-2.6,10.00,0.19,STABLE,-1.7,-5.1,(2, 3, 1, 0),False,0.4,WARN(CAL),0.00,-0.29,True,43.0,
1769846016.694,35.881190,139.815757,OK,18,0.9,-2.5,9.67,0.14,STABLE,-1.7,-5.1,(2, 3, 1, 0),False,1.2,WARN(CAL),0.00,-0.25,True,44.0,
1769846017.721,35.881208,139.815750,OK,18,0.9,-2.4,9.94,0.14,STABLE,-1.7,-5.1,(0, 3, 1, 0),False,2.1,WARN(CAL),0.00,-0.28,True,45.1,
1769846018.748,35.881218,139.815747,OK,18,0.9,-2.2,9.93,0.12,STABLE,-1.7,-5.1,(2, 3, 1, 0),False,1.2,WARN(CAL),0.00,-0.24,True,46.1,
1769846019.780,35.881255,139.815738,OK,18,0.7,-2.1,9.87,0.06,STABLE,-1.7,-5.2,(0, 3, 1, 0),False,4.1,WARN(CAL),0.00,-0.23,True,47.1,
1769846020.807,35.881307,139.815725,OK,18,0.7,-1.9,9.91,0.11,STABLE,-1.7,-5.2,(2, 3, 1, 0),False,5.9,WARN(CAL),0.00,-0.25,True,48.1,
1769846021.887,35.881357,139.815710,OK,18,0.7,-1.9,9.90,0.10,STABLE,-1.7,-5.2,(2, 3, 1, 0),False,5.7,WARN(CAL),0.00,-0.28,True,49.2,
1769846022.918,35.881418,139.815695,OK,19,0.7,-1.5,9.52,0.29,STABLE,-1.7,-5.2,(2, 3, 1, 0),False,7.0,WARN(CAL),0.00,-0.24,True,50.3,
1769846023.947,35.881485,139.815677,OK,19,0.7,-1.5,9.89,0.09,STABLE,-1.7,-5.3,(2, 3, 1, 0),False,7.6,WARN(CAL),0.00,-0.24,True,51.3,
1769846024.976,35.881553,139.815657,OK,19,0.7,-1.1,9.47,0.33,STABLE,-1.7,-5.3,(2, 3, 1, 0),False,7.8,WARN(CAL),0.00,-0.24,True,52.3,
1769846026.010,35.881620,139.815638,OK,19,0.7,-1.2,9.69,0.11,STABLE,-1.7,-5.4,(2, 3, 1, 0),False,7.6,WARN(CAL),0.00,-0.25,True,53.3,
1769846027.075,35.881685,139.815622,OK,19,0.7,-1.4,10.08,0.28,STABLE,-1.7,-5.4,(2, 3, 1, 0),False,7.4,WARN(CAL),0.00,-0.43,True,54.4,
1769846028.140,35.881757,139.815607,OK,19,0.7,-0.9,9.84,0.03,STABLE,-1.7,-5.4,(2, 3, 1, 0),False,8.1,WARN(CAL),0.00,-0.33,True,55.5,
1769846029.219,35.881833,139.815585,OK,17,0.8,-0.9,9.59,0.21,STABLE,-1.8,-5.8,(2, 3, 1, 0),False,8.7,WARN(CAL),0.00,-0.42,True,56.6,
1769846030.289,35.881930,139.815580,OK,18,0.7,3.7,9.64,0.17,STABLE,-2.1,-7.9,(2, 3, 1, 0),False,10.8,WARN(CAL),0.00,-0.44,True,57.6,
1769846031.353,35.882010,139.815562,OK,18,0.7,4.1,9.47,0.33,STABLE,-2.2,-8.6,(2, 3, 1, 0),False,9.0,WARN(CAL),0.00,-0.36,True,58.7,
1769846032.425,35.882095,139.815542,OK,18,0.7,4.5,10.00,0.19,STABLE,-2.2,-8.6,(0, 3, 1, 0),False,9.6,WARN(CAL),0.00,-0.62,True,59.8,
1769846033.494,35.882180,139.815528,OK,18,0.7,4.8,9.52,0.29,STABLE,-2.1,-7.2,(2, 3, 1, 0),False,9.5,WARN(CAL),0.00,-0.37,True,60.8,
1769846034.523,35.882268,139.815512,OK,18,0.9,5.0,9.57,0.23,STABLE,-2.3,-7.6,(2, 3, 1, 0),False,9.9,WARN(CAL),0.00,-0.46,True,61.9,
1769846035.548,35.882360,139.815495,OK,18,0.9,5.1,10.33,0.52,SHAKE,-2.3,-7.6,(2, 3, 1, 0),False,10.3,WARN(CAL),0.00,-0.12,True,62.9,
1769846036.573,35.882443,139.815475,OK,19,0.7,3.6,9.66,0.15,STABLE,-2.3,-7.4,(0, 3, 1, 0),False,9.4,WARN(CAL),0.00,-0.37,True,63.9,
1769846037.602,35.882537,139.815458,OK,18,0.8,3.6,10.46,0.66,SHAKE,-2.5,-7.2,(0, 3, 1, 0),False,10.5,WARN(CAL),0.00,-0.76,True,64.9,
1769846038.676,35.882630,139.815440,OK,19,0.7,3.3,9.29,0.51,SHAKE,-2.4,-6.6,(2, 3, 1, 0),False,10.5,WARN(CAL),0.00,-0.44,True,66.0,
1769846039.704,35.882722,139.815427,OK,18,0.7,2.3,326.99,317.19,IMPACT,-2.4,-6.5,(0, 3, 1, 0),False,10.3,WARN(CAL),0.00,-0.35,True,67.0,
1769846040.734,35.882820,139.815410,OK,18,0.7,2.6,9.70,0.11,STABLE,-2.4,-6.2,(2, 3, 1, 0),False,11.0,WARN(CAL),0.00,-0.28,True,68.1,
1769846041.762,35.882912,139.815400,OK,18,0.7,3.4,9.21,0.59,SHAKE,-2.6,-6.3,(2, 3, 1, 0),False,10.2,WARN(CAL),0.00,-0.62,True,69.1,
1769846042.787,35.883002,139.815390,OK,18,0.7,3.8,9.96,0.16,STABLE,-2.1,-3.2,(2, 3, 1, 0),False,10.0,WARN(CAL),0.00,-0.21,True,70.1,
1769846043.859,35.883092,139.815380,OK,18,0.7,3.6,9.89,0.09,STABLE,-1.8,-1.6,(2, 3, 1, 0),False,10.0,WARN(CAL),0.00,-0.19,True,71.2,
1769846044.927,35.883180,139.815370,OK,18,0.7,3.6,10.42,0.62,SHAKE,-1.1,-1.5,(2, 3, 1, 0),False,9.9,WARN(CAL),0.00,0.00,True,72.3,
1769846045.999,35.883263,139.815355,OK,18,0.8,3.3,9.64,0.16,STABLE,-1.1,-1.2,(2, 3, 1, 0),False,9.4,WARN(CAL),0.00,-0.37,True,73.3,
1769846047.073,35.883342,139.815340,OK,18,0.8,3.0,9.75,0.06,STABLE,-1.8,-2.4,(2, 3, 1, 0),False,8.8,WARN(CAL),0.00,-0.39,True,74.4,
1769846048.144,35.883418,139.815328,OK,18,0.8,2.7,9.90,0.10,STABLE,-2.7,-11.4,(0, 3, 1, 0),False,8.6,WARN(CAL),0.00,-0.19,True,75.5,
1769846049.217,35.883488,139.815327,OK,19,0.7,3.0,10.23,0.43,STABLE,-2.8,-12.7,(2, 3, 1, 0),False,7.8,WARN(CAL),0.00,0.28,True,76.6,
1769846050.295,35.883555,139.815325,OK,20,0.6,3.3,9.66,0.15,STABLE,-2.6,-12.9,(2, 3, 1, 0),False,7.4,WARN(CAL),0.00,0.52,False,0.0,STOP_END
1769846051.324,35.883607,139.815327,OK,19,0.7,3.9,10.25,0.44,STABLE,2.5,-13.1,(2, 3, 1, 0),False,5.7,WARN(CAL),0.00,1.69,True,0.0,STOP_START
1769846052.353,35.883667,139.815332,OK,20,0.6,5.7,9.84,0.04,STABLE,2.8,-14.3,(1, 3, 1, 0),False,6.7,WARN(CAL),0.00,1.48,False,0.0,STOP_END
1769846053.374,35.883710,139.815328,OK,20,0.6,6.5,9.65,0.15,STABLE,1.6,-14.8,(3, 3, 1, 0),False,4.8,WARN(CAL),0.00,-0.34,True,0.0,STOP_START
1769846054.401,35.883737,139.815327,OK,20,0.6,7.2,9.82,0.01,STABLE,0.7,-14.7,(3, 3, 1, 0),False,3.0,WARN(CAL),0.00,-0.23,True,1.0,
1769846055.472,35.883750,139.815328,OK,20,0.6,8.4,9.94,0.14,STABLE,0.4,-14.7,(3, 3, 1, 0),False,1.5,WARN(CAL),0.00,-0.85,True,2.1,
1769846056.499,35.883753,139.815328,OK,20,0.6,8.7,9.17,0.63,SHAKE,0.8,-14.7,(3, 3, 1, 0),False,0.4,WARN(CAL),0.00,-0.68,True,3.1,
1769846057.525,35.883755,139.815328,OK,20,0.6,9.0,9.16,0.64,SHAKE,0.8,-14.5,(1, 3, 1, 0),False,0.2,WARN(CAL),0.00,-0.39,True,4.2,
1769846058.553,35.883748,139.815330,OK,19,0.7,8.7,9.29,0.52,SHAKE,0.0,-13.8,(3, 3, 1, 0),False,0.8,WARN(CAL),0.00,-0.69,True,5.2,
1769846059.582,35.883745,139.815333,OK,19,0.7,8.8,8.25,1.55,SHAKE,0.2,-13.5,(2, 3, 1, 0),False,0.5,WARN(CAL),0.00,0.32,False,0.0,STOP_END
1769846060.642,35.883745,139.815338,OK,18,0.7,9.2,11.40,1.60,SHAKE,-0.1,-13.6,(2, 3, 1, 0),False,0.5,WARN(CAL),0.00,0.14,True,0.0,STOP_START
1769846061.712,35.883743,139.815340,OK,18,0.7,9.5,9.61,0.19,STABLE,0.1,-13.4,(0, 3, 1, 0),False,0.2,WARN(CAL),0.00,0.01,True,1.1,
1769846062.780,35.883742,139.815347,OK,18,0.7,9.7,9.21,0.60,SHAKE,0.1,-13.3,(2, 3, 1, 0),False,0.6,WARN(CAL),0.00,-0.05,True,2.1,
1769846063.850,35.883743,139.815348,OK,18,0.7,9.8,10.22,0.41,STABLE,-0.3,-13.4,(3, 3, 1, 0),False,0.2,WARN(CAL),0.00,0.10,True,3.2,
1769846064.880,35.883740,139.815352,OK,18,0.7,9.9,10.07,0.26,STABLE,-1.1,-13.0,(3, 3, 1, 0),False,0.5,WARN(CAL),0.00,-1.16,True,4.2,
1769846065.907,35.883737,139.815357,OK,18,0.7,10.1,9.26,0.54,SHAKE,-1.1,-12.8,(1, 3, 1, 0),False,0.6,WARN(CAL),0.00,-0.32,True,5.3,
1769846066.938,35.883732,139.815360,OK,18,0.7,10.2,9.85,0.04,STABLE,-1.4,-12.8,(3, 3, 1, 0),False,0.6,WARN(CAL),0.00,-0.19,True,6.3,
1769846067.967,35.883730,139.815360,OK,18,0.7,10.2,11.22,1.42,SHAKE,-0.3,-12.7,(2, 3, 1, 0),False,0.2,WARN(CAL),0.00,-0.84,True,7.3,
1769846069.049,35.883730,139.815360,OK,18,0.7,10.2,7.86,1.94,SHAKE,-0.4,-12.7,(2, 3, 1, 0),False,0.0,WARN(CAL),0.00,-0.25,True,8.4,
1769846070.122,35.883728,139.815362,OK,18,0.7,10.3,10.81,1.00,SHAKE,-1.0,-13.3,(0, 3, 1, 0),False,0.2,WARN(CAL),0.00,-0.48,True,9.5,
1769846071.201,35.883727,139.815362,OK,18,0.7,10.2,8.96,0.84,SHAKE,-0.6,-13.1,(0, 3, 1, 0),False,0.2,WARN(CAL),0.00,-1.10,True,10.6,
1769846072.265,35.883725,139.815363,OK,18,0.7,10.2,9.72,0.09,STABLE,-0.6,-13.0,(2, 3, 1, 0),False,0.2,WARN(CAL),0.00,-0.17,True,11.6,
1769846073.338,35.883723,139.815363,OK,18,0.7,10.2,10.72,0.91,SHAKE,-0.8,-12.8,(1, 3, 1, 0),False,0.2,WARN(CAL),0.00,0.48,False,0.0,STOP_END
1769846074.417,35.883723,139.815363,OK,18,0.7,10.2,9.31,0.49,STABLE,-0.7,-13.1,(3, 3, 1, 0),False,0.0,WARN(CAL),0.00,-0.55,True,0.0,STOP_START
1769846075.483,35.883723,139.815363,OK,18,0.7,10.2,12.90,3.09,IMPACT,-0.9,-12.8,(2, 3, 1, 0),False,0.0,WARN(CAL),0.00,-1.21,True,1.1,
1769846076.555,35.883723,139.815363,OK,18,0.7,10.2,8.85,0.95,SHAKE,-1.0,-12.5,(2, 3, 1, 0),False,0.0,WARN(CAL),0.00,0.55,False,0.0,STOP_END
1769846077.582,35.883722,139.815363,OK,18,0.7,10.3,9.96,0.15,STABLE,-1.0,-12.5,(2, 3, 1, 0),False,0.2,WARN(CAL),0.00,0.28,True,0.0,STOP_START
1769846078.607,35.883718,139.815363,OK,18,0.7,10.2,11.32,1.51,SHAKE,-1.0,-12.4,(2, 3, 1, 0),False,0.4,WARN(CAL),0.00,0.10,True,1.0,
1769846079.638,35.883718,139.815362,OK,18,0.7,10.3,9.13,0.67,SHAKE,-1.0,-12.2,(0, 3, 1, 0),False,0.2,WARN(CAL),0.00,0.23,True,2.1,
1769846080.670,35.883717,139.815362,OK,18,0.7,10.3,8.85,0.95,SHAKE,-0.9,-12.4,(2, 3, 1, 0),False,0.2,WARN(CAL),0.00,-0.57,True,3.1,
1769846081.737,35.883715,139.815363,OK,19,0.7,10.3,9.50,0.31,STABLE,-0.9,-12.4,(2, 3, 1, 0),False,0.2,WARN(CAL),0.00,-0.43,True,4.2,
1769846082.821,35.883717,139.815362,OK,19,0.7,10.3,11.11,1.30,SHAKE,-1.0,-12.3,(2, 3, 1, 0),False,0.2,WARN(CAL),0.00,-0.70,True,5.2,
1769846083.854,35.883715,139.815362,OK,19,0.7,10.3,9.13,0.67,SHAKE,-0.9,-12.2,(2, 3, 1, 0),False,0.2,WARN(CAL),0.00,-0.46,True,6.3,
1769846084.882,35.883715,139.815362,OK,20,0.7,10.3,9.81,0.00,STABLE,-0.8,-12.3,(2, 3, 1, 0),False,0.0,WARN(CAL),0.00,-0.29,True,7.3,
1769846085.912,35.883715,139.815360,OK,20,0.7,10.3,11.03,1.22,SHAKE,-0.8,-10.9,(2, 3, 1, 0),False,0.2,WARN(CAL),0.00,-0.28,True,8.3,
1769846086.937,35.883713,139.815362,OK,19,0.7,10.3,9.79,0.02,STABLE,-0.9,-10.8,(2, 3, 1, 0),False,0.2,WARN(CAL),0.00,-0.78,True,9.4,
1769846088.013,35.883712,139.815360,OK,19,0.7,10.3,9.51,0.29,STABLE,-1.2,-10.8,(3, 3, 1, 0),False,0.2,WARN(CAL),0.00,0.19,True,10.4,
1769846089.085,35.883713,139.815362,OK,19,0.7,10.4,10.86,1.05,SHAKE,-1.8,-9.4,(2, 3, 1, 0),False,0.2,WARN(CAL),0.00,-0.32,True,11.5,
1769846090.164,35.883713,139.815362,OK,19,0.7,10.3,9.28,0.53,SHAKE,-1.1,-9.6,(2, 3, 1, 0),False,0.0,WARN(CAL),0.00,-0.38,True,12.6,
1769846091.243,35.883710,139.815362,OK,18,0.7,10.3,9.65,0.16,STABLE,-1.4,-8.9,(2, 3, 1, 0),False,0.4,WARN(CAL),0.00,-0.27,True,13.7,
1769846092.276,35.883710,139.815362,OK,18,0.7,10.4,9.35,0.45,STABLE,-1.5,-8.8,(2, 3, 1, 0),False,0.0,WARN(CAL),0.00,-0.46,True,14.7,
1769846093.302,35.883712,139.815362,OK,19,0.7,10.4,9.84,0.03,STABLE,-1.4,-8.6,(0, 3, 1, 0),False,0.2,WARN(CAL),0.00,0.46,False,0.0,STOP_END
1769846094.329,35.883710,139.815362,OK,19,0.7,10.4,10.19,0.39,STABLE,-1.5,-7.2,(0, 3, 1, 0),False,0.2,WARN(CAL),0.00,0.21,True,0.0,STOP_START
1769846095.362,35.883710,139.815363,OK,19,0.6,10.3,9.66,0.14,STABLE,-1.5,-6.1,(2, 3, 1, 0),False,0.2,WARN(CAL),0.00,-0.62,True,1.0,
1769846096.426,35.883710,139.815363,OK,19,0.6,10.4,10.04,0.23,STABLE,-1.8,-5.9,(3, 3, 1, 0),False,0.0,WARN(CAL),0.00,-0.60,True,2.1,
1769846097.499,35.883708,139.815363,OK,18,0.7,10.4,9.90,0.10,STABLE,-1.8,-5.8,(0, 3, 1, 0),False,0.2,WARN(CAL),0.00,-0.54,True,3.2,
1769846098.568,35.883712,139.815363,OK,17,0.7,10.4,10.47,0.66,SHAKE,-1.7,-5.2,(2, 3, 1, 0),False,0.4,WARN(CAL),0.00,-0.35,True,4.2,
1769846099.646,35.883708,139.815363,OK,18,0.7,10.4,9.07,0.74,SHAKE,-1.9,-4.7,(2, 3, 1, 0),False,0.4,WARN(CAL),0.00,-0.38,True,5.3,
1769846100.671,35.883710,139.815363,OK,19,0.6,10.4,9.83,0.02,STABLE,-1.9,-4.5,(2, 3, 1, 0),False,0.2,WARN(CAL),0.00,-0.53,True,6.3,
1769846101.701,35.883708,139.815363,OK,19,0.6,10.4,10.00,0.20,STABLE,-1.9,-3.1,(2, 3, 1, 0),False,0.2,WARN(CAL),0.00,-0.31,True,7.4,
1769846102.729,35.883708,139.815362,OK,20,0.6,10.3,9.81,0.01,STABLE,-1.8,-2.7,(2, 3, 1, 0),False,0.2,WARN(CAL),0.00,-0.27,True,8.4,
1769846103.760,35.883708,139.815363,OK,20,0.6,10.3,9.66,0.15,STABLE,-1.8,-2.7,(0, 3, 1, 0),False,0.2,WARN(CAL),0.00,-0.35,True,9.4,
1769846104.842,35.883708,139.815362,OK,20,0.6,10.2,9.77,0.04,STABLE,-2.1,-4.7,(2, 3, 1, 0),False,0.2,WARN(CAL),0.00,-0.43,True,10.5,
1769846105.870,35.883708,139.815362,OK,20,0.6,10.2,10.83,1.03,SHAKE,-10.0,-3.7,(0, 3, 1, 0),False,0.0,WARN(CAL),0.00,-0.46,True,11.5,
1769846106.897,35.883708,139.815360,OK,20,0.6,10.2,9.62,0.18,STABLE,-2.1,-4.9,(0, 3, 1, 0),False,0.2,WARN(CAL),0.00,-0.27,True,12.6,
1769846107.925,35.883708,139.815358,OK,20,0.6,10.2,9.50,0.30,STABLE,23.4,-6.3,(2, 3, 1, 0),False,0.2,WARN(CAL),0.00,4.02,False,0.0,STOP_END
1769846108.954,35.883712,139.815358,OK,20,0.6,10.2,8.30,1.50,SHAKE,35.1,-3.6,(2, 3, 1, 0),False,0.4,WARN(CAL),0.00,5.37,True,0.0,STOP_START
1769846110.025,35.883722,139.815357,OK,20,0.6,10.2,10.75,0.94,SHAKE,-2.1,-6.0,(0, 3, 1, 1),False,1.1,WARN(CAL),0.00,0.29,True,1.1,
1769846111.054,35.883730,139.815357,OK,20,0.6,10.1,9.80,0.00,STABLE,-3.1,-5.3,(2, 3, 1, 1),False,0.9,WARN(CAL),0.00,-0.47,True,2.1,
1769846112.084,35.883753,139.815353,OK,20,0.6,10.1,9.73,0.08,STABLE,-3.0,-5.4,(0, 3, 1, 1),False,2.6,WARN(CAL),0.00,-0.42,True,3.1,
1769846113.113,35.883778,139.815350,OK,19,0.7,10.1,9.78,0.02,STABLE,-10.9,-5.5,(2, 3, 1, 1),False,2.8,WARN(CAL),0.00,-0.56,True,4.2,
1769846114.143,35.883810,139.815345,OK,20,0.6,10.0,9.74,0.06,STABLE,-2.9,-5.6,(2, 3, 1, 1),False,3.5,WARN(CAL),0.00,-0.46,True,5.2,
1769846115.215,35.883843,139.815338,OK,20,0.6,9.8,9.73,0.07,STABLE,-2.9,-5.6,(0, 3, 1, 1),False,3.8,WARN(CAL),0.00,-0.48,True,6.3,
1769846116.298,35.883887,139.815330,OK,20,0.6,9.9,9.74,0.07,STABLE,-2.9,-5.6,(2, 3, 1, 1),False,4.9,WARN(CAL),0.00,-0.46,True,7.3,
1769846117.365,35.883930,139.815323,OK,20,0.6,10.1,9.43,0.38,STABLE,-3.0,-6.0,(2, 3, 1, 1),False,4.9,WARN(CAL),0.00,-0.88,True,8.4,
1769846118.447,35.883972,139.815315,OK,20,0.6,10.1,9.17,0.64,SHAKE,-4.1,-9.7,(2, 3, 1, 1),False,4.7,WARN(CAL),0.00,-1.13,True,9.5,
1769846119.527,35.884012,139.815305,OK,19,0.7,9.9,9.89,0.08,STABLE,-4.1,-10.2,(2, 3, 1, 1),False,4.5,WARN(CAL),0.00,-0.53,True,10.6,
1769846120.577,35.884058,139.815293,OK,20,0.6,9.4,9.54,0.26,STABLE,-4.1,-10.5,(2, 3, 1, 1),False,5.3,WARN(CAL),0.00,-1.29,True,11.6,
1769846121.649,35.884105,139.815287,OK,20,0.6,8.9,10.69,0.88,SHAKE,-4.1,-10.5,(0, 3, 1, 1),False,5.2,WARN(CAL),0.00,-1.53,True,12.7,
1769846122.729,35.884148,139.815278,OK,20,0.6,8.3,10.53,0.72,SHAKE,-12.0,-10.2,(2, 3, 1, 1),False,4.9,WARN(CAL),0.00,-0.45,True,13.8,
1769846123.757,35.884187,139.815272,OK,20,0.6,7.9,10.01,0.20,STABLE,-3.9,-10.4,(2, 3, 1, 1),False,4.3,WARN(CAL),0.00,-1.40,True,14.8,
1769846124.783,35.884217,139.815267,OK,20,0.6,7.6,12.44,2.63,IMPACT,-4.9,-11.2,(2, 3, 1, 1),False,3.4,WARN(CAL),0.00,-0.99,True,15.8,
1769846125.807,35.884237,139.815268,OK,20,0.6,6.9,10.43,0.62,SHAKE,-4.4,-9.9,(2, 3, 1, 1),False,2.2,WARN(CAL),0.00,-0.91,True,16.9,
1769846126.838,35.884250,139.815265,OK,20,0.6,6.4,9.60,0.21,STABLE,-4.6,-9.1,(2, 3, 1, 1),False,1.5,WARN(CAL),0.00,-0.99,True,17.9,
1769846127.903,35.884265,139.815267,OK,20,0.6,5.9,10.28,0.47,STABLE,-3.3,-9.8,(2, 3, 1, 1),False,1.7,WARN(CAL),0.00,-0.80,True,18.9,
1769846128.978,35.884288,139.815275,OK,20,0.6,5.5,9.50,0.30,STABLE,-3.3,-9.7,(2, 3, 1, 1),False,2.7,WARN(CAL),0.00,-0.28,True,20.0,
1769846130.061,35.884318,139.815300,OK,20,0.6,4.8,10.94,1.13,SHAKE,-3.5,-9.7,(0, 3, 1, 1),False,4.0,WARN(CAL),0.00,-0.18,True,21.1,
1769846131.129,35.884352,139.815340,OK,20,0.6,4.5,10.64,0.83,SHAKE,-3.5,-9.3,(2, 3, 1, 1),False,5.2,WARN(CAL),0.00,-0.31,True,22.2,
1769846132.208,35.884380,139.815405,OK,20,0.6,3.5,10.03,0.23,STABLE,-3.7,-9.5,(0, 3, 1, 1),False,6.6,WARN(CAL),0.00,-0.08,True,23.3,
1769846133.241,35.884392,139.815482,OK,20,0.6,3.0,9.62,0.19,STABLE,-3.8,-9.3,(2, 3, 1, 1),False,7.0,WARN(CAL),0.00,-0.81,True,24.3,
1769846134.268,35.884397,139.815582,OK,20,0.6,2.3,8.79,1.02,SHAKE,-3.4,-9.2,(2, 3, 1, 1),False,9.0,WARN(CAL),0.00,-0.78,True,25.3,
1769846135.293,35.884400,139.815705,OK,20,0.6,1.5,8.68,1.13,SHAKE,-3.2,-9.2,(2, 3, 1, 1),False,11.1,WARN(CAL),0.00,0.19,True,26.3,
1769846136.324,35.884392,139.815855,OK,20,0.6,-0.5,7.80,2.01,IMPACT,-3.3,-9.2,(2, 3, 1, 1),False,13.5,WARN(CAL),0.00,-1.26,True,27.4,
1769846137.388,35.884405,139.816027,OK,20,0.6,-0.6,10.47,0.67,SHAKE,-3.2,-9.1,(2, 3, 1, 1),False,15.5,WARN(CAL),0.00,-0.25,True,28.4,
1769846138.412,35.884425,139.816203,OK,19,0.7,-1.2,12.52,2.71,IMPACT,-3.2,-9.2,(2, 3, 1, 1),False,16.1,WARN(CAL),0.00,0.68,False,0.0,STOP_END
1769846139.438,35.884447,139.816380,OK,19,0.7,-1.0,9.99,0.18,STABLE,-3.1,-9.0,(2, 3, 1, 1),False,16.1,WARN(CAL),0.00,-0.15,True,0.0,STOP_START
1769846140.456,35.884468,139.816555,OK,20,0.6,-1.2,9.68,0.13,STABLE,-3.1,-9.1,(0, 3, 1, 1),False,15.9,WARN(CAL),0.00,0.23,True,1.0,
1769846141.482,35.884483,139.816727,OK,20,0.6,-1.7,10.77,0.96,SHAKE,-3.1,-9.1,(2, 3, 1, 1),False,15.6,WARN(CAL),0.00,0.53,False,0.0,STOP_END
1769846142.550,35.884507,139.816888,OK,20,0.6,-0.8,8.31,1.49,SHAKE,-3.1,-8.6,(2, 3, 1, 1),False,14.8,WARN(CAL),0.00,0.07,True,0.0,STOP_START
1769846143.617,35.884503,139.817033,OK,19,0.7,-2.9,9.61,0.19,STABLE,-2.9,-8.9,(2, 3, 1, 1),False,13.1,WARN(CAL),0.00,-0.23,True,1.1,
1769846144.688,35.884500,139.817187,OK,19,0.7,-2.7,10.28,0.48,STABLE,-2.6,-8.1,(0, 3, 1, 1),False,13.8,WARN(CAL),0.00,0.16,True,2.1,
1769846145.764,35.884515,139.817373,OK,18,0.7,-2.7,8.99,0.81,SHAKE,-2.1,-6.1,(2, 3, 1, 1),False,16.9,WARN(CAL),0.00,-0.21,True,3.2,
1769846146.848,35.884535,139.817587,OK,18,0.7,-2.4,9.62,0.19,STABLE,-1.9,-4.8,(2, 3, 1, 1),False,19.3,WARN(CAL),0.00,-0.15,True,4.3,
1769846147.872,35.884557,139.817780,OK,18,0.7,-2.7,9.86,0.06,STABLE,-1.5,-3.0,(2, 3, 1, 1),False,17.6,WARN(CAL),0.00,-0.12,True,5.3,
1769846148.901,35.884577,139.817960,OK,18,0.7,-3.0,9.74,0.07,STABLE,-1.4,-2.4,(2, 3, 1, 1),False,16.4,WARN(CAL),0.00,-0.19,True,6.4,
1769846149.935,35.884593,139.818143,OK,18,0.7,-4.1,9.75,0.05,STABLE,-2.1,-4.6,(2, 3, 1, 1),False,16.6,WARN(CAL),0.00,-0.45,True,7.4,
1769846150.959,35.884617,139.818310,OK,18,0.7,-4.0,9.73,0.08,STABLE,-2.3,-5.1,(2, 3, 1, 1),False,15.2,WARN(CAL),0.00,-0.43,True,8.4,
1769846152.033,35.884638,139.818477,OK,18,0.7,-4.0,9.76,0.05,STABLE,-2.3,-5.2,(2, 3, 1, 1),False,15.2,WARN(CAL),0.00,-0.45,True,9.5,
1769846153.098,35.884658,139.818652,OK,19,0.7,-3.7,9.71,0.09,STABLE,-2.3,-5.2,(2, 3, 1, 1),False,15.9,WARN(CAL),0.00,-0.44,True,10.5,
1769846154.182,35.884677,139.818825,OK,19,0.7,-3.5,9.76,0.05,STABLE,-2.3,-5.2,(0, 3, 1, 1),False,15.7,WARN(CAL),0.00,-0.46,True,11.6,
1769846155.203,35.884697,139.818995,OK,18,0.7,-3.8,9.76,0.04,STABLE,-2.3,-5.2,(2, 3, 1, 1),False,15.5,WARN(CAL),0.00,-0.46,True,12.7,
1769846156.232,35.884712,139.819170,OK,18,0.7,-3.6,9.91,0.10,STABLE,-2.6,-6.0,(2, 3, 1, 1),False,15.9,WARN(CAL),0.00,-0.62,True,13.7,
1769846157.258,35.884725,139.819347,OK,19,0.7,-3.3,9.77,0.04,STABLE,-3.4,-8.7,(0, 3, 1, 0),False,16.0,WARN(CAL),0.00,-0.73,True,14.7,
1769846158.287,35.884740,139.819520,OK,18,0.7,-3.0,9.61,0.19,STABLE,-3.7,-10.1,(2, 3, 1, 0),False,15.7,WARN(CAL),0.00,-0.56,True,15.7,
1769846159.354,35.884753,139.819682,OK,18,0.7,-2.8,10.38,0.57,SHAKE,-3.4,-10.1,(2, 3, 1, 0),False,14.6,WARN(CAL),0.00,-0.68,True,16.8,
1769846160.426,35.884762,139.819852,OK,19,0.7,-3.4,8.21,1.60,SHAKE,-3.5,-9.8,(0, 3, 1, 0),False,15.3,WARN(CAL),0.00,-0.27,True,17.9,
1769846161.456,35.884780,139.820012,OK,19,0.7,-3.2,9.45,0.36,STABLE,-3.4,-9.7,(2, 3, 1, 0),False,14.6,WARN(CAL),0.00,-1.25,True,18.9,
1769846162.482,35.884788,139.820173,OK,19,0.7,-3.4,9.48,0.32,STABLE,-3.0,-9.2,(2, 3, 1, 0),False,14.6,WARN(CAL),0.00,0.02,True,19.9,
1769846163.508,35.884793,139.820335,OK,19,0.7,-3.2,9.00,0.80,SHAKE,-3.2,-8.9,(2, 3, 1, 0),False,14.6,WARN(CAL),0.00,-1.45,True,21.0,
1769846164.537,35.884812,139.820502,OK,19,0.7,-2.8,11.31,1.51,SHAKE,-3.2,-8.9,(2, 3, 1, 0),False,15.2,WARN(CAL),0.00,-0.26,True,22.0,
1769846165.590,35.884828,139.820643,OK,18,0.7,-3.1,8.29,1.51,SHAKE,-2.7,-8.7,(2, 3, 1, 0),False,12.9,WARN(CAL),0.00,-0.10,True,23.0,
1769846166.651,35.884837,139.820780,OK,18,0.7,-2.7,9.70,0.10,STABLE,-2.5,-8.7,(2, 3, 1, 0),False,12.3,WARN(CAL),0.00,-0.91,True,24.1,
1769846167.718,35.884847,139.820910,OK,18,0.7,-2.1,10.64,0.83,SHAKE,-2.5,-8.4,(2, 3, 1, 0),False,11.8,WARN(CAL),0.00,-1.25,True,25.2,
1769846168.805,35.884860,139.821040,OK,19,0.7,-2.0,7.10,2.71,IMPACT,-2.1,-8.2,(2, 3, 1, 0),False,11.8,WARN(CAL),0.00,-0.27,True,26.3,
1769846169.867,35.884873,139.821167,OK,19,0.7,-1.7,9.05,0.76,SHAKE,-2.0,-7.8,(2, 3, 1, 0),False,11.5,WARN(CAL),0.00,-0.53,True,27.3,
1769846170.936,35.884890,139.821275,OK,18,0.7,-2.5,9.88,0.07,STABLE,-1.6,-7.7,(2, 3, 1, 0),False,9.9,WARN(CAL),0.00,-0.18,True,28.4,
1769846171.963,35.884903,139.821383,OK,18,0.7,-2.7,8.71,1.10,SHAKE,-1.4,-7.3,(2, 3, 1, 0),False,9.9,WARN(CAL),0.00,-0.28,True,29.4,
1769846172.994,35.884917,139.821488,OK,18,0.7,-3.3,12.37,2.56,IMPACT,-0.8,-6.6,(2, 3, 1, 0),False,9.6,WARN(CAL),0.00,0.52,False,0.0,STOP_END
1769846174.026,35.884920,139.821577,OK,18,0.7,-3.7,10.67,0.86,SHAKE,-2.6,-4.0,(2, 3, 1, 0),False,8.0,WARN(CAL),0.00,-1.31,True,0.0,STOP_START
1769846175.054,35.884922,139.821658,OK,18,0.7,-3.9,10.04,0.24,STABLE,-3.3,-4.1,(2, 3, 1, 0),False,7.4,WARN(CAL),0.00,-2.52,True,1.0,
1769846176.134,35.884927,139.821723,OK,19,0.7,-3.9,10.46,0.65,SHAKE,-7.3,-5.0,(2, 3, 1, 0),False,5.9,WARN(CAL),0.00,-2.97,True,2.1,
1769846177.162,35.884935,139.821778,OK,18,0.7,-3.9,8.78,1.02,SHAKE,-6.2,-7.1,(2, 3, 1, 0),False,5.0,WARN(CAL),0.00,-2.14,True,3.1,
1769846178.190,35.884943,139.821820,OK,18,0.7,-4.1,9.49,0.31,STABLE,-4.9,-8.0,(2, 3, 1, 0),False,3.9,WARN(CAL),0.00,-1.37,True,4.2,
1769846179.219,35.884950,139.821858,OK,19,0.7,-4.2,8.38,1.42,SHAKE,-4.3,-8.1,(0, 3, 1, 0),False,3.5,WARN(CAL),0.00,-0.39,True,5.2,
1769846180.244,35.884953,139.821890,OK,19,0.7,-4.4,9.71,0.09,STABLE,-4.2,-8.2,(2, 3, 1, 0),False,2.9,WARN(CAL),0.00,-0.81,True,6.2,
1769846181.311,35.884957,139.821915,OK,19,0.7,-4.4,10.67,0.86,SHAKE,-4.1,-8.2,(2, 3, 1, 0),False,2.3,WARN(CAL),0.00,-1.07,True,7.3,
1769846182.381,35.884958,139.821937,OK,19,0.7,-4.2,9.40,0.41,STABLE,-3.9,-8.0,(2, 3, 1, 0),False,2.0,WARN(CAL),0.00,0.44,False,0.0,STOP_END
1769846183.462,35.884960,139.821953,OK,19,0.7,-4.6,10.82,1.01,SHAKE,-3.8,-7.8,(2, 3, 1, 0),False,1.5,WARN(CAL),0.00,-0.34,True,0.0,STOP_START
1769846184.487,35.884962,139.821962,OK,19,0.7,-4.9,10.56,0.76,SHAKE,-3.7,-7.5,(2, 3, 1, 0),False,0.8,WARN(CAL),0.00,-0.87,True,1.0,
1769846185.516,35.884963,139.821970,OK,19,0.7,-5.0,9.46,0.35,STABLE,-3.6,-7.2,(2, 3, 1, 0),False,0.8,WARN(CAL),0.00,-0.38,True,2.1,
1769846186.547,35.884963,139.821972,OK,19,0.7,-5.1,8.68,1.12,SHAKE,-3.3,-7.2,(2, 3, 1, 0),False,0.2,WARN(CAL),0.00,-0.78,True,3.1,
1769846187.572,35.884965,139.821968,OK,18,0.7,-5.1,9.80,0.01,STABLE,-3.0,-7.2,(0, 3, 1, 0),False,0.4,WARN(CAL),0.00,-0.76,True,4.1,
1769846188.642,35.884967,139.821965,OK,19,0.7,-5.0,9.35,0.46,STABLE,-2.9,-7.2,(0, 3, 1, 0),False,0.4,WARN(CAL),0.00,-0.62,True,5.2,
1769846189.670,35.884965,139.821963,OK,19,0.7,-5.0,10.94,1.13,SHAKE,-2.7,-6.9,(2, 3, 1, 0),False,0.2,WARN(CAL),0.00,-0.18,True,6.2,
1769846190.698,35.884963,139.821967,OK,20,0.6,-5.0,9.98,0.18,STABLE,-2.4,-6.8,(2, 3, 1, 0),False,0.4,WARN(CAL),0.00,0.07,True,7.2,
1769846191.726,35.884962,139.821968,OK,20,0.6,-5.0,10.03,0.22,STABLE,-2.6,-6.4,(2, 3, 1, 0),False,0.2,WARN(CAL),0.00,-0.76,True,8.3,
1769846192.755,35.884963,139.821972,OK,20,0.6,-4.9,10.27,0.47,STABLE,-2.3,-6.3,(0, 3, 1, 0),False,0.4,WARN(CAL),0.00,-0.64,True,9.3,
1769846193.820,35.884962,139.821970,OK,20,0.6,-5.0,9.18,0.63,SHAKE,-2.1,-6.0,(2, 3, 1, 0),False,0.2,WARN(CAL),0.00,-0.85,True,10.4,
1769846194.889,35.884963,139.821972,OK,20,0.6,-4.9,10.66,0.85,SHAKE,-1.8,-5.8,(2, 3, 1, 0),False,0.2,WARN(CAL),0.00,-0.30,True,11.4,
1769846195.967,35.884963,139.821972,OK,20,0.6,-4.9,8.71,1.10,SHAKE,-1.6,-5.7,(2, 3, 1, 0),False,0.0,WARN(CAL),0.00,-0.35,True,12.5,
1769846197.026,35.884967,139.821968,OK,19,0.7,-4.9,8.72,1.09,SHAKE,-1.1,-5.4,(0, 3, 1, 0),False,0.5,WARN(CAL),0.00,-0.88,True,13.6,
1769846198.104,35.884963,139.821970,OK,19,0.7,-4.8,9.41,0.40,STABLE,-1.5,-5.2,(2, 3, 1, 0),False,0.4,WARN(CAL),0.00,-0.35,True,14.6,
1769846199.171,35.884963,139.821972,OK,19,0.7,-4.8,11.46,1.65,SHAKE,-1.1,-5.6,(2, 3, 1, 0),False,0.2,WARN(CAL),0.00,-0.79,True,15.7,
1769846200.249,35.884962,139.821973,OK,19,0.7,-4.8,15.10,5.30,IMPACT,-1.1,-4.6,(2, 3, 1, 0),False,0.2,WARN(CAL),0.00,-0.13,True,16.8,
1769846201.315,35.884957,139.821983,OK,19,0.7,-4.7,9.44,0.37,STABLE,-0.5,-5.1,(2, 3, 1, 0),False,1.1,WARN(CAL),0.00,-0.49,True,17.9,
1769846202.398,35.884957,139.822002,OK,20,0.6,-4.7,8.57,1.23,SHAKE,-0.6,-4.6,(0, 3, 1, 0),False,1.7,WARN(CAL),0.00,-0.67,True,18.9,
1769846203.428,35.884957,139.822032,OK,20,0.6,-4.6,10.58,0.78,SHAKE,-0.4,-4.2,(2, 3, 1, 0),False,2.7,WARN(CAL),0.00,-0.55,True,20.0,
1769846204.454,35.884955,139.822072,OK,20,0.6,-4.5,10.37,0.57,SHAKE,-0.2,-4.1,(2, 3, 1, 0),False,3.6,WARN(CAL),0.00,-0.60,True,21.0,
1769846205.481,35.884953,139.822127,OK,20,0.6,-4.5,10.14,0.33,STABLE,-0.1,-3.9,(2, 3, 1, 0),False,5.0,WARN(CAL),0.00,-0.30,True,22.0,
1769846206.507,35.884957,139.822202,OK,19,0.7,-4.4,11.91,2.10,IMPACT,0.0,-4.1,(2, 3, 1, 0),False,6.8,WARN(CAL),0.00,-0.43,True,23.0,
1769846207.576,35.884962,139.822290,OK,19,0.7,-4.3,10.64,0.84,SHAKE,0.4,-4.0,(2, 3, 1, 0),False,8.0,WARN(CAL),0.00,0.12,True,24.1,
1769846208.603,35.884970,139.822387,OK,19,0.7,-4.3,10.18,0.37,STABLE,0.2,-3.4,(2, 3, 1, 0),False,8.8,WARN(CAL),0.00,0.05,True,25.1,
1769846209.621,35.884980,139.822482,OK,18,0.7,-4.4,8.60,1.20,SHAKE,0.8,-3.3,(2, 3, 1, 0),False,8.6,WARN(CAL),0.00,-0.33,True,26.2,
1769846210.650,35.884987,139.822580,OK,18,0.7,-4.5,9.26,0.55,SHAKE,1.0,-3.2,(2, 3, 1, 0),False,8.9,WARN(CAL),0.00,-0.21,True,27.2,
1769846211.678,35.884995,139.822683,OK,18,0.7,-4.4,10.34,0.54,SHAKE,1.1,-3.6,(0, 3, 1, 0),False,9.4,WARN(CAL),0.00,-0.79,True,28.2,
1769846212.742,35.885007,139.822795,OK,17,0.8,-4.3,10.67,0.86,SHAKE,1.2,-3.6,(2, 3, 1, 0),False,10.1,WARN(CAL),0.00,0.43,False,0.0,STOP_END
1769846213.822,35.885017,139.822913,OK,17,0.8,-4.5,9.27,0.53,SHAKE,1.7,-4.0,(2, 3, 1, 0),False,10.7,WARN(CAL),0.00,-0.38,True,0.0,STOP_START
1769846214.854,35.885037,139.823040,OK,17,0.8,-4.5,10.88,1.08,SHAKE,1.8,-4.0,(2, 3, 1, 0),False,11.6,WARN(CAL),0.00,-0.20,True,1.0,
1769846215.880,35.885050,139.823165,OK,17,0.8,-5.4,9.51,0.30,STABLE,1.3,-4.8,(2, 3, 1, 0),False,11.4,WARN(CAL),0.00,-1.10,True,2.1,
1769846216.904,35.885067,139.823300,OK,17,0.8,-5.7,9.43,0.37,STABLE,1.2,-4.8,(2, 3, 1, 0),False,12.3,WARN(CAL),0.00,0.32,False,0.0,STOP_END
1769846217.936,35.885083,139.823420,OK,17,0.8,-5.9,10.92,1.12,SHAKE,0.9,-5.3,(2, 3, 1, 0),False,11.0,WARN(CAL),0.00,-0.96,True,0.0,STOP_START
1769846219.001,35.885093,139.823552,OK,17,0.8,-6.6,9.86,0.05,STABLE,1.0,-5.8,(0, 3, 1, 0),False,11.9,WARN(CAL),0.00,-0.40,True,1.1,
1769846220.079,35.885108,139.823678,OK,18,0.7,-6.6,9.47,0.34,STABLE,0.8,-5.2,(2, 3, 1, 0),False,11.5,WARN(CAL),0.00,-0.99,True,2.1,
1769846221.105,35.885118,139.823805,OK,18,0.7,-7.0,11.10,1.29,SHAKE,0.9,-5.3,(2, 3, 1, 0),False,11.5,WARN(CAL),0.00,-0.22,True,3.2,
1769846222.133,35.885125,139.823918,OK,18,0.7,-7.3,10.70,0.89,SHAKE,1.2,-5.8,(2, 3, 1, 0),False,10.2,WARN(CAL),0.00,0.83,False,0.0,STOP_END
1769846223.160,35.885130,139.824030,OK,18,0.7,-7.7,10.05,0.24,STABLE,1.5,-4.8,(3, 3, 1, 0),False,10.1,WARN(CAL),0.00,0.16,True,0.0,STOP_START
1769846224.191,35.885147,139.824128,OK,18,0.7,-8.3,9.98,0.18,STABLE,1.7,-4.0,(2, 3, 1, 0),False,9.1,WARN(CAL),0.00,-0.35,True,1.0,
1769846225.276,35.885167,139.824225,OK,18,0.7,-8.6,9.17,0.63,SHAKE,1.6,-3.2,(2, 3, 1, 0),False,9.0,WARN(CAL),0.00,0.22,True,2.1,
1769846226.359,35.885177,139.824312,OK,18,0.7,-9.0,9.30,0.50,SHAKE,1.2,-2.6,(0, 3, 1, 0),False,7.9,WARN(CAL),0.00,-0.09,True,3.2,
1769846227.391,35.885187,139.824383,OK,18,0.7,-9.3,8.99,0.82,SHAKE,1.0,-2.2,(2, 3, 1, 0),False,6.6,WARN(CAL),0.00,-0.36,True,4.2,
1769846228.417,35.885188,139.824440,OK,18,0.7,-9.6,8.79,1.02,SHAKE,0.5,-2.1,(2, 3, 1, 0),False,5.1,WARN(CAL),0.00,-0.15,True,5.3,
1769846229.444,35.885195,139.824478,OK,16,0.7,-9.9,9.92,0.12,STABLE,0.2,-2.0,(0, 3, 1, 0),False,3.5,WARN(CAL),0.00,-0.23,True,6.3,
1769846230.470,35.885203,139.824507,OK,18,0.7,-10.1,9.86,0.05,STABLE,0.1,-1.4,(2, 3, 1, 0),False,2.7,WARN(CAL),0.00,-0.13,True,7.3,
1769846231.529,35.885203,139.824523,OK,19,0.7,-10.4,8.27,1.53,SHAKE,0.8,0.4,(2, 3, 1, 0),False,1.5,WARN(CAL),0.00,-1.48,True,8.4,
1769846232.598,35.885202,139.824535,OK,20,0.6,-10.5,6.67,3.14,IMPACT,0.3,-0.9,(2, 3, 1, 0),False,1.1,WARN(CAL),0.00,-1.70,True,9.4,
1769846233.626,35.885202,139.824540,OK,19,0.6,-10.7,9.29,0.51,SHAKE,0.8,-0.2,(0, 3, 1, 0),False,0.5,WARN(CAL),0.00,-0.51,True,10.5,
1769846234.655,35.885203,139.824540,OK,19,0.6,-10.7,9.61,0.20,STABLE,0.4,-0.4,(2, 3, 1, 0),False,0.2,WARN(CAL),0.00,-0.31,True,11.5,
1769846235.684,35.885205,139.824537,OK,18,0.7,-10.6,10.44,0.63,SHAKE,1.0,-0.5,(2, 3, 1, 0),False,0.4,WARN(CAL),0.00,0.31,False,0.0,STOP_END
1769846236.714,35.885203,139.824535,OK,18,0.7,-10.5,11.01,1.20,SHAKE,1.3,-0.8,(2, 3, 1, 0),False,0.2,WARN(CAL),0.00,-0.74,True,0.0,STOP_START
1769846237.802,35.885205,139.824532,OK,17,0.7,-10.4,8.73,1.08,SHAKE,1.4,-0.9,(2, 3, 1, 0),False,0.4,WARN(CAL),0.00,-0.09,True,1.1,
1769846238.865,35.885208,139.824528,OK,17,0.7,-10.3,10.04,0.24,STABLE,1.4,-0.8,(2, 3, 1, 0),False,0.5,WARN(CAL),0.00,-0.45,True,2.2,
1769846239.942,35.885207,139.824527,OK,17,0.7,-10.3,9.21,0.60,SHAKE,1.6,-0.4,(2, 3, 1, 0),False,0.2,WARN(CAL),0.00,-0.75,True,3.2,
1769846241.024,35.885208,139.824527,OK,17,0.7,-10.3,10.17,0.36,STABLE,2.1,-0.4,(0, 3, 1, 0),False,0.2,WARN(CAL),0.00,0.16,True,4.3,
1769846242.051,35.885207,139.824528,OK,17,0.7,-10.4,8.32,1.49,SHAKE,2.1,-0.4,(2, 3, 1, 0),False,0.2,WARN(CAL),0.00,-1.07,True,5.3,
1769846243.082,35.885205,139.824540,OK,17,0.7,-10.4,9.07,0.74,SHAKE,2.4,-0.5,(0, 3, 1, 0),False,1.1,WARN(CAL),0.00,-0.46,True,6.4,
1769846244.111,35.885210,139.824560,OK,18,0.7,-10.4,10.23,0.43,STABLE,2.6,-1.0,(2, 3, 1, 0),False,1.9,WARN(CAL),0.00,0.07,True,7.4,
1769846245.141,35.885215,139.824592,OK,18,0.8,-10.3,12.10,2.29,IMPACT,2.0,-1.2,(2, 3, 1, 0),False,2.9,WARN(CAL),0.00,-0.47,True,8.4,
1769846246.202,35.885220,139.824628,OK,18,0.8,-9.9,9.02,0.79,SHAKE,2.2,-0.8,(0, 3, 1, 0),False,3.3,WARN(CAL),0.00,-0.32,True,9.5,
1769846247.231,35.885230,139.824675,OK,18,0.7,-9.7,9.75,0.06,STABLE,2.6,-0.6,(2, 3, 1, 0),False,4.3,WARN(CAL),0.00,0.78,False,0.0,STOP_END
1769846248.261,35.885240,139.824727,OK,18,0.8,-9.5,10.14,0.33,STABLE,2.9,-0.2,(2, 3, 1, 0),False,4.8,WARN(CAL),0.00,-0.02,True,0.0,STOP_START
1769846249.287,35.885252,139.824783,OK,18,0.8,-9.1,11.62,1.81,SHAKE,3.0,-0.7,(2, 3, 1, 0),False,5.3,WARN(CAL),0.00,-0.14,True,1.0,
1769846250.311,35.885265,139.824852,OK,18,0.7,-8.6,10.43,0.63,SHAKE,3.2,-0.2,(2, 3, 1, 0),False,6.3,WARN(CAL),0.00,-0.37,True,2.1,
1769846251.384,35.885275,139.824928,OK,18,0.8,-8.1,9.58,0.22,STABLE,3.3,0.1,(0, 3, 1, 0),False,7.0,WARN(CAL),0.00,-0.15,True,3.1,
1769846252.464,35.885290,139.825013,OK,18,0.8,-7.6,11.51,1.71,SHAKE,3.0,-0.2,(2, 3, 1, 0),False,7.8,WARN(CAL),0.00,-0.36,True,4.2,
1769846253.533,35.885302,139.825107,OK,18,0.8,-7.4,7.28,2.52,IMPACT,2.7,0.3,(2, 3, 1, 0),False,8.5,WARN(CAL),0.00,0.15,True,5.3,
1769846254.554,35.885312,139.825208,OK,18,0.7,-7.3,8.32,1.49,SHAKE,2.7,-0.2,(2, 3, 1, 0),False,9.2,WARN(CAL),0.00,-1.21,True,6.3,
1769846255.583,35.885322,139.825315,OK,19,0.7,-7.0,9.58,0.23,STABLE,2.8,-0.6,(2, 3, 1, 0),False,9.7,WARN(CAL),0.00,-0.13,True,7.3,
1769846256.613,35.885332,139.825427,OK,18,0.7,-6.6,9.68,0.12,STABLE,2.3,-1.4,(2, 3, 1, 0),False,10.1,WARN(CAL),0.00,-0.61,True,8.4,
1769846257.646,35.885335,139.825532,OK,18,0.7,-6.4,10.00,0.19,STABLE,0.6,-3.2,(0, 3, 1, 0),False,9.5,WARN(CAL),0.00,-0.19,True,9.4,
1769846258.712,35.885350,139.825617,OK,18,0.7,-6.2,9.70,0.11,STABLE,-0.2,-4.0,(2, 3, 1, 0),False,7.8,WARN(CAL),0.00,-0.27,True,10.5,
1769846259.795,35.885367,139.825700,OK,19,0.7,-6.6,9.24,0.57,SHAKE,-0.8,-4.7,(0, 3, 1, 0),False,7.7,WARN(CAL),0.00,-0.13,True,11.5,
1769846260.827,35.885395,139.825757,OK,18,0.7,-6.7,9.44,0.37,STABLE,-1.1,-4.8,(2, 3, 1, 0),False,6.0,WARN(CAL),0.00,-0.49,True,12.6,
1769846261.856,35.885433,139.825803,OK,19,0.7,-6.7,10.26,0.45,STABLE,-1.2,-4.8,(2, 3, 1, 0),False,6.0,WARN(CAL),0.00,-0.45,True,13.6,
1769846262.885,35.885482,139.825832,OK,19,0.7,-6.8,9.49,0.32,STABLE,-1.2,-4.4,(2, 3, 1, 0),False,5.9,WARN(CAL),0.00,-0.37,True,14.6,
1769846263.912,35.885527,139.825850,OK,19,0.7,-6.8,10.71,0.91,SHAKE,-1.3,-4.4,(2, 3, 1, 0),False,5.3,WARN(CAL),0.00,-0.74,True,15.7,
1769846264.994,35.885600,139.825842,OK,18,0.7,-7.1,9.87,0.07,STABLE,-1.3,-4.4,(2, 3, 1, 0),False,8.2,WARN(CAL),0.00,0.39,False,0.0,STOP_END
1769846266.020,35.885678,139.825828,OK,18,0.7,-7.2,10.16,0.35,STABLE,-1.4,-4.9,(0, 3, 1, 0),False,8.8,WARN(CAL),0.00,-0.59,True,0.0,STOP_START
1769846267.045,35.885773,139.825808,OK,18,0.7,-6.7,9.51,0.30,STABLE,-1.5,-4.6,(2, 3, 1, 0),False,10.7,WARN(CAL),0.00,-0.30,True,1.0,
1769846268.077,35.885852,139.825792,OK,18,0.7,-7.9,10.08,0.27,STABLE,-1.6,-5.1,(0, 3, 1, 0),False,8.8,WARN(CAL),0.00,-0.09,True,2.1,
1769846269.105,35.885948,139.825762,OK,18,0.7,-6.7,9.98,0.17,STABLE,-1.0,-4.4,(0, 3, 1, 0),False,11.1,WARN(CAL),0.00,-0.59,True,3.1,
1769846270.178,35.886052,139.825735,OK,19,0.7,-6.7,10.45,0.65,SHAKE,-0.9,-4.4,(2, 3, 1, 0),False,11.7,WARN(CAL),0.00,0.10,True,4.2,
1769846271.255,35.886158,139.825707,OK,19,0.7,-8.1,9.91,0.10,STABLE,-0.6,-4.0,(2, 3, 1, 0),False,12.1,WARN(CAL),0.00,-0.09,True,5.2,
1769846272.284,35.886267,139.825688,OK,18,0.7,-8.7,10.42,0.61,SHAKE,-0.8,-3.1,(2, 3, 1, 0),False,12.2,WARN(CAL),0.00,0.06,True,6.3,
1769846273.314,35.886382,139.825670,OK,19,0.7,-10.2,9.34,0.47,STABLE,-0.8,-2.6,(2, 3, 1, 0),False,12.9,WARN(CAL),0.00,-0.08,True,7.3,
1769846274.340,35.886497,139.825648,OK,19,0.7,-11.7,9.60,0.21,STABLE,-0.4,-1.9,(2, 3, 1, 0),False,12.9,WARN(CAL),0.00,-0.21,True,8.3,
1769846275.366,35.886625,139.825628,OK,20,0.6,-11.7,7.73,2.07,IMPACT,-0.1,-0.4,(2, 3, 1, 0),False,14.4,WARN(CAL),0.00,-0.90,True,9.3,
1769846276.438,35.886762,139.825612,OK,20,0.6,-11.8,9.82,0.02,STABLE,-0.8,-1.7,(2, 3, 1, 0),False,15.3,WARN(CAL),0.00,-0.91,True,10.4,
1769846277.513,35.886885,139.825605,OK,20,0.6,-10.6,9.61,0.19,STABLE,-0.6,-1.4,(0, 3, 1, 0),False,13.7,WARN(CAL),0.00,-0.53,True,11.5,
1769846278.542,35.887013,139.825587,OK,20,0.6,-11.1,10.72,0.91,SHAKE,-1.1,-2.4,(2, 3, 1, 0),False,14.4,WARN(CAL),0.00,-0.39,True,12.5,
1769846279.575,35.887140,139.825568,OK,20,0.6,-12.7,9.85,0.04,STABLE,-1.1,-3.5,(2, 3, 1, 0),False,14.2,WARN(CAL),0.00,-0.47,True,13.6,
1769846280.606,35.887270,139.825557,OK,20,0.6,-13.2,10.04,0.24,STABLE,-1.0,-3.1,(2, 3, 1, 0),False,14.5,WARN(CAL),0.00,-0.02,True,14.6,
1769846281.635,35.887403,139.825548,OK,19,0.7,-14.2,9.91,0.11,STABLE,-0.7,-1.8,(0, 3, 1, 0),False,14.8,WARN(CAL),0.00,0.11,True,15.6,
1769846282.716,35.887537,139.825540,OK,18,0.7,-14.1,10.08,0.28,STABLE,-0.4,-0.8,(2, 3, 1, 0),False,14.8,WARN(CAL),0.00,-0.03,True,16.7,
1769846283.788,35.887670,139.825530,OK,18,0.7,-13.5,10.27,0.46,STABLE,-0.2,-0.6,(0, 3, 1, 0),False,14.9,WARN(CAL),0.00,0.08,True,17.8,
1769846284.866,35.887805,139.825522,OK,18,0.7,-13.8,9.91,0.11,STABLE,-0.3,-0.1,(2, 3, 1, 0),False,15.0,WARN(CAL),0.00,0.46,False,0.0,STOP_END
1769846285.934,35.887940,139.825513,OK,17,0.8,-14.1,9.59,0.21,STABLE,-0.1,0.0,(0, 3, 1, 0),False,15.0,WARN(CAL),0.00,-0.03,True,0.0,STOP_START
1769846287.015,35.888065,139.825522,OK,17,0.8,-14.3,10.19,0.38,STABLE,0.1,0.6,(2, 3, 1, 0),False,13.9,WARN(CAL),0.00,-0.11,True,1.1,
1769846288.103,35.888195,139.825515,OK,18,0.7,-14.7,10.06,0.26,STABLE,0.1,0.4,(2, 3, 1, 0),False,14.5,WARN(CAL),0.00,0.13,True,2.2,
1769846289.172,35.888333,139.825522,OK,18,0.7,-14.7,10.06,0.25,STABLE,0.0,0.6,(0, 3, 1, 0),False,15.4,WARN(CAL),0.00,-0.33,True,3.2,
1769846290.246,35.888463,139.825518,OK,17,0.8,-15.1,9.85,0.04,STABLE,-0.3,0.6,(2, 3, 1, 0),False,14.5,WARN(CAL),0.00,-0.21,True,4.3,
1769846291.328,35.888595,139.825507,OK,17,0.8,-15.5,9.83,0.02,STABLE,-0.6,0.1,(2, 3, 1, 0),False,14.7,WARN(CAL),0.00,-0.06,True,5.4,
1769846292.394,35.888728,139.825512,OK,17,0.8,-15.1,9.86,0.05,STABLE,-1.8,-3.7,(0, 3, 1, 0),False,14.8,WARN(CAL),0.00,-0.30,True,6.5,
1769846293.469,35.888865,139.825515,OK,18,0.7,-15.1,9.56,0.25,STABLE,-2.1,-4.4,(2, 3, 1, 0),False,15.2,WARN(CAL),0.00,-0.42,True,7.5,
1769846294.550,35.889017,139.825532,OK,19,0.7,-15.0,9.78,0.02,STABLE,-2.1,-4.4,(2, 3, 1, 0),False,16.9,WARN(CAL),0.00,-0.35,True,8.6,
1769846295.573,35.889177,139.825543,OK,19,0.7,-14.6,9.57,0.24,STABLE,-2.1,-4.2,(0, 3, 1, 0),False,17.8,WARN(CAL),0.00,-0.43,True,9.6,
1769846296.605,35.889327,139.825552,OK,17,0.7,-14.4,9.61,0.20,STABLE,-2.2,-4.6,(2, 3, 1, 0),False,16.7,WARN(CAL),0.00,-0.43,True,10.7,
1769846297.632,35.889478,139.825577,OK,18,0.7,-14.2,9.66,0.14,STABLE,-2.2,-4.4,(0, 3, 1, 0),False,17.0,WARN(CAL),0.00,-0.42,True,11.7,
1769846298.659,35.889627,139.825590,OK,18,0.7,-14.5,9.55,0.25,STABLE,-2.2,-4.2,(2, 3, 1, 0),False,16.5,WARN(CAL),0.00,-0.43,True,12.7,
1769846299.731,35.889755,139.825618,OK,19,0.7,-13.4,9.82,0.01,STABLE,-2.2,-4.5,(2, 3, 1, 0),False,14.5,WARN(CAL),0.00,-0.35,True,13.8,
1769846300.804,35.889897,139.825638,OK,18,0.9,-14.4,9.95,0.15,STABLE,-2.2,-4.3,(0, 3, 1, 0),False,15.9,WARN(CAL),0.00,-0.33,True,14.9,
1769846301.891,35.890038,139.825657,OK,18,0.9,-13.8,9.86,0.06,STABLE,-2.2,-4.6,(2, 3, 1, 0),False,15.8,WARN(CAL),0.00,-0.43,True,16.0,
1769846302.918,35.890180,139.825682,OK,18,0.9,-13.7,9.93,0.12,STABLE,-2.2,-4.4,(0, 3, 1, 0),False,15.9,WARN(CAL),0.00,-0.36,True,17.0,
1769846303.952,35.890318,139.825710,OK,19,0.7,-13.0,9.93,0.12,STABLE,-2.2,-4.6,(2, 3, 1, 0),False,15.6,WARN(CAL),0.00,-0.33,True,18.0,
1769846304.981,35.890460,139.825725,OK,19,0.7,-12.9,9.87,0.06,STABLE,-2.2,-4.4,(2, 3, 1, 0),False,15.8,WARN(CAL),0.00,-0.36,True,19.0,
1769846306.012,35.890597,139.825745,OK,18,0.7,-11.9,9.96,0.15,STABLE,-2.2,-4.6,(2, 3, 1, 0),False,15.3,WARN(CAL),0.00,-0.29,True,20.1,
1769846307.093,35.890730,139.825770,OK,17,0.7,-11.0,9.88,0.07,STABLE,-2.2,-4.4,(2, 3, 1, 0),False,15.0,WARN(CAL),0.00,-0.47,True,21.2,
1769846308.120,35.890863,139.825795,OK,17,0.7,-10.4,10.02,0.21,STABLE,-2.2,-4.5,(2, 3, 1, 0),False,15.0,WARN(CAL),0.00,-0.32,True,22.2,
1769846309.153,35.890998,139.825833,OK,17,0.7,-8.0,9.51,0.29,STABLE,-2.2,-4.5,(2, 3, 1, 0),False,15.4,WARN(CAL),0.00,-0.36,True,23.2,
1769846310.181,35.891122,139.825867,OK,17,0.7,-5.9,9.68,0.13,STABLE,-2.2,-4.2,(2, 3, 1, 0),False,14.0,WARN(CAL),0.00,-0.47,True,24.2,
1769846311.214,35.891238,139.825887,OK,17,0.7,-5.3,9.62,0.18,STABLE,-2.2,-4.5,(2, 3, 1, 0),False,13.1,WARN(CAL),0.00,-0.37,True,25.3,
1769846312.287,35.891350,139.825920,OK,16,0.8,-5.6,9.88,0.07,STABLE,-2.2,-4.4,(2, 3, 1, 0),False,12.8,WARN(CAL),0.00,-0.41,True,26.4,
1769846313.319,35.891457,139.825943,OK,17,0.7,-6.4,9.90,0.10,STABLE,-2.2,-4.4,(0, 3, 1, 0),False,12.0,WARN(CAL),0.00,-0.41,True,27.4,
1769846314.349,35.891560,139.825970,OK,17,0.7,-6.6,9.89,0.09,STABLE,-2.2,-4.5,(2, 3, 1, 0),False,11.7,WARN(CAL),0.00,-0.41,True,28.4,
1769846315.375,35.891658,139.825997,OK,17,0.8,-6.7,9.74,0.07,STABLE,-2.2,-4.3,(0, 3, 1, 0),False,11.2,WARN(CAL),0.00,-0.36,True,29.4,
1769846316.405,35.891747,139.826022,OK,17,0.8,-6.0,9.55,0.26,STABLE,-2.2,-4.4,(2, 3, 1, 0),False,10.1,WARN(CAL),0.00,-0.36,True,30.5,
1769846317.477,35.891827,139.826047,OK,17,0.8,-5.5,9.65,0.16,STABLE,-2.2,-4.4,(2, 3, 1, 0),False,9.2,WARN(CAL),0.00,-0.37,True,31.5,
1769846318.561,35.891905,139.826073,OK,16,0.8,-5.1,9.95,0.14,STABLE,-2.2,-4.5,(2, 3, 1, 0),False,9.0,WARN(CAL),0.00,-0.36,True,32.6,
1769846319.632,35.891983,139.826097,OK,16,0.8,-5.0,9.75,0.05,STABLE,-2.2,-4.4,(0, 3, 1, 0),False,9.0,WARN(CAL),0.00,-0.37,True,33.7,
1769846320.662,35.892057,139.826118,OK,15,0.8,-5.0,9.95,0.14,STABLE,-2.2,-4.5,(0, 3, 1, 0),False,8.4,WARN(CAL),0.00,-0.36,True,34.7,
1769846321.691,35.892127,139.826138,OK,16,0.8,-5.1,9.98,0.17,STABLE,-2.2,-4.6,(2, 3, 1, 0),False,8.0,WARN(CAL),0.00,-0.37,True,35.8,
1769846322.717,35.892200,139.826162,OK,17,0.7,-5.1,9.96,0.15,STABLE,-2.2,-4.6,(2, 3, 1, 0),False,8.4,WARN(CAL),0.00,-0.36,True,36.8,
1769846323.749,35.892287,139.826188,OK,18,0.7,-5.3,10.03,0.22,STABLE,-2.2,-4.4,(2, 3, 1, 0),False,9.9,WARN(CAL),0.00,-0.40,True,37.8,
1769846324.826,35.892367,139.826215,OK,17,0.9,-7.0,9.96,0.15,STABLE,-2.3,-4.4,(0, 3, 1, 0),False,9.2,WARN(CAL),0.00,-0.40,True,38.9,
1769846325.855,35.892465,139.826255,OK,17,0.9,-7.5,9.68,0.12,STABLE,-2.2,-4.5,(0, 3, 1, 0),False,11.5,WARN(CAL),0.00,-0.44,True,39.9,
1769846326.878,35.892572,139.826308,OK,17,0.9,-7.3,9.78,0.03,STABLE,-2.2,-4.3,(2, 3, 1, 0),False,12.8,WARN(CAL),0.00,-0.46,True,40.9,
1769846327.907,35.892683,139.826335,OK,17,0.9,-7.3,9.73,0.07,STABLE,-2.2,-4.4,(2, 3, 1, 0),False,12.6,WARN(CAL),0.00,-0.41,True,42.0,
1769846328.932,35.892787,139.826378,OK,18,0.9,-6.7,9.76,0.05,STABLE,-2.3,-4.6,(2, 3, 1, 0),False,12.1,WARN(CAL),0.00,-0.41,True,43.0,
1769846330.004,35.892893,139.826418,OK,18,0.9,-6.0,9.78,0.02,STABLE,-2.3,-4.6,(2, 3, 1, 0),False,12.4,WARN(CAL),0.00,-0.39,True,44.1,
1769846331.077,35.892992,139.826463,OK,18,0.9,-5.7,9.76,0.05,STABLE,-2.3,-4.6,(0, 3, 1, 0),False,11.7,WARN(CAL),0.00,-0.43,True,45.1,
1769846332.148,35.893095,139.826510,OK,18,0.9,-5.1,9.76,0.05,STABLE,-2.3,-4.6,(2, 3, 1, 0),False,12.2,WARN(CAL),0.00,-0.40,True,46.2,
1769846333.176,35.893212,139.826560,OK,18,0.9,-4.6,9.76,0.05,STABLE,-2.3,-4.6,(2, 3, 1, 0),False,13.7,WARN(CAL),0.00,-0.40,True,47.2,
1769846334.203,35.893325,139.826617,OK,17,0.9,-4.7,9.77,0.04,STABLE,-2.3,-4.6,(2, 3, 1, 0),False,13.6,WARN(CAL),0.00,-0.41,True,48.3,
1769846335.234,35.893437,139.826663,OK,18,0.9,-4.1,9.77,0.04,STABLE,-2.3,-4.6,(2, 3, 1, 0),False,13.1,WARN(CAL),0.00,-0.41,True,49.3,
1769846336.261,35.893545,139.826703,OK,18,0.9,-3.7,9.77,0.04,STABLE,-2.3,-4.6,(0, 3, 1, 0),False,12.6,WARN(CAL),0.00,-0.38,True,50.3,
1769846337.338,35.893655,139.826742,OK,18,0.9,-3.7,9.77,0.04,STABLE,-2.3,-4.6,(2, 3, 1, 0),False,12.7,WARN(CAL),0.00,-0.40,True,51.4,
1769846338.406,35.893748,139.826767,OK,17,0.9,-4.7,9.75,0.06,STABLE,-2.3,-4.6,(0, 3, 1, 0),False,10.6,WARN(CAL),0.00,-0.38,True,52.5,
1769846339.436,35.893847,139.826802,OK,17,0.9,-4.6,9.77,0.04,STABLE,-2.3,-4.6,(2, 3, 1, 0),False,11.4,WARN(CAL),0.00,-0.38,True,53.5,
1769846340.463,35.893957,139.826837,OK,17,0.9,-4.8,9.76,0.05,STABLE,-2.3,-4.6,(0, 3, 1, 0),False,12.6,WARN(CAL),0.00,-0.39,True,54.5,
1769846341.494,35.894060,139.826882,OK,17,0.9,-3.9,9.77,0.04,STABLE,-2.3,-4.6,(2, 3, 1, 0),False,12.2,WARN(CAL),0.00,-0.38,True,55.6,
1769846342.523,35.894155,139.826932,OK,17,0.9,-4.7,9.78,0.03,STABLE,-2.3,-4.6,(0, 3, 1, 0),False,11.5,WARN(CAL),0.00,-0.41,True,56.6,
1769846343.585,35.894263,139.826973,OK,16,0.9,-4.5,9.76,0.05,STABLE,-2.3,-4.6,(0, 3, 1, 0),False,12.6,WARN(CAL),0.00,-0.36,True,57.7,
1769846344.659,35.894368,139.827020,OK,17,0.9,-3.5,,,?,-2.3,-4.6,(2, 3, 1, 0),False,12.4,WARN(CAL),0.00,,True,58.7,
1769846345.725,35.894472,139.827065,OK,17,0.9,-2.7,9.76,0.05,STABLE,-2.3,-4.6,(2, 3, 1, 0),False,12.2,WARN(CAL),0.00,-0.38,True,59.8,
1769846346.810,35.894573,139.827105,OK,17,0.9,-2.1,9.76,0.05,STABLE,-2.3,-4.6,(2, 3, 1, 0),False,11.9,WARN(CAL),0.00,-0.40,True,60.9,
1769846347.841,35.894658,139.827145,OK,18,0.7,-1.3,9.78,0.03,STABLE,-2.3,-4.6,(2, 3, 1, 0),False,10.1,WARN(CAL),0.00,-0.34,True,61.9,
1769846348.868,35.894767,139.827182,OK,18,0.7,-1.1,9.77,0.04,STABLE,-2.3,-4.6,(2, 3, 1, 0),False,12.5,WARN(CAL),0.00,-0.44,True,62.9,
1769846349.899,35.894873,139.827218,OK,18,0.7,-1.7,9.77,0.04,STABLE,-2.3,-4.6,(0, 3, 1, 0),False,12.3,WARN(CAL),0.00,-0.40,True,64.0,
1769846350.928,35.894980,139.827253,OK,18,0.7,-2.3,9.76,0.05,STABLE,-2.3,-4.6,(2, 3, 1, 0),False,12.3,WARN(CAL),0.00,-0.38,True,65.0,
1769846351.998,35.895082,139.827283,OK,18,0.7,-1.7,9.80,0.01,STABLE,-2.3,-4.6,(0, 3, 1, 0),False,11.6,WARN(CAL),0.00,-0.36,True,66.1,
1769846353.078,35.895195,139.827313,OK,18,0.7,-0.3,9.76,0.05,STABLE,-2.3,-4.6,(0, 3, 1, 0),False,12.9,WARN(CAL),0.00,-0.42,True,67.1,
1769846354.107,35.895305,139.827365,OK,18,0.7,0.4,9.76,0.05,STABLE,-2.3,-4.6,(0, 3, 1, 0),False,13.1,WARN(CAL),0.00,-0.39,True,68.2,
1769846355.134,35.895413,139.827410,OK,18,0.7,0.5,9.73,0.08,STABLE,-2.3,-4.6,(2, 3, 1, 0),False,12.7,WARN(CAL),0.00,-0.39,True,69.2,
1769846356.165,35.895515,139.827445,OK,18,0.7,0.3,9.82,0.01,STABLE,-2.3,-4.6,(2, 3, 1, 0),False,11.7,WARN(CAL),0.00,-0.39,True,70.2,
1769846357.198,35.895610,139.827487,OK,18,0.7,-0.4,9.65,0.15,STABLE,-2.3,-4.7,(2, 3, 1, 0),False,11.2,WARN(CAL),0.00,-0.47,True,71.3,
1769846358.277,35.895710,139.827528,OK,18,0.7,-0.7,9.97,0.17,STABLE,-4.1,-12.2,(2, 3, 1, 0),False,11.7,WARN(CAL),0.00,-0.80,True,72.3,
1769846359.306,35.895805,139.827562,OK,18,0.7,0.0,9.94,0.14,STABLE,-4.6,-13.6,(2, 3, 1, 0),False,11.0,WARN(CAL),0.00,-0.82,True,73.4,
1769846360.332,35.895905,139.827608,OK,18,0.7,0.2,10.91,1.10,SHAKE,-4.8,-14.0,(2, 3, 1, 0),False,11.9,WARN(CAL),0.00,-1.58,True,74.4,
1769846361.364,35.896003,139.827642,OK,18,0.7,0.6,9.49,0.32,STABLE,-4.2,-13.5,(2, 3, 1, 0),False,11.3,WARN(CAL),0.00,-0.80,True,75.4,
1769846362.393,35.896088,139.827673,OK,18,0.7,2.0,9.21,0.59,SHAKE,-4.1,-13.0,(2, 3, 1, 0),False,9.9,WARN(CAL),0.00,-0.83,True,76.5,
1769846363.471,35.896178,139.827713,OK,18,0.7,3.1,9.76,0.05,STABLE,-3.6,-13.2,(2, 3, 1, 0),False,10.6,WARN(CAL),0.00,-0.41,True,77.5,
1769846364.550,35.896253,139.827763,OK,18,0.7,2.5,9.75,0.06,STABLE,-3.2,-13.9,(2, 3, 1, 0),False,9.5,WARN(CAL),0.00,1.30,False,0.0,STOP_END
1769846365.579,35.896330,139.827808,OK,18,0.7,2.4,9.95,0.15,STABLE,-3.4,-12.8,(2, 3, 1, 0),False,9.4,WARN(CAL),0.00,-0.64,True,0.0,STOP_START
1769846366.608,35.896407,139.827847,OK,18,0.7,2.8,9.41,0.40,STABLE,-3.8,-12.2,(2, 3, 1, 0),False,9.2,WARN(CAL),0.00,-0.69,True,1.0,
1769846367.639,35.896488,139.827888,OK,17,0.7,3.1,9.51,0.30,STABLE,-3.1,-10.9,(2, 3, 1, 0),False,9.8,WARN(CAL),0.00,-0.48,True,2.1,
1769846368.667,35.896580,139.827928,OK,17,0.7,2.7,9.57,0.23,STABLE,-2.8,-10.1,(2, 3, 1, 0),False,10.8,WARN(CAL),0.00,-0.57,True,3.1,
1769846369.746,35.896682,139.827970,OK,17,0.7,3.2,10.00,0.19,STABLE,-3.1,-9.1,(2, 3, 1, 0),False,11.9,WARN(CAL),0.00,-0.43,True,4.2,
1769846370.773,35.896790,139.828015,OK,17,0.7,4.0,9.88,0.08,STABLE,-2.9,-9.0,(2, 3, 1, 0),False,12.7,WARN(CAL),0.00,-0.67,True,5.2,
1769846371.803,35.896885,139.828053,OK,17,0.7,4.7,9.60,0.21,STABLE,-3.1,-8.8,(2, 3, 1, 0),False,11.1,WARN(CAL),0.00,-0.61,True,6.2,
1769846372.832,35.896967,139.828095,OK,17,0.7,4.0,9.66,0.15,STABLE,-2.9,-8.3,(0, 3, 1, 0),False,9.8,WARN(CAL),0.00,-0.63,True,7.3,
1769846373.859,35.897028,139.828115,OK,17,0.7,3.9,9.59,0.21,STABLE,-2.1,-7.9,(2, 3, 1, 0),False,7.1,WARN(CAL),0.00,-0.20,True,8.3,
1769846374.928,35.897077,139.828135,OK,16,0.8,3.8,10.01,0.21,STABLE,-2.3,-7.8,(2, 3, 1, 0),False,5.7,WARN(CAL),0.00,-0.74,True,9.3,
1769846376.004,35.897130,139.828157,OK,16,0.8,3.6,10.09,0.28,STABLE,-1.9,-7.6,(2, 3, 1, 0),False,6.2,WARN(CAL),0.00,0.01,True,10.4,
1769846377.074,35.897173,139.828178,OK,16,0.8,3.7,10.43,0.62,SHAKE,-2.0,-7.4,(2, 3, 1, 0),False,5.2,WARN(CAL),0.00,-0.41,True,11.5,
1769846378.152,35.897213,139.828193,OK,16,0.8,3.5,10.06,0.25,STABLE,-1.7,-7.1,(2, 3, 1, 0),False,4.6,WARN(CAL),0.00,0.42,False,0.0,STOP_END
1769846379.218,35.897247,139.828203,OK,16,0.8,3.7,9.53,0.28,STABLE,-1.4,-6.7,(2, 3, 1, 0),False,3.8,WARN(CAL),0.00,-0.20,True,0.0,STOP_START
1769846380.295,35.897265,139.828210,OK,18,0.7,3.8,10.66,0.85,SHAKE,-1.4,-6.6,(0, 3, 1, 0),False,2.1,WARN(CAL),0.00,0.18,True,1.1,
1769846381.327,35.897280,139.828212,OK,18,0.7,3.8,9.54,0.27,STABLE,-1.1,-6.1,(2, 3, 1, 0),False,1.7,WARN(CAL),0.00,-0.25,True,2.1,
1769846382.356,35.897288,139.828210,OK,18,0.7,3.7,8.68,1.12,SHAKE,-1.0,-6.0,(2, 3, 1, 0),False,0.9,WARN(CAL),0.00,-0.12,True,3.1,
1769846383.387,35.897288,139.828208,OK,18,0.7,3.9,10.04,0.23,STABLE,-0.8,-5.7,(0, 3, 1, 0),False,0.2,WARN(CAL),0.00,-0.23,True,4.2,
1769846384.420,35.897288,139.828207,OK,18,0.7,3.6,9.60,0.21,STABLE,-0.6,-5.4,(2, 3, 1, 0),False,0.2,WARN(CAL),0.00,-0.33,True,5.2,
1769846385.486,35.897288,139.828205,OK,19,0.7,3.4,8.78,1.02,SHAKE,-0.5,-5.2,(2, 3, 1, 0),False,0.2,WARN(CAL),0.00,-0.18,True,6.3,
1769846386.559,35.897290,139.828205,OK,19,0.7,3.4,11.07,1.26,SHAKE,-0.4,-5.2,(2, 3, 1, 0),False,0.2,WARN(CAL),0.00,-0.09,True,7.3,
1769846387.633,35.897290,139.828202,OK,19,0.7,3.4,7.85,1.96,SHAKE,-0.2,-4.7,(2, 3, 1, 0),False,0.3,WARN(CAL),0.00,-1.02,True,8.4,
1769846388.718,35.897290,139.828200,OK,19,0.7,3.5,10.40,0.60,SHAKE,0.1,-4.7,(2, 3, 1, 0),False,0.2,WARN(CAL),0.00,-0.23,True,9.5,
1769846389.747,35.897292,139.828197,OK,19,0.7,3.6,8.31,1.49,SHAKE,0.1,-4.4,(2, 3, 1, 0),False,0.4,WARN(CAL),0.00,-0.13,True,10.5,
1769846390.775,35.897293,139.828197,OK,19,0.7,3.6,9.76,0.05,STABLE,0.0,-4.1,(2, 3, 1, 0),False,0.2,WARN(CAL),0.00,-0.27,True,11.6,
1769846391.804,35.897292,139.828193,OK,19,0.7,3.6,9.82,0.02,STABLE,0.3,-4.2,(0, 3, 1, 0),False,0.4,WARN(CAL),0.00,0.01,True,12.6,
1769846392.831,35.897290,139.828193,OK,19,0.7,3.6,10.67,0.87,SHAKE,0.7,-4.2,(2, 3, 1, 0),False,0.2,WARN(CAL),0.00,0.17,True,13.6,
1769846393.910,35.897287,139.828192,OK,19,0.7,3.6,10.80,0.99,SHAKE,0.8,-4.2,(0, 3, 1, 0),False,0.4,WARN(CAL),0.00,-0.12,True,14.7,
1769846394.939,35.897285,139.828190,OK,19,0.7,3.6,9.26,0.55,SHAKE,0.9,-4.2,(2, 3, 1, 0),False,0.2,WARN(CAL),0.00,-0.36,True,15.7,
1769846395.967,35.897287,139.828188,OK,19,0.7,3.7,10.70,0.89,SHAKE,0.7,-4.4,(0, 3, 1, 0),False,0.2,WARN(CAL),0.00,-0.26,True,16.7,
1769846396.995,35.897287,139.828185,OK,18,0.7,3.7,10.64,0.84,SHAKE,1.0,-4.3,(2, 3, 1, 0),False,0.3,WARN(CAL),0.00,-0.16,True,17.8,
1769846398.025,35.897288,139.828183,OK,18,0.7,3.7,10.65,0.84,SHAKE,0.9,-4.2,(2, 3, 1, 0),False,0.2,WARN(CAL),0.00,-0.38,True,18.8,
1769846399.109,35.897288,139.828180,OK,18,0.7,3.7,10.39,0.59,SHAKE,1.1,-3.9,(2, 3, 1, 0),False,0.3,WARN(CAL),0.00,-0.20,True,19.9,
1769846400.196,35.897288,139.828178,OK,19,0.7,3.7,10.53,0.72,SHAKE,1.3,-3.8,(2, 3, 1, 0),False,0.2,WARN(CAL),0.00,-0.34,True,21.0,
1769846401.265,35.897285,139.828177,OK,19,0.7,3.7,9.44,0.37,STABLE,1.4,-3.6,(0, 3, 1, 0),False,0.4,WARN(CAL),0.00,-0.41,True,22.0,
1769846402.338,35.897283,139.828175,OK,19,0.7,3.7,9.31,0.50,STABLE,1.6,-3.4,(2, 3, 1, 0),False,0.2,WARN(CAL),0.00,-0.68,True,23.1,
1769846403.401,35.897287,139.828173,OK,19,0.7,3.8,9.12,0.68,SHAKE,1.8,-3.1,(2, 3, 1, 0),False,0.4,WARN(CAL),0.00,-0.23,True,24.2,
1769846404.477,35.897288,139.828172,OK,19,0.7,3.8,9.89,0.08,STABLE,1.6,-3.0,(0, 3, 1, 0),False,0.2,WARN(CAL),0.00,-0.59,True,25.3,
1769846405.570,35.897287,139.828172,OK,19,0.7,3.8,9.48,0.32,STABLE,1.8,-2.9,(0, 3, 1, 0),False,0.2,WARN(CAL),0.00,-0.46,True,26.4,
1769846406.602,35.897287,139.828172,OK,19,0.7,3.8,9.87,0.06,STABLE,1.4,-3.0,(2, 3, 1, 0),False,0.0,WARN(CAL),0.00,-0.21,True,27.4,
1769846407.631,35.897287,139.828172,OK,19,0.7,3.8,10.43,0.63,SHAKE,1.6,-2.9,(2, 3, 1, 0),False,0.0,WARN(CAL),0.00,-0.24,True,28.4,
1769846408.663,35.897287,139.828168,OK,19,0.7,3.8,10.86,1.06,SHAKE,1.6,-2.8,(0, 3, 1, 0),False,0.3,WARN(CAL),0.00,-0.39,True,29.4,
1769846409.692,35.897285,139.828168,OK,19,0.7,3.8,9.68,0.12,STABLE,1.9,-2.1,(2, 3, 1, 0),False,0.2,WARN(CAL),0.00,-0.18,True,30.5,
1769846410.774,35.897287,139.828168,OK,19,0.7,3.8,9.98,0.17,STABLE,1.8,-1.8,(2, 3, 1, 0),False,0.2,WARN(CAL),0.00,-0.36,True,31.6,
1769846411.806,35.897285,139.828167,OK,18,0.7,3.8,11.12,1.31,SHAKE,2.1,-1.4,(2, 3, 1, 0),False,0.2,WARN(CAL),0.00,0.10,True,32.6,
1769846412.840,35.897285,139.828167,OK,19,0.7,3.8,9.57,0.23,STABLE,1.8,-1.8,(0, 3, 1, 0),False,0.0,WARN(CAL),0.00,-0.68,True,33.6,
1769846413.866,35.897283,139.828167,OK,19,0.7,3.8,10.20,0.39,STABLE,1.9,-2.7,(2, 3, 1, 0),False,0.2,WARN(CAL),0.00,0.19,True,34.6,
1769846414.895,35.897283,139.828167,OK,19,0.7,3.8,9.38,0.42,STABLE,1.6,-3.0,(0, 3, 1, 0),False,0.0,WARN(CAL),0.00,-0.40,True,35.7,
1769846415.960,35.897285,139.828165,OK,19,0.7,3.8,10.60,0.80,SHAKE,1.2,-3.1,(2, 3, 1, 0),False,0.2,WARN(CAL),0.00,-0.41,True,36.7,
1769846417.036,35.897287,139.828163,OK,19,0.7,3.8,9.85,0.05,STABLE,1.4,-2.8,(2, 3, 1, 0),False,0.2,WARN(CAL),0.00,0.01,True,37.8,
1769846418.121,35.897287,139.828162,OK,18,0.7,3.8,10.37,0.56,SHAKE,1.3,-3.0,(0, 3, 1, 0),False,0.2,WARN(CAL),0.00,-0.08,True,38.9,
1769846419.150,35.897285,139.828162,OK,17,0.7,3.8,8.99,0.82,SHAKE,1.2,-2.8,(2, 3, 1, 0),False,0.2,WARN(CAL),0.00,-0.27,True,39.9,
1769846420.178,35.897283,139.828160,OK,19,0.7,3.8,10.03,0.22,STABLE,1.2,-2.5,(0, 3, 1, 0),False,0.2,WARN(CAL),0.00,-0.22,True,41.0,
1769846421.200,35.897282,139.828158,OK,19,0.7,3.8,10.95,1.14,SHAKE,1.1,-2.4,(2, 3, 1, 0),False,0.2,WARN(CAL),0.00,-0.65,True,42.0,
1769846422.231,35.897280,139.828158,OK,19,0.7,3.8,9.81,0.00,STABLE,0.8,-2.6,(2, 3, 1, 0),False,0.2,WARN(CAL),0.00,-0.01,True,43.0,
1769846423.311,35.897282,139.828157,OK,19,0.7,3.8,9.81,0.00,STABLE,0.7,-2.6,(2, 3, 1, 0),False,0.2,WARN(CAL),0.00,-0.38,True,44.1,
1769846424.339,35.897283,139.828157,OK,18,0.7,3.8,9.07,0.73,SHAKE,0.5,-2.6,(2, 3, 1, 0),False,0.2,WARN(CAL),0.00,-0.67,True,45.1,
1769846425.369,35.897282,139.828157,OK,18,0.7,3.8,10.06,0.25,STABLE,0.1,-2.9,(2, 3, 1, 0),False,0.2,WARN(CAL),0.00,-0.46,True,46.2,
1769846426.395,35.897282,139.828157,OK,18,0.7,3.8,9.87,0.06,STABLE,-0.1,-3.0,(2, 3, 1, 0),False,0.0,WARN(CAL),0.00,-0.35,True,47.2,
1769846427.425,35.897282,139.828157,OK,17,0.7,3.8,10.26,0.46,STABLE,-0.1,-2.9,(2, 3, 1, 0),False,0.0,WARN(CAL),0.00,-0.14,True,48.2,
1769846428.491,35.897282,139.828157,OK,17,0.7,3.8,10.07,0.26,STABLE,-0.2,-2.8,(2, 3, 1, 0),False,0.0,WARN(CAL),0.00,-0.68,True,49.3,
1769846429.560,35.897283,139.828157,OK,17,0.7,3.8,9.97,0.17,STABLE,-0.6,-3.3,(0, 3, 1, 0),False,0.2,WARN(CAL),0.00,-0.72,True,50.3,
1769846430.596,35.897283,139.828155,OK,17,0.7,3.8,9.83,0.03,STABLE,-0.8,-3.6,(2, 3, 1, 0),False,0.2,WARN(CAL),0.00,-0.57,True,51.4,
1769846431.622,35.897283,139.828155,OK,17,0.7,3.8,9.93,0.12,STABLE,-1.0,-3.6,(0, 3, 1, 0),False,0.0,WARN(CAL),0.00,-0.59,True,52.4,
1769846432.652,35.897285,139.828155,OK,16,0.7,3.8,10.12,0.32,STABLE,-1.2,-3.6,(2, 3, 1, 0),False,0.2,WARN(CAL),0.00,-0.76,True,53.4,
1769846433.677,35.897283,139.828157,OK,17,0.7,3.8,9.70,0.11,STABLE,-1.3,-3.8,(2, 3, 1, 0),False,0.2,WARN(CAL),0.00,-0.54,True,54.5,
1769846434.756,35.897282,139.828157,OK,17,0.7,3.8,10.36,0.56,SHAKE,-1.4,-3.6,(2, 3, 1, 0),False,0.2,WARN(CAL),0.00,-0.46,True,55.5,
1769846435.779,35.897280,139.828158,OK,17,0.7,3.8,9.46,0.35,STABLE,-1.4,-3.5,(2, 3, 1, 0),False,0.2,WARN(CAL),0.00,-0.54,True,56.6,
1769846436.811,35.897282,139.828158,OK,17,0.7,3.8,10.32,0.51,SHAKE,-1.5,-3.5,(2, 3, 1, 0),False,0.2,WARN(CAL),0.00,0.08,True,57.6,
1769846437.839,35.897278,139.828158,OK,17,0.7,3.8,9.52,0.28,STABLE,-1.6,-2.9,(2, 3, 1, 0),False,0.4,WARN(CAL),0.00,-0.27,True,58.6,
1769846438.869,35.897280,139.828158,OK,16,0.7,3.8,9.60,0.20,STABLE,-1.4,-2.8,(0, 3, 1, 0),False,0.2,WARN(CAL),0.00,-0.35,True,59.7,
1769846439.932,35.897280,139.828158,OK,17,0.7,3.8,9.52,0.29,STABLE,-1.1,-2.4,(2, 3, 1, 0),False,0.0,WARN(CAL),0.00,-0.29,True,60.7,
1769846441.010,35.897280,139.828158,OK,17,0.7,3.9,9.75,0.06,STABLE,-1.1,-1.9,(0, 3, 1, 0),False,0.0,WARN(CAL),0.00,-0.28,True,61.8,
1769846442.039,35.897280,139.828158,OK,15,0.7,3.9,9.43,0.37,STABLE,-1.1,-0.7,(2, 3, 1, 0),False,0.0,WARN(CAL),0.00,-0.20,True,62.8,
1769846443.075,35.897277,139.828158,OK,16,0.7,3.9,9.70,0.11,STABLE,-0.9,0.5,(2, 3, 1, 0),False,0.4,WARN(CAL),0.00,-0.31,True,63.9,
1769846444.104,35.897277,139.828158,OK,17,0.7,3.9,9.33,0.47,STABLE,-1.0,0.2,(2, 3, 1, 0),False,0.0,WARN(CAL),0.00,-0.20,True,64.9,
1769846445.126,35.897275,139.828160,OK,17,0.7,3.9,9.64,0.17,STABLE,-1.5,-1.4,(2, 3, 1, 0),False,0.2,WARN(CAL),0.00,-0.09,True,65.9,
1769846446.198,35.897275,139.828158,OK,16,0.7,3.9,10.29,0.49,STABLE,-1.9,-3.3,(2, 3, 1, 0),False,0.2,WARN(CAL),0.00,-0.19,True,67.0,
1769846447.225,35.897273,139.828160,OK,17,0.7,3.9,9.98,0.18,STABLE,-2.7,-6.8,(2, 3, 1, 0),False,0.2,WARN(CAL),0.00,-0.75,True,68.0,
1769846448.247,35.897273,139.828162,OK,17,0.7,3.9,9.57,0.23,STABLE,-2.8,-7.9,(2, 3, 1, 0),False,0.2,WARN(CAL),0.00,-0.68,True,69.0,
1769846449.276,35.897273,139.828162,OK,17,0.7,3.9,9.47,0.33,STABLE,-3.1,-9.1,(2, 3, 1, 0),False,0.0,WARN(CAL),0.00,-0.56,True,70.1,
1769846450.306,35.897275,139.828162,OK,17,0.7,3.9,10.48,0.67,SHAKE,-3.4,-9.7,(2, 3, 1, 0),False,0.2,WARN(CAL),0.00,-0.41,True,71.1,
1769846451.380,35.897277,139.828162,OK,17,0.7,3.9,9.75,0.06,STABLE,-2.8,-9.2,(2, 3, 1, 0),False,0.2,WARN(CAL),0.00,-0.57,True,72.2,
1769846452.454,35.897287,139.828163,OK,17,0.7,3.9,9.29,0.52,SHAKE,-2.8,-9.4,(0, 3, 1, 0),False,1.1,WARN(CAL),0.00,-0.53,True,73.2,
1769846453.522,35.897303,139.828168,OK,17,0.7,3.9,9.48,0.32,STABLE,-2.9,-9.1,(2, 3, 1, 0),False,1.9,WARN(CAL),0.00,-0.91,True,74.3,
1769846454.580,35.897320,139.828172,OK,17,0.7,3.9,9.23,0.57,SHAKE,-2.8,-8.9,(0, 3, 1, 0),False,1.9,WARN(CAL),0.00,-0.71,True,75.4,
1769846455.610,35.897367,139.828192,OK,17,0.7,4.0,9.96,0.15,STABLE,-2.8,-8.4,(2, 3, 1, 0),False,5.5,WARN(CAL),0.00,-0.46,True,76.4,
1769846456.640,35.897423,139.828217,OK,17,0.7,4.1,10.58,0.78,SHAKE,-2.8,-8.3,(0, 3, 1, 0),False,6.7,WARN(CAL),0.00,-0.48,True,77.4,
1769846457.672,35.897495,139.828248,OK,17,0.7,4.0,9.38,0.43,STABLE,-2.6,-7.9,(2, 3, 1, 0),False,8.5,WARN(CAL),0.00,-1.30,True,78.5,
1769846458.699,35.897577,139.828288,OK,17,0.7,4.1,9.22,0.58,SHAKE,-2.5,-7.4,(2, 3, 1, 0),False,9.8,WARN(CAL),0.00,-0.06,True,79.5,
1769846459.781,35.897665,139.828327,OK,18,0.7,4.2,9.42,0.38,STABLE,-2.4,-6.9,(2, 3, 1, 0),False,10.4,WARN(CAL),0.00,0.16,True,80.6,
1769846460.815,35.897765,139.828383,OK,18,0.7,4.4,10.46,0.66,SHAKE,-2.4,-6.6,(0, 3, 1, 0),False,12.2,WARN(CAL),0.00,-0.37,True,81.6,
1769846461.847,35.897872,139.828437,OK,18,0.7,5.0,9.77,0.03,STABLE,-2.3,-6.2,(2, 3, 1, 0),False,12.8,WARN(CAL),0.00,-0.40,True,82.6,
1769846462.878,35.897977,139.828485,OK,18,0.7,4.8,,,?,-2.1,-6.0,(0, 3, 1, 0),False,12.5,WARN(CAL),0.00,,True,83.7,
1769846463.903,35.898090,139.828530,OK,18,0.7,4.6,10.24,0.44,STABLE,-1.8,-5.6,(2, 3, 1, 0),False,13.2,WARN(CAL),0.00,0.01,True,84.7,
1769846464.983,35.898207,139.828575,OK,18,0.7,4.7,9.90,0.09,STABLE,-1.9,-5.7,(0, 3, 1, 0),False,13.6,WARN(CAL),0.00,-0.82,True,85.8,
1769846466.009,35.898335,139.828617,OK,18,0.7,4.8,11.45,1.65,SHAKE,-1.2,-4.2,(2, 3, 1, 0),False,14.8,WARN(CAL),0.00,-1.02,True,86.8,
1769846467.031,35.898447,139.828658,OK,18,0.7,4.5,8.98,0.83,SHAKE,-1.3,-4.6,(2, 3, 1, 0),False,13.0,WARN(CAL),0.00,0.56,False,0.0,STOP_END
1769846468.058,35.898560,139.828710,OK,18,0.7,4.1,8.14,1.67,SHAKE,-1.2,-4.7,(2, 3, 1, 0),False,13.4,WARN(CAL),0.00,-0.28,True,0.0,STOP_START
1769846469.088,35.898670,139.828757,OK,19,0.7,4.4,9.86,0.05,STABLE,-1.3,-3.8,(2, 3, 1, 0),False,12.9,WARN(CAL),0.00,-0.37,True,1.0,
1769846470.155,35.898792,139.828800,OK,19,0.7,4.7,9.33,0.48,STABLE,-1.0,-3.6,(2, 3, 1, 0),False,14.1,WARN(CAL),0.00,-0.61,True,2.1,
1769846471.235,35.898918,139.828852,OK,19,0.7,4.2,9.81,0.01,STABLE,-1.5,-3.8,(2, 3, 1, 0),False,14.8,WARN(CAL),0.00,-0.56,True,3.2,
1769846472.311,35.899040,139.828903,OK,19,0.7,4.1,9.72,0.09,STABLE,-1.5,-4.1,(0, 3, 1, 0),False,14.3,WARN(CAL),0.00,-0.56,True,4.3,
1769846473.383,35.899177,139.828957,OK,19,0.7,4.6,9.37,0.44,STABLE,-1.5,-4.0,(2, 3, 1, 0),False,15.9,WARN(CAL),0.00,-0.78,True,5.3,
1769846474.459,35.899312,139.829022,OK,19,0.7,2.9,10.35,0.54,SHAKE,-1.7,-3.9,(2, 3, 1, 0),False,16.1,WARN(CAL),0.00,-0.53,True,6.4,
1769846475.493,35.899450,139.829082,OK,19,0.7,3.0,9.81,0.01,STABLE,-1.6,-3.9,(0, 3, 1, 0),False,16.3,WARN(CAL),0.00,-0.44,True,7.4,
1769846476.521,35.899580,139.829155,OK,19,0.7,2.8,9.96,0.15,STABLE,-1.6,-3.6,(2, 3, 1, 0),False,15.9,WARN(CAL),0.00,-0.64,True,8.5,
1769846477.552,35.899713,139.829222,OK,18,0.7,2.8,9.87,0.07,STABLE,-1.7,-3.9,(2, 3, 1, 0),False,16.0,WARN(CAL),0.00,-0.30,True,9.5,
1769846478.584,35.899847,139.829298,OK,18,0.7,2.0,10.04,0.24,STABLE,-1.8,-4.1,(2, 3, 1, 0),False,16.4,WARN(CAL),0.00,-0.25,True,10.5,
1769846479.648,35.899990,139.829363,OK,18,0.7,1.3,8.02,1.79,SHAKE,-2.2,-4.3,(2, 3, 1, 0),False,17.0,WARN(CAL),0.00,-0.38,True,11.6,
1769846480.721,35.900130,139.829443,OK,20,0.7,2.1,10.06,0.25,STABLE,-1.7,-4.6,(2, 3, 1, 0),False,17.2,WARN(CAL),0.00,-0.54,True,12.7,
1769846481.805,35.900262,139.829520,OK,19,0.7,2.5,9.65,0.16,STABLE,-2.1,-4.8,(2, 3, 1, 0),False,16.2,WARN(CAL),0.00,-0.80,True,13.7,
1769846482.871,35.900398,139.829592,OK,18,0.7,2.5,10.08,0.27,STABLE,-2.1,-4.8,(2, 3, 1, 0),False,16.5,WARN(CAL),0.00,-1.00,True,14.8,
1769846483.903,35.900528,139.829658,OK,18,0.7,3.4,9.63,0.18,STABLE,-2.1,-4.6,(0, 3, 1, 0),False,15.7,WARN(CAL),0.00,-0.90,True,15.8,
1769846484.932,35.900657,139.829723,OK,19,0.7,3.4,9.73,0.08,STABLE,-2.2,-4.6,(2, 3, 1, 0),False,15.4,WARN(CAL),0.00,-0.61,True,16.9,
1769846485.961,35.900777,139.829800,OK,19,0.7,3.4,9.33,0.48,STABLE,-1.9,-4.5,(0, 3, 1, 0),False,15.0,WARN(CAL),0.00,0.12,True,17.9,
1769846486.988,35.900907,139.829880,OK,19,0.7,2.3,10.45,0.64,SHAKE,-1.9,-4.5,(2, 3, 1, 0),False,16.2,WARN(CAL),0.00,-1.05,True,18.9,
1769846488.058,35.901028,139.829940,OK,18,0.7,2.4,9.15,0.66,SHAKE,-1.9,-4.2,(0, 3, 1, 0),False,14.6,WARN(CAL),0.00,-0.46,True,20.0,
1769846489.145,35.901135,139.829995,OK,18,0.7,3.2,10.41,0.60,SHAKE,-2.1,-4.2,(2, 3, 1, 0),False,12.9,WARN(CAL),0.00,-0.14,True,21.1,
1769846490.208,35.901248,139.830068,OK,18,0.7,3.5,9.77,0.04,STABLE,-1.9,-4.2,(2, 3, 1, 0),False,14.2,WARN(CAL),0.00,-0.56,True,22.2,
1769846491.272,35.901368,139.830147,OK,18,0.7,3.3,8.97,0.84,SHAKE,-1.7,-4.1,(2, 3, 1, 0),False,15.1,WARN(CAL),0.00,-0.56,True,23.2,
1769846492.355,35.901500,139.830230,OK,16,0.7,3.3,9.96,0.15,STABLE,-1.6,-4.0,(2, 3, 1, 0),False,16.5,WARN(CAL),0.00,-0.16,True,24.3,
1769846493.380,35.901630,139.830317,OK,15,0.8,3.2,10.29,0.49,STABLE,-1.6,-3.8,(2, 3, 1, 0),False,16.4,WARN(CAL),0.00,-0.16,True,25.3,
1769846494.407,35.901760,139.830408,OK,17,0.7,2.9,9.38,0.43,STABLE,-1.6,-3.8,(2, 3, 1, 0),False,16.6,WARN(CAL),0.00,-0.80,True,26.3,
1769846495.437,35.901892,139.830505,OK,17,0.7,2.8,10.84,1.04,SHAKE,-1.4,-4.1,(2, 3, 1, 0),False,17.0,WARN(CAL),0.00,-0.76,True,27.4,
1769846496.462,35.902022,139.830607,OK,17,0.7,2.6,8.99,0.81,SHAKE,-1.1,-3.9,(2, 3, 1, 0),False,17.1,WARN(CAL),0.00,-0.57,True,28.4,
1769846497.534,35.902152,139.830710,OK,17,0.7,2.4,9.62,0.19,STABLE,-1.1,-3.8,(2, 3, 1, 0),False,17.2,WARN(CAL),0.00,-0.22,True,29.5,
1769846498.611,35.902285,139.830820,OK,17,0.7,2.1,9.49,0.32,STABLE,-1.4,-3.7,(2, 3, 1, 0),False,17.8,WARN(CAL),0.00,-0.40,True,30.6,
1769846499.676,35.902418,139.830922,OK,17,0.7,2.1,9.46,0.35,STABLE,-1.1,-3.8,(0, 3, 1, 0),False,17.4,WARN(CAL),0.00,-0.54,True,31.6,
1769846500.740,35.902540,139.831017,OK,16,0.7,1.2,11.19,1.39,SHAKE,-1.1,-3.7,(0, 3, 1, 0),False,16.0,WARN(CAL),0.00,0.10,True,32.7,
1769846501.819,35.902663,139.831108,OK,17,0.7,0.6,9.83,0.02,STABLE,-1.1,-3.6,(2, 3, 1, 0),False,16.0,WARN(CAL),0.00,-0.08,True,33.8,
1769846502.906,35.902788,139.831213,OK,17,0.7,0.4,9.72,0.08,STABLE,-1.0,-3.2,(2, 3, 1, 0),False,16.8,WARN(CAL),0.00,-0.55,True,34.8,
1769846503.985,35.902922,139.831327,OK,17,0.7,0.3,9.57,0.24,STABLE,-1.1,-3.8,(2, 3, 1, 0),False,18.0,WARN(CAL),0.00,-0.19,True,35.9,
1769846505.012,35.903047,139.831435,OK,17,0.7,0.2,10.11,0.31,STABLE,-1.0,-3.6,(2, 3, 1, 0),False,17.0,WARN(CAL),0.00,-0.08,True,37.0,
1769846506.038,35.903172,139.831540,OK,18,0.7,-0.6,10.01,0.20,STABLE,,,(2, 3, 1, 0),False,16.8,WARN(CAL),0.00,-0.36,True,38.0,
1769846507.069,35.903292,139.831638,OK,18,0.7,-1.7,10.41,0.60,SHAKE,-1.5,-4.2,(2, 3, 1, 0),False,16.0,WARN(CAL),0.00,-1.86,True,39.0,
1769846508.099,35.903413,139.831735,OK,18,0.7,-1.4,9.98,0.18,STABLE,-1.6,-4.0,(2, 3, 1, 0),False,16.1,WARN(CAL),0.00,-0.63,True,40.0,
1769846509.164,35.903533,139.831837,OK,18,0.7,-1.5,9.44,0.36,STABLE,-1.0,-3.5,(2, 3, 1, 0),False,16.2,WARN(CAL),0.00,-0.08,True,41.1,
1769846510.241,35.903648,139.831932,OK,18,0.7,-1.1,9.04,0.77,SHAKE,-1.2,-3.8,(2, 3, 1, 0),False,15.4,WARN(CAL),0.00,-0.59,True,42.2,
1769846511.307,35.903763,139.832027,OK,19,0.7,-2.0,9.65,0.16,STABLE,-1.1,-3.6,(2, 3, 1, 0),False,15.4,WARN(CAL),0.00,-0.36,True,43.2,
1769846512.391,35.903885,139.832123,OK,19,0.7,-1.4,9.05,0.75,SHAKE,-1.2,-3.7,(2, 3, 1, 0),False,16.1,WARN(CAL),0.00,-0.78,True,44.3,
1769846513.456,35.903998,139.832217,OK,19,0.7,-0.8,9.88,0.08,STABLE,-1.2,-3.6,(0, 3, 1, 0),False,15.1,WARN(CAL),0.00,-0.57,True,45.4,
1769846514.483,35.904107,139.832313,OK,19,0.7,-1.0,9.92,0.12,STABLE,-1.3,-4.1,(2, 3, 1, 0),False,14.9,WARN(CAL),0.00,-0.38,True,46.4,
1769846515.506,35.904222,139.832405,OK,19,0.7,-0.7,9.14,0.66,SHAKE,-1.3,-4.2,(2, 3, 1, 0),False,15.2,WARN(CAL),0.00,-0.16,True,47.4,
1769846516.536,35.904335,139.832495,OK,19,0.7,-1.0,9.14,0.66,SHAKE,-1.2,-4.1,(0, 3, 1, 0),False,15.0,WARN(CAL),0.00,-0.47,True,48.5,
1769846517.572,35.904440,139.832578,OK,19,0.7,-0.8,10.44,0.63,SHAKE,-1.1,-3.9,(0, 3, 1, 0),False,13.9,WARN(CAL),0.00,-0.28,True,49.5,
1769846518.630,35.904545,139.832673,OK,19,0.7,0.0,10.46,0.66,SHAKE,-1.1,-4.1,(2, 3, 1, 0),False,14.5,WARN(CAL),0.00,-0.44,True,50.6,
1769846519.708,35.904658,139.832770,OK,19,0.7,0.3,9.70,0.10,STABLE,-0.7,-3.9,(2, 3, 1, 0),False,15.3,WARN(CAL),0.00,0.13,True,51.7,
1769846520.783,35.904762,139.832858,OK,19,0.7,0.3,9.82,0.02,STABLE,-0.2,-4.0,(2, 3, 1, 0),False,14.0,WARN(CAL),0.00,0.00,True,52.7,
1769846521.853,35.904870,139.832950,OK,19,0.7,-0.2,9.55,0.26,STABLE,-0.1,-3.9,(0, 3, 1, 0),False,14.6,WARN(CAL),0.00,-0.27,True,53.8,
1769846522.925,35.904980,139.833025,OK,19,0.7,-1.0,9.66,0.14,STABLE,-0.1,-3.8,(2, 3, 1, 0),False,14.0,WARN(CAL),0.00,-0.38,True,54.9,
1769846523.954,35.905085,139.833120,OK,19,0.7,-1.2,10.16,0.36,STABLE,-0.4,-4.1,(0, 3, 1, 0),False,14.5,WARN(CAL),0.00,-0.28,True,55.9,
1769846524.986,35.905195,139.833208,OK,19,0.7,-1.0,9.46,0.35,STABLE,-0.6,-4.1,(2, 3, 1, 0),False,14.6,WARN(CAL),0.00,-0.18,True,56.9,
1769846526.013,35.905303,139.833297,OK,19,0.7,-2.1,10.07,0.27,STABLE,-0.5,-4.2,(0, 3, 1, 0),False,14.4,WARN(CAL),0.00,-0.21,True,58.0,
1769846527.041,35.905403,139.833383,OK,19,0.7,-1.6,9.87,0.07,STABLE,-0.7,-4.2,(2, 3, 1, 0),False,13.6,WARN(CAL),0.00,-0.52,True,59.0,
1769846528.121,35.905510,139.833468,OK,19,0.7,-1.1,9.49,0.32,STABLE,-0.6,-4.2,(0, 3, 1, 0),False,14.1,WARN(CAL),0.00,-0.36,True,60.1,
1769846529.201,35.905620,139.833550,OK,19,0.7,-1.5,9.61,0.19,STABLE,-0.4,-4.3,(2, 3, 1, 0),False,14.3,WARN(CAL),0.00,-1.09,True,61.1,
1769846530.270,35.905725,139.833628,OK,19,0.7,-2.2,10.69,0.88,SHAKE,-0.6,-4.4,(2, 3, 1, 0),False,13.6,WARN(CAL),0.00,0.10,True,62.2,
1769846531.348,35.905830,139.833705,OK,18,0.7,-2.1,10.19,0.38,STABLE,-0.4,-4.4,(0, 3, 1, 0),False,13.6,WARN(CAL),0.00,0.23,True,63.3,
1769846532.382,35.905932,139.833772,OK,18,0.7,-1.5,9.98,0.17,STABLE,-0.4,-4.4,(2, 3, 1, 0),False,12.8,WARN(CAL),0.00,0.18,True,64.3,
1769846533.411,35.906033,139.833842,OK,18,0.7,-1.5,9.34,0.47,STABLE,-0.5,-4.2,(2, 3, 1, 0),False,12.9,WARN(CAL),0.00,0.00,True,65.4,
1769846534.436,35.906140,139.833925,OK,18,0.7,-0.8,9.46,0.35,STABLE,-0.4,-4.1,(0, 3, 1, 0),False,14.0,WARN(CAL),0.00,-0.62,True,66.4,
1769846535.463,35.906238,139.834000,OK,18,0.7,-0.9,9.47,0.33,STABLE,-0.3,-4.0,(0, 3, 1, 0),False,12.9,WARN(CAL),0.00,-0.14,True,67.4,
1769846536.530,35.906332,139.834063,OK,18,0.7,-1.1,10.15,0.35,STABLE,-0.2,-4.2,(2, 3, 1, 0),False,11.8,WARN(CAL),0.00,-0.23,True,68.5,
1769846537.612,35.906418,139.834122,OK,18,0.7,-1.1,9.98,0.17,STABLE,-0.2,-4.2,(2, 3, 1, 0),False,11.0,WARN(CAL),0.00,-0.33,True,69.6,
1769846538.676,35.906488,139.834170,OK,18,0.7,-1.2,9.73,0.07,STABLE,-0.4,-4.1,(2, 3, 1, 0),False,8.9,WARN(CAL),0.00,-0.37,True,70.6,
1769846539.757,35.906562,139.834217,OK,18,0.7,-1.2,10.45,0.65,SHAKE,-0.2,-3.9,(2, 3, 1, 0),False,9.2,WARN(CAL),0.00,-0.40,True,71.7,
1769846540.823,35.906623,139.834252,OK,18,0.7,-1.0,9.34,0.47,STABLE,0.0,-4.1,(2, 3, 1, 0),False,7.5,WARN(CAL),0.00,-0.94,True,72.8,
1769846541.895,35.906677,139.834282,OK,17,0.7,-1.0,9.52,0.29,STABLE,0.0,-3.8,(2, 3, 1, 0),False,6.5,WARN(CAL),0.00,-0.11,True,73.8,
1769846542.978,35.906720,139.834303,OK,18,0.7,-0.7,9.50,0.31,STABLE,0.0,-3.8,(2, 3, 1, 0),False,5.2,WARN(CAL),0.00,-0.17,True,74.9,
1769846544.010,35.906753,139.834320,OK,19,0.7,-0.8,9.95,0.15,STABLE,0.0,-3.8,(2, 3, 1, 0),False,4.0,WARN(CAL),0.00,-0.41,True,76.0,
1769846545.036,35.906783,139.834333,OK,19,0.7,-0.6,9.90,0.09,STABLE,0.1,-3.9,(0, 3, 1, 0),False,3.5,WARN(CAL),0.00,-0.55,True,77.0,
1769846546.067,35.906810,139.834350,OK,18,0.7,-0.7,9.02,0.79,SHAKE,0.2,-3.6,(2, 3, 1, 0),False,3.3,WARN(CAL),0.00,-0.17,True,78.0,
1769846547.092,35.906838,139.834362,OK,18,0.7,-0.8,10.27,0.47,STABLE,-0.2,-4.0,(0, 3, 1, 0),False,3.3,WARN(CAL),0.00,-0.38,True,79.0,
1769846548.163,35.906872,139.834380,OK,17,0.7,-1.1,9.21,0.59,SHAKE,-0.3,-4.1,(0, 3, 1, 0),False,4.1,WARN(CAL),0.00,-0.03,True,80.1,
1769846549.233,35.906918,139.834402,OK,17,0.7,-0.9,9.95,0.14,STABLE,-0.2,-4.1,(2, 3, 1, 0),False,5.5,WARN(CAL),0.00,-0.58,True,81.2,
1769846550.306,35.906968,139.834427,OK,18,0.7,-1.1,10.54,0.73,SHAKE,-0.2,-4.0,(2, 3, 1, 0),False,6.0,WARN(CAL),0.00,-0.27,True,82.2,
1769846551.330,35.907027,139.834450,OK,18,0.7,-1.4,10.17,0.36,STABLE,0.0,-3.9,(2, 3, 1, 0),False,6.8,WARN(CAL),0.00,-0.35,True,83.3,
1769846552.362,35.907087,139.834475,OK,17,0.8,-1.4,9.71,0.09,STABLE,-0.2,-4.1,(0, 3, 1, 0),False,7.0,WARN(CAL),0.00,-0.13,True,84.3,
1769846553.395,35.907152,139.834508,OK,16,0.8,-1.5,9.71,0.10,STABLE,-0.4,-4.4,(2, 3, 1, 0),False,7.8,WARN(CAL),0.00,-0.51,True,85.3,
1769846554.421,35.907225,139.834543,OK,16,0.8,-1.5,9.91,0.10,STABLE,0.0,-4.2,(2, 3, 1, 0),False,8.7,WARN(CAL),0.00,-0.63,True,86.4,
1769846555.491,35.907300,139.834582,OK,15,0.9,-1.5,10.66,0.86,SHAKE,-0.2,-4.0,(2, 3, 1, 0),False,9.0,WARN(CAL),0.00,-0.25,True,87.4,
1769846556.578,35.907378,139.834622,OK,16,0.8,-1.5,8.45,1.35,SHAKE,-0.2,-3.9,(2, 3, 1, 0),False,9.4,WARN(CAL),0.00,-0.17,True,88.5,
1769846557.636,35.907462,139.834660,OK,16,0.8,-1.6,9.89,0.09,STABLE,0.0,-4.0,(2, 3, 1, 0),False,9.9,WARN(CAL),0.00,-0.33,True,89.6,
1769846558.666,35.907543,139.834697,OK,16,0.8,-1.4,9.64,0.17,STABLE,-0.6,-4.5,(2, 3, 1, 0),False,9.7,WARN(CAL),0.00,-0.24,True,90.6,
1769846559.694,35.907630,139.834737,OK,17,0.8,-1.3,10.00,0.20,STABLE,-0.3,-4.6,(2, 3, 1, 0),False,10.3,WARN(CAL),0.00,0.10,True,91.6,
1769846560.723,35.907715,139.834775,OK,16,0.8,-0.7,9.77,0.03,STABLE,-0.5,-4.7,(2, 3, 1, 0),False,10.1,WARN(CAL),0.00,-0.04,True,92.7,
1769846561.752,35.907802,139.834808,OK,17,0.8,-0.5,9.91,0.10,STABLE,-0.6,-4.6,(2, 3, 1, 0),False,10.1,WARN(CAL),0.00,-0.18,True,93.7,
1769846562.811,35.907890,139.834843,OK,17,0.8,0.0,9.24,0.57,SHAKE,-0.6,-4.7,(0, 3, 1, 0),False,10.3,WARN(CAL),0.00,-0.38,True,94.8,
1769846563.880,35.907973,139.834872,OK,17,0.8,0.3,9.59,0.22,STABLE,-0.6,-4.9,(2, 3, 1, 0),False,9.6,WARN(CAL),0.00,-0.30,True,95.8,
1769846564.963,35.908062,139.834903,OK,17,0.8,0.6,10.11,0.30,STABLE,-0.8,-5.1,(2, 3, 1, 0),False,10.2,WARN(CAL),0.00,-0.23,True,96.9,
1769846566.035,35.908138,139.834933,OK,19,0.8,1.0,8.99,0.82,SHAKE,-0.4,-4.8,(2, 3, 1, 0),False,8.9,WARN(CAL),0.00,-0.38,True,98.0,
1769846567.109,35.908227,139.834960,OK,19,0.8,1.6,9.95,0.14,STABLE,-0.3,-4.6,(2, 3, 1, 0),False,10.1,WARN(CAL),0.00,0.10,True,99.1,
1769846568.191,35.908303,139.834985,OK,19,0.8,2.0,9.99,0.19,STABLE,-0.5,-4.3,(0, 3, 1, 0),False,8.8,WARN(CAL),0.00,-0.12,True,100.1,
1769846569.218,35.908383,139.835010,OK,19,0.8,2.2,9.75,0.05,STABLE,-0.8,-4.2,(0, 3, 1, 0),False,9.2,WARN(CAL),0.00,-0.48,True,101.2,
1769846570.245,35.908463,139.835037,OK,19,0.8,2.2,9.48,0.33,STABLE,-0.8,-4.1,(2, 3, 1, 0),False,9.2,WARN(CAL),0.00,-0.22,True,102.2,
1769846571.272,35.908548,139.835062,OK,19,0.8,2.3,10.48,0.68,SHAKE,-0.8,-4.2,(2, 3, 1, 0),False,9.7,WARN(CAL),0.00,-0.25,True,103.2,
1769846572.302,35.908638,139.835088,OK,19,0.8,2.4,9.13,0.67,SHAKE,-0.9,-4.1,(0, 3, 1, 0),False,10.3,WARN(CAL),0.00,-0.46,True,104.2,
1769846573.378,35.908723,139.835115,OK,17,0.9,2.2,9.76,0.05,STABLE,-0.9,-4.3,(2, 3, 1, 0),False,9.8,WARN(CAL),0.00,-0.79,True,105.3,
1769846574.453,35.908820,139.835158,OK,17,0.9,2.2,9.24,0.57,SHAKE,-1.1,-4.8,(2, 3, 1, 0),False,11.4,WARN(CAL),0.00,-0.51,True,106.4,
1769846575.516,35.908917,139.835197,OK,18,0.9,2.8,9.46,0.34,STABLE,-0.9,-4.7,(0, 3, 1, 0),False,11.3,WARN(CAL),0.00,-0.32,True,107.5,
1769846576.587,35.909003,139.835210,OK,18,0.7,3.1,9.39,0.42,STABLE,-1.0,-4.9,(2, 3, 1, 0),False,9.7,WARN(CAL),0.00,-0.15,True,108.5,
1769846577.662,35.909110,139.835220,OK,17,0.7,3.0,9.51,0.30,STABLE,-1.1,-4.9,(0, 3, 1, 0),False,11.9,WARN(CAL),0.00,-0.39,True,109.6,
1769846578.727,35.909213,139.835245,OK,18,0.7,2.5,9.85,0.04,STABLE,-1.3,-5.7,(2, 3, 1, 0),False,11.7,WARN(CAL),0.00,-0.64,True,110.7,
1769846579.807,35.909317,139.835273,OK,18,0.7,2.4,10.19,0.38,STABLE,-1.3,-5.5,(2, 3, 1, 0),False,11.8,WARN(CAL),0.00,-0.38,True,111.7,
1769846580.885,35.909425,139.835287,OK,18,0.7,0.0,10.51,0.70,SHAKE,-1.2,-5.8,(2, 3, 1, 0),False,12.1,WARN(CAL),0.00,-0.53,True,112.8,
1769846581.913,35.909545,139.835297,OK,19,0.7,0.0,10.19,0.38,STABLE,-1.1,-5.6,(2, 3, 1, 0),False,13.4,WARN(CAL),0.00,-0.46,True,113.9,
1769846582.940,35.909658,139.835320,OK,20,0.7,0.5,10.22,0.41,STABLE,-1.0,-5.5,(2, 3, 1, 0),False,12.8,WARN(CAL),0.00,-0.02,True,114.9,
1769846583.970,35.909782,139.835335,OK,20,0.7,0.1,9.58,0.22,STABLE,-0.9,-5.2,(2, 3, 1, 0),False,13.8,WARN(CAL),0.00,-0.61,True,115.9,
1769846584.997,35.909903,139.835342,OK,20,0.7,0.0,9.24,0.57,SHAKE,-1.2,-4.9,(2, 3, 1, 0),False,13.5,WARN(CAL),0.00,-1.25,True,116.9,
1769846586.067,35.910027,139.835345,OK,20,0.7,-0.1,10.82,1.01,SHAKE,-0.8,-4.9,(2, 3, 1, 0),False,13.7,WARN(CAL),0.00,-0.36,True,118.0,
1769846587.142,35.910147,139.835345,OK,20,0.7,0.0,9.37,0.43,STABLE,-0.7,-4.4,(2, 3, 1, 0),False,13.3,WARN(CAL),0.00,-0.18,True,119.1,
1769846588.211,35.910275,139.835347,OK,19,0.7,-0.3,10.46,0.66,SHAKE,-0.8,-4.2,(2, 3, 1, 0),False,14.3,WARN(CAL),0.00,-0.28,True,120.2,
1769846589.289,35.910400,139.835347,OK,19,0.7,-0.5,9.61,0.19,STABLE,-0.5,-4.0,(2, 3, 1, 0),False,13.9,WARN(CAL),0.00,0.02,True,121.2,
1769846590.367,35.910525,139.835345,OK,19,0.7,-0.9,9.29,0.52,SHAKE,-0.6,-3.8,(0, 3, 1, 0),False,13.9,WARN(CAL),0.00,-0.05,True,122.3,
1769846591.436,35.910648,139.835345,OK,20,0.7,-1.5,9.49,0.32,STABLE,-0.6,-3.6,(2, 3, 1, 0),False,13.7,WARN(CAL),0.00,-0.33,True,123.4,
1769846592.511,35.910772,139.835338,OK,20,0.7,-1.9,9.86,0.05,STABLE,-0.9,-3.1,(2, 3, 1, 0),False,13.7,WARN(CAL),0.00,-0.45,True,124.5,
1769846593.537,35.910897,139.835332,OK,20,0.7,-2.3,10.51,0.70,SHAKE,-0.8,-2.9,(2, 3, 1, 0),False,13.9,WARN(CAL),0.00,-0.57,True,125.5,
1769846594.569,35.911023,139.835322,OK,20,0.7,-2.1,9.90,0.10,STABLE,-0.7,-2.8,(2, 3, 1, 0),False,14.1,WARN(CAL),0.00,-0.13,True,126.5,
1769846595.595,35.911152,139.835325,OK,19,0.7,-2.6,8.37,1.43,SHAKE,-0.4,-2.4,(2, 3, 1, 0),False,14.3,WARN(CAL),0.00,-0.87,True,127.5,
1769846596.618,35.911292,139.835322,OK,20,0.7,-3.1,9.46,0.35,STABLE,0.1,-2.8,(2, 3, 1, 0),False,15.6,WARN(CAL),0.00,0.02,True,128.6,
1769846597.682,35.911415,139.835317,OK,20,0.7,-2.4,10.06,0.26,STABLE,0.1,-2.8,(2, 3, 1, 0),False,13.7,WARN(CAL),0.00,0.21,True,129.6,
1769846598.714,35.911543,139.835302,OK,20,0.7,-1.9,9.68,0.12,STABLE,0.2,-2.3,(2, 3, 1, 0),False,14.3,WARN(CAL),0.00,0.24,True,130.7,
1769846599.744,35.911672,139.835285,OK,21,0.7,-3.0,10.17,0.36,STABLE,0.3,-2.5,(2, 3, 1, 0),False,14.3,WARN(CAL),0.00,-0.33,True,131.7,
1769846600.773,35.911792,139.835278,OK,21,0.7,-3.1,9.50,0.30,STABLE,0.4,-2.7,(2, 3, 1, 0),False,13.4,WARN(CAL),0.00,-0.27,True,132.7,
1769846601.803,35.911922,139.835273,OK,21,0.7,-3.4,9.67,0.13,STABLE,0.1,-2.4,(0, 3, 1, 0),False,14.5,WARN(CAL),0.00,-0.12,True,133.7,
1769846602.872,35.912047,139.835273,OK,20,0.7,-2.9,10.19,0.39,STABLE,-0.1,-1.9,(2, 3, 1, 0),False,13.9,WARN(CAL),0.00,-0.16,True,134.8,
1769846603.904,35.912183,139.835255,OK,20,0.7,-3.5,9.25,0.56,SHAKE,-0.1,-1.1,(2, 3, 1, 0),False,15.3,WARN(CAL),0.00,-0.31,True,135.8,
1769846604.930,35.912308,139.835238,OK,20,0.7,-4.1,9.39,0.42,STABLE,-0.4,-0.9,(2, 3, 1, 0),False,14.0,WARN(CAL),0.00,-0.30,True,136.9,
1769846605.951,35.912427,139.835223,OK,20,0.7,-3.8,9.82,0.02,STABLE,,,(0, 3, 1, 0),False,13.2,WARN(CAL),0.00,-0.07,True,137.9,
1769846606.981,35.912538,139.835215,OK,19,0.7,-4.8,9.92,0.11,STABLE,-1.4,-2.6,(2, 3, 1, 0),False,12.4,WARN(CAL),0.00,-0.32,True,138.9,
1769846608.040,35.912650,139.835212,OK,18,0.7,-4.3,9.78,0.03,STABLE,-1.6,-3.2,(2, 3, 1, 0),False,12.4,WARN(CAL),0.00,-0.28,True,140.0,
1769846609.124,35.912765,139.835203,OK,17,0.7,-4.0,9.64,0.17,STABLE,-1.8,-3.7,(2, 3, 1, 0),False,12.8,WARN(CAL),0.00,-0.36,True,141.1,
1769846610.200,35.912890,139.835193,OK,17,0.7,-3.4,9.75,0.06,STABLE,-2.2,-5.2,(2, 3, 1, 0),False,13.9,WARN(CAL),0.00,-0.43,True,142.1,
1769846611.272,35.913005,139.835187,OK,17,0.7,-2.3,9.76,0.05,STABLE,-2.4,-5.7,(2, 3, 1, 0),False,12.8,WARN(CAL),0.00,-0.43,True,143.2,
1769846612.298,35.913133,139.835167,OK,18,0.7,-3.1,9.73,0.08,STABLE,-2.4,-5.7,(2, 3, 1, 0),False,14.4,WARN(CAL),0.00,-0.46,True,144.2,
1769846613.328,35.913262,139.835155,OK,18,0.7,-4.3,9.82,0.01,STABLE,-2.4,-5.7,(2, 3, 1, 0),False,14.3,WARN(CAL),0.00,-0.44,True,145.3,
1769846614.355,35.913390,139.835132,OK,18,0.7,-4.3,8.45,1.36,SHAKE,-2.4,-5.7,(2, 3, 1, 0),False,14.4,WARN(CAL),0.00,-0.43,True,146.3,
1769846615.378,35.913525,139.835128,OK,18,0.7,-4.8,9.79,0.02,STABLE,-2.4,-5.7,(2, 3, 1, 0),False,15.0,WARN(CAL),0.00,-0.44,True,147.3,
1769846616.458,35.913643,139.835118,OK,18,0.7,-4.1,9.78,0.03,STABLE,-2.4,-5.7,(2, 3, 1, 0),False,13.2,WARN(CAL),0.00,-0.44,True,148.4,
1769846617.494,35.913768,139.835120,OK,18,0.7,-4.1,9.79,0.01,STABLE,-2.4,-5.7,(0, 3, 1, 0),False,13.9,WARN(CAL),0.00,-0.45,True,149.4,
1769846618.523,35.913880,139.835123,OK,18,0.7,-4.0,9.77,0.04,STABLE,-2.4,-5.7,(0, 3, 1, 0),False,12.4,WARN(CAL),0.00,-0.45,True,150.5,
1769846619.553,35.914005,139.835112,OK,19,0.7,-3.7,9.78,0.03,STABLE,-2.4,-5.7,(2, 3, 1, 0),False,13.9,WARN(CAL),0.00,-0.46,True,151.5,
1769846620.579,35.914128,139.835102,OK,19,0.7,-3.0,9.75,0.06,STABLE,-2.4,-5.7,(2, 3, 1, 0),False,13.7,WARN(CAL),0.00,-0.43,True,152.5,
1769846621.659,35.914253,139.835088,OK,17,0.7,-3.1,9.75,0.06,STABLE,-2.4,-5.7,(2, 3, 1, 0),False,14.0,WARN(CAL),0.00,-0.43,True,153.6,
1769846622.725,35.914380,139.835062,OK,17,0.7,-2.1,9.79,0.02,STABLE,-2.4,-5.7,(2, 3, 1, 0),False,14.3,WARN(CAL),0.00,-0.43,True,154.7,
1769846623.800,35.914517,139.835057,OK,17,0.7,-1.9,9.77,0.04,STABLE,-2.4,-5.7,(0, 3, 1, 0),False,15.2,WARN(CAL),0.00,-0.43,True,155.7,
1769846624.827,35.914647,139.835040,OK,17,0.7,-1.5,9.79,0.01,STABLE,-2.4,-5.7,(2, 3, 1, 0),False,14.5,WARN(CAL),0.00,-0.44,True,156.8,
1769846625.857,35.914768,139.835027,OK,17,0.7,-1.0,9.80,0.00,STABLE,-2.4,-5.7,(0, 3, 1, 0),False,13.6,WARN(CAL),0.00,-0.45,True,157.8,
1769846626.884,35.914892,139.835032,OK,17,0.7,-1.0,9.77,0.04,STABLE,-2.4,-5.7,(2, 3, 1, 0),False,13.7,WARN(CAL),0.00,-0.45,True,158.8,
1769846627.915,35.915022,139.835025,OK,17,0.7,-1.0,9.76,0.05,STABLE,-2.4,-5.7,(2, 3, 1, 0),False,14.5,WARN(CAL),0.00,-0.43,True,159.9,
1769846628.979,35.915150,139.835013,OK,18,0.7,-0.9,9.75,0.05,STABLE,-2.4,-5.7,(2, 3, 1, 0),False,14.3,WARN(CAL),0.00,-0.46,True,160.9,
1769846630.054,35.915278,139.835000,OK,17,0.7,-1.0,9.75,0.06,STABLE,-2.4,-5.7,(2, 3, 1, 0),False,14.3,WARN(CAL),0.00,-0.44,True,162.0,
1769846631.125,35.915408,139.834990,OK,18,0.7,-0.9,9.74,0.07,STABLE,-2.4,-5.7,(2, 3, 1, 0),False,14.5,WARN(CAL),0.00,-0.44,True,163.1,
1769846632.200,35.915537,139.834982,OK,18,0.7,-0.2,9.77,0.03,STABLE,-2.4,-5.7,(0, 3, 1, 0),False,14.3,WARN(CAL),0.00,-0.44,True,164.1,
1769846633.271,35.915650,139.834975,OK,18,0.7,0.3,9.76,0.04,STABLE,-2.4,-5.7,(2, 3, 1, 0),False,12.6,WARN(CAL),0.00,-0.45,True,165.2,
1769846634.349,35.915770,139.834965,OK,19,0.7,0.3,9.80,0.01,STABLE,-2.4,-5.7,(2, 3, 1, 0),False,13.4,WARN(CAL),0.00,-0.46,True,166.3,
1769846635.375,35.915893,139.834952,OK,19,0.7,0.4,9.75,0.06,STABLE,-2.4,-5.7,(2, 3, 1, 0),False,13.8,WARN(CAL),0.00,-0.44,True,167.3,
1769846636.405,35.916018,139.834942,OK,19,0.7,0.5,9.76,0.05,STABLE,-2.4,-5.7,(2, 3, 1, 0),False,13.9,WARN(CAL),0.00,-0.43,True,168.3,
1769846637.432,35.916145,139.834942,OK,18,0.7,0.2,9.75,0.06,STABLE,-2.4,-5.7,(2, 3, 1, 0),False,14.1,WARN(CAL),0.00,-0.45,True,169.4,
1769846638.455,35.916270,139.834945,OK,19,0.7,0.2,9.71,0.09,STABLE,-2.4,-5.7,(2, 3, 1, 0),False,13.9,WARN(CAL),0.00,-0.42,True,170.4,
1769846639.519,35.916382,139.834932,OK,19,0.7,0.0,9.73,0.07,STABLE,-2.4,-5.7,(0, 3, 1, 0),False,12.5,WARN(CAL),0.00,-0.44,True,171.5,
1769846640.580,35.916503,139.834930,OK,19,0.7,-0.7,9.76,0.04,STABLE,-2.4,-5.7,(2, 3, 1, 0),False,13.5,WARN(CAL),0.00,-0.44,True,172.5,
1769846641.606,35.916640,139.834933,OK,19,0.7,-1.5,9.78,0.03,STABLE,-2.4,-5.7,(2, 3, 1, 0),False,15.2,WARN(CAL),0.00,-0.46,True,173.5,
1769846642.630,35.916757,139.834943,OK,19,0.7,-1.9,9.77,0.04,STABLE,-2.4,-5.7,(2, 3, 1, 0),False,13.0,WARN(CAL),0.00,-0.43,True,174.6,
1769846643.664,35.916878,139.834933,OK,19,0.7,-1.7,9.76,0.04,STABLE,-2.4,-5.7,(2, 3, 1, 0),False,13.6,WARN(CAL),0.00,-0.43,True,175.6,
1769846644.697,35.917005,139.834928,OK,20,0.7,-1.4,9.78,0.02,STABLE,-2.4,-5.7,(2, 3, 1, 0),False,14.1,WARN(CAL),0.00,-0.45,True,176.6,
1769846645.782,35.917122,139.834927,OK,20,0.7,-1.6,9.74,0.06,STABLE,-2.4,-5.7,(2, 3, 1, 0),False,13.0,WARN(CAL),0.00,-0.44,True,177.7,
1769846646.816,35.917247,139.834930,OK,20,0.7,-1.3,9.79,0.01,STABLE,-2.4,-5.7,(2, 3, 1, 0),False,13.9,WARN(CAL),0.00,-0.46,True,178.8,
1769846647.842,35.917372,139.834927,OK,20,0.7,-0.4,9.79,0.02,STABLE,-2.4,-5.7,(2, 3, 1, 0),False,13.9,WARN(CAL),0.00,-0.44,True,179.8,
1769846648.873,35.917505,139.834930,OK,21,0.7,-0.2,9.79,0.02,STABLE,-2.4,-5.7,(2, 3, 1, 0),False,14.8,WARN(CAL),0.00,-0.42,True,180.8,
1769846649.899,35.917645,139.834927,OK,21,0.7,-0.9,9.75,0.06,STABLE,-2.4,-5.7,(2, 3, 1, 0),False,15.6,WARN(CAL),0.00,-0.47,True,181.8,
1769846650.981,35.917775,139.834927,OK,21,0.7,-1.8,9.75,0.05,STABLE,-2.4,-5.7,(2, 3, 1, 0),False,14.5,WARN(CAL),0.00,-0.46,True,182.9,
1769846652.056,35.917897,139.834920,OK,21,0.7,-2.3,9.78,0.03,STABLE,-2.4,-5.7,(0, 3, 1, 0),False,13.5,WARN(CAL),0.00,-0.43,True,184.0,
1769846653.137,35.918028,139.834923,OK,20,0.7,-1.5,9.77,0.04,STABLE,-2.4,-5.7,(2, 3, 1, 0),False,14.6,WARN(CAL),0.00,-0.45,True,185.1,
1769846654.196,35.918158,139.834915,OK,20,0.7,-1.3,9.77,0.03,STABLE,-2.4,-5.7,(2, 3, 1, 0),False,14.5,WARN(CAL),0.00,-0.46,True,186.1,
1769846655.279,35.918278,139.834920,OK,20,0.7,-1.0,9.79,0.01,STABLE,-2.4,-5.7,(2, 3, 1, 0),False,13.4,WARN(CAL),0.00,-0.42,True,187.2,
1769846656.363,35.918415,139.834928,OK,19,0.7,-1.7,9.99,0.18,STABLE,-3.9,-11.4,(2, 3, 1, 0),False,15.2,WARN(CAL),0.00,-0.81,True,188.3,
1769846657.425,35.918542,139.834940,OK,19,0.7,-2.0,10.75,0.94,SHAKE,-4.7,-14.4,(0, 3, 1, 0),False,14.1,WARN(CAL),0.00,-0.96,True,189.4,
1769846658.498,35.918672,139.834943,OK,19,0.7,-1.7,9.44,0.36,STABLE,-4.1,-13.4,(0, 3, 1, 0),False,14.5,WARN(CAL),0.00,-0.60,True,190.4,
1769846659.565,35.918795,139.834958,OK,18,0.7,-0.9,9.63,0.18,STABLE,-2.8,-6.0,(2, 3, 1, 0),False,13.8,WARN(CAL),0.00,-0.63,True,191.5,
1769846660.648,35.918925,139.834962,OK,17,0.7,-2.0,10.04,0.23,STABLE,-3.4,-5.6,(2, 3, 1, 0),False,14.5,WARN(CAL),0.00,-0.83,True,192.6,
1769846661.713,35.919052,139.834968,OK,17,0.7,-2.1,9.40,0.41,STABLE,-6.2,-4.9,(2, 3, 1, 0),False,14.1,WARN(CAL),0.00,-1.68,True,193.7,
1769846662.789,35.919182,139.834965,OK,17,0.7,-2.9,10.18,0.37,STABLE,-7.8,-7.0,(2, 3, 1, 0),False,14.5,WARN(CAL),0.00,-2.02,True,194.7,
1769846663.820,35.919302,139.834973,OK,17,0.7,-0.9,9.66,0.14,STABLE,-9.1,-8.0,(2, 3, 1, 0),False,13.4,WARN(CAL),0.00,-2.56,True,195.8,
1769846664.849,35.919440,139.834990,OK,17,0.7,-2.4,10.44,0.63,SHAKE,-9.1,-9.6,(2, 3, 1, 0),False,15.5,WARN(CAL),0.00,-1.16,True,196.8,
1769846665.878,35.919565,139.835007,OK,18,0.7,-2.1,9.95,0.14,STABLE,-6.6,-9.9,(2, 3, 1, 0),False,14.0,WARN(CAL),0.00,-0.71,True,197.8,
1769846666.906,35.919698,139.835020,OK,18,0.7,-2.7,10.05,0.24,STABLE,-6.3,-9.6,(2, 3, 1, 0),False,14.9,WARN(CAL),0.00,-0.54,True,198.8,
1769846667.987,35.919817,139.835033,OK,18,0.7,-2.3,9.83,0.03,STABLE,-5.8,-8.6,(2, 3, 1, 0),False,13.2,WARN(CAL),0.00,-0.35,True,199.9,
1769846669.012,35.919950,139.835060,OK,18,0.7,-2.1,9.82,0.02,STABLE,-4.1,-6.9,(2, 3, 1, 0),False,15.0,WARN(CAL),0.00,-0.02,True,201.0,
1769846670.034,35.920055,139.835080,OK,18,0.7,-1.1,9.78,0.02,STABLE,-3.9,-7.1,(2, 3, 1, 0),False,11.8,WARN(CAL),0.00,-0.38,True,202.0,
1769846671.061,35.920175,139.835092,OK,18,0.7,-1.6,9.47,0.33,STABLE,-2.6,-6.1,(0, 3, 1, 0),False,13.4,WARN(CAL),0.00,-0.27,True,203.0,
1769846672.088,35.920297,139.835090,OK,19,0.7,-2.8,9.85,0.05,STABLE,-2.0,-5.2,(2, 3, 1, 0),False,13.5,WARN(CAL),0.00,-0.71,True,204.0,
1769846673.164,35.920425,139.835107,OK,20,0.7,-3.4,9.50,0.30,STABLE,-1.6,-4.9,(2, 3, 1, 0),False,14.3,WARN(CAL),0.00,-0.26,True,205.1,
1769846674.191,35.920545,139.835123,OK,20,0.7,-3.4,9.83,0.03,STABLE,-2.4,-3.0,(2, 3, 1, 0),False,13.4,WARN(CAL),0.00,-0.30,True,206.1,
1769846675.222,35.920678,139.835140,OK,19,0.7,-3.7,9.33,0.47,STABLE,-2.9,-2.1,(2, 3, 1, 0),False,14.9,WARN(CAL),0.00,-0.60,True,207.2,
1769846676.248,35.920798,139.835157,OK,19,0.7,-3.2,9.15,0.66,SHAKE,-3.1,-0.9,(0, 3, 1, 0),False,13.4,WARN(CAL),0.00,-0.68,True,208.2,
1769846677.274,35.920928,139.835175,OK,19,0.7,-3.8,9.74,0.07,STABLE,-3.2,0.0,(0, 3, 1, 0),False,14.5,WARN(CAL),0.00,-0.83,True,209.2,
1769846678.342,35.921048,139.835180,OK,19,0.7,-4.1,10.31,0.50,SHAKE,-3.0,0.6,(2, 3, 1, 0),False,13.4,WARN(CAL),0.00,-0.37,True,210.3,
1769846679.410,35.921172,139.835213,OK,19,0.7,-4.3,9.81,0.00,STABLE,-3.1,0.1,(2, 3, 1, 0),False,14.0,WARN(CAL),0.00,-0.70,True,211.4,
1769846680.494,35.921285,139.835225,OK,18,0.9,-3.8,9.58,0.22,STABLE,-3.5,-0.8,(2, 3, 1, 0),False,12.6,WARN(CAL),0.00,-0.80,True,212.4,
1769846681.523,35.921413,139.835253,OK,19,0.7,-3.7,9.90,0.09,STABLE,-3.3,-0.8,(2, 3, 1, 0),False,14.5,WARN(CAL),0.00,-0.75,True,213.5,
1769846682.553,35.921542,139.835287,OK,19,0.7,-4.0,9.76,0.04,STABLE,-3.2,-0.6,(2, 3, 1, 0),False,14.6,WARN(CAL),0.00,-0.61,True,214.5,
1769846683.582,35.921670,139.835305,OK,19,0.7,-4.0,9.81,0.01,STABLE,-3.9,-3.2,(2, 3, 1, 0),False,14.4,WARN(CAL),0.00,-0.71,True,215.5,
1769846684.618,35.921803,139.835327,OK,19,0.7,-5.0,9.78,0.03,STABLE,-4.1,-4.3,(2, 1, 2, 2),False,15.0,WARN(CAL),0.00,-0.74,True,216.6,
1769846685.688,35.921937,139.835345,OK,19,0.7,-5.0,9.76,0.05,STABLE,-4.1,-4.4,(2, 3, 1, 0),False,14.9,WARN(CAL),0.00,-0.74,True,217.6,
1769846686.758,35.922067,139.835370,OK,19,0.7,-4.1,9.79,0.02,STABLE,-4.1,-4.4,(2, 3, 1, 0),False,14.6,WARN(CAL),0.00,-0.75,True,218.7,
1769846687.822,35.922205,139.835387,OK,19,0.7,-4.0,9.77,0.04,STABLE,-4.1,-4.4,(2, 3, 1, 0),False,15.5,WARN(CAL),0.00,-0.74,True,219.8,
1769846688.910,35.922348,139.835405,OK,19,0.7,-3.7,9.78,0.03,STABLE,-4.1,-4.4,(2, 3, 1, 0),False,16.0,WARN(CAL),0.00,-0.73,True,220.9,
1769846689.938,35.922500,139.835423,OK,19,0.7,-4.3,9.79,0.02,STABLE,-4.1,-4.4,(2, 3, 1, 0),False,16.9,WARN(CAL),0.00,-0.75,True,221.9,
1769846690.970,35.922638,139.835462,OK,19,0.7,-3.3,9.78,0.03,STABLE,-4.1,-4.4,(2, 3, 1, 0),False,15.8,WARN(CAL),0.00,-0.74,True,222.9,
1769846691.997,35.922775,139.835472,OK,19,0.7,-3.8,9.77,0.04,STABLE,-4.1,-4.4,(2, 3, 1, 0),False,15.2,WARN(CAL),0.00,-0.76,True,223.9,
1769846693.029,35.922917,139.835490,OK,19,0.7,-5.0,9.76,0.05,STABLE,-4.1,2043.6,(0, 3, 1, 0),False,15.8,WARN(CAL),0.00,-0.75,True,225.0,
1769846694.100,35.923047,139.835510,OK,19,0.7,-4.2,9.77,0.04,STABLE,-4.1,-4.4,(0, 3, 1, 0),False,14.6,WARN(CAL),0.00,-0.75,True,226.0,
1769846695.173,35.923173,139.835523,OK,19,0.7,-4.4,9.78,0.03,STABLE,-4.1,-4.4,(2, 3, 1, 0),False,14.1,WARN(CAL),0.00,-0.77,True,227.1,
1769846696.242,35.923307,139.835535,OK,19,0.7,-4.9,9.77,0.03,STABLE,-4.1,-4.4,(2, 3, 1, 0),False,14.9,WARN(CAL),0.00,-0.75,True,228.2,
1769846697.315,35.923430,139.835543,OK,19,0.7,-4.4,9.79,0.02,STABLE,-4.1,-4.4,(2, 3, 1, 0),False,13.7,WARN(CAL),0.00,-0.73,True,229.3,
1769846698.399,35.923538,139.835555,OK,19,0.7,-4.3,9.80,0.01,STABLE,-4.1,-4.4,(0, 3, 1, 0),False,12.1,WARN(CAL),0.00,-0.71,True,230.3,
1769846699.482,35.923633,139.835563,OK,18,0.9,-4.9,9.82,0.01,STABLE,-5.0,-7.9,(2, 3, 1, 0),False,10.6,WARN(CAL),0.00,-1.02,True,231.4,
1769846700.548,35.923735,139.835567,OK,19,0.7,-5.0,9.54,0.26,STABLE,-5.4,-8.8,(2, 3, 1, 0),False,11.3,WARN(CAL),0.00,-1.00,True,232.5,
1769846701.620,35.923837,139.835578,OK,19,0.7,-4.7,9.97,0.17,STABLE,-5.1,-7.9,(2, 3, 1, 0),False,11.4,WARN(CAL),0.00,-0.63,True,233.6,
1769846702.693,35.923923,139.835590,OK,18,0.9,-3.4,9.80,0.00,STABLE,-4.4,-5.1,(2, 3, 1, 0),False,9.7,WARN(CAL),0.00,-0.74,True,234.6,
1769846703.768,35.924017,139.835603,OK,19,0.7,-3.6,9.91,0.10,STABLE,-4.3,-4.9,(2, 3, 1, 0),False,10.4,WARN(CAL),0.00,-0.67,True,235.7,
1769846704.836,35.924102,139.835617,OK,18,0.9,-3.1,9.90,0.09,STABLE,-3.9,-3.9,(0, 3, 1, 0),False,9.5,WARN(CAL),0.00,-0.48,True,236.8,
1769846705.864,35.924180,139.835627,OK,18,0.9,-2.1,9.90,0.09,STABLE,-3.7,-3.2,(2, 3, 1, 0),False,8.8,WARN(CAL),0.00,-0.48,True,237.8,
1769846706.892,35.924250,139.835632,OK,18,0.9,-1.9,10.06,0.25,STABLE,-3.7,-3.4,(0, 3, 1, 0),False,7.8,WARN(CAL),0.00,-0.76,True,238.8,
1769846707.920,35.924308,139.835640,OK,18,0.9,-1.7,9.80,0.01,STABLE,-3.9,-3.9,(2, 3, 1, 0),False,6.5,WARN(CAL),0.00,-0.68,True,239.9,
1769846708.948,35.924353,139.835647,OK,19,0.9,-1.6,9.73,0.08,STABLE,-3.9,-4.2,(2, 3, 1, 0),False,5.0,WARN(CAL),0.00,-0.71,True,240.9,
1769846710.034,35.924387,139.835653,OK,19,0.9,-1.2,9.79,0.02,STABLE,-3.9,-4.2,(2, 3, 1, 0),False,3.8,WARN(CAL),0.00,-0.71,True,242.0,
1769846711.109,35.924413,139.835660,OK,19,0.9,-1.5,9.82,0.02,STABLE,-4.5,-6.8,(2, 3, 1, 0),False,3.0,WARN(CAL),0.00,-0.86,True,243.1,
1769846712.173,35.924430,139.835665,OK,19,0.8,-1.6,9.92,0.11,STABLE,-5.0,-9.0,(2, 3, 1, 0),False,1.9,WARN(CAL),0.00,-0.69,True,244.1,
1769846713.248,35.924442,139.835667,OK,18,0.9,-1.9,9.89,0.09,STABLE,-4.6,-9.4,(2, 3, 1, 0),False,1.3,WARN(CAL),0.00,-0.57,True,245.2,
1769846714.273,35.924440,139.835670,OK,18,0.9,-2.2,10.28,0.48,STABLE,-1.6,-11.5,(2, 3, 1, 0),False,0.4,WARN(CAL),0.00,0.46,False,0.0,STOP_END
1769846715.293,35.924445,139.835668,OK,18,0.9,-2.3,10.20,0.40,STABLE,2.0,-12.9,(2, 3, 1, 0),False,0.6,WARN(CAL),0.00,1.27,True,0.0,STOP_START
1769846716.318,35.924448,139.835667,OK,19,0.8,-2.4,9.83,0.03,STABLE,1.4,-15.0,(2, 3, 1, 0),False,0.4,WARN(CAL),0.00,0.21,True,1.0,
1769846717.346,35.924448,139.835665,OK,19,0.8,-2.4,10.36,0.55,SHAKE,-1.2,-15.8,(2, 3, 1, 0),False,0.2,WARN(CAL),0.00,-0.25,True,2.1,
1769846718.424,35.924448,139.835665,OK,18,0.9,-2.4,10.21,0.41,STABLE,-2.5,-15.4,(2, 3, 1, 0),False,0.0,WARN(CAL),0.00,-0.96,True,3.1,
1769846719.485,35.924447,139.835665,OK,18,0.9,-2.5,10.35,0.54,SHAKE,-3.7,-15.1,(2, 3, 1, 0),False,0.2,WARN(CAL),0.00,-1.45,True,4.2,
1769846720.554,35.924447,139.835665,OK,18,0.9,-2.5,10.17,0.37,STABLE,-4.4,-13.6,(2, 3, 1, 0),False,0.0,WARN(CAL),0.00,-1.24,True,5.3,
1769846721.626,35.924448,139.835665,OK,17,0.9,-2.5,11.02,1.22,SHAKE,-4.6,-13.9,(2, 3, 1, 0),False,0.2,WARN(CAL),0.00,-0.99,True,6.3,
1769846722.702,35.924445,139.835663,OK,17,0.9,-2.6,9.69,0.12,STABLE,-4.9,-12.3,(2, 3, 1, 0),False,0.4,WARN(CAL),0.00,-1.14,True,7.4,
1769846723.734,35.924448,139.835663,OK,17,0.9,-2.5,10.44,0.64,SHAKE,-5.0,-11.9,(2, 3, 1, 0),False,0.4,WARN(CAL),0.00,-1.34,True,8.4,
1769846724.764,35.924447,139.835663,OK,17,0.9,-2.6,8.49,1.32,SHAKE,-4.6,-11.6,(2, 3, 1, 0),False,0.2,WARN(CAL),0.00,-1.59,True,9.5,
1769846725.792,35.924448,139.835665,OK,17,0.9,-2.6,9.89,0.09,STABLE,-3.9,-11.4,(2, 3, 1, 0),False,0.2,WARN(CAL),0.00,-0.55,True,10.5,
1769846726.819,35.924448,139.835665,OK,18,0.9,-2.6,9.95,0.14,STABLE,-2.9,-10.7,(0, 3, 1, 0),False,0.0,WARN(CAL),0.00,-0.37,True,11.5,
1769846727.903,35.924448,139.835665,OK,17,0.9,-2.6,9.14,0.67,SHAKE,-2.9,-10.7,(2, 3, 1, 0),False,0.0,WARN(CAL),0.00,-0.22,True,12.6,
1769846728.932,35.924447,139.835665,OK,17,0.9,-2.6,9.67,0.13,STABLE,-2.9,-10.5,(2, 3, 1, 0),False,0.2,WARN(CAL),0.00,0.17,True,13.6,
1769846729.958,35.924448,139.835663,OK,19,0.8,-2.6,10.31,0.50,STABLE,-2.6,-9.8,(2, 3, 1, 0),False,0.2,WARN(CAL),0.00,-0.20,True,14.7,
1769846730.981,35.924448,139.835662,OK,19,0.8,-2.6,10.13,0.32,STABLE,-2.4,-8.8,(0, 3, 1, 0),False,0.2,WARN(CAL),0.00,-0.86,True,15.7,
1769846732.012,35.924448,139.835662,OK,19,0.8,-2.6,9.91,0.10,STABLE,-2.8,-7.9,(2, 3, 1, 0),False,0.0,WARN(CAL),0.00,-0.90,True,16.7,
1769846733.093,35.924448,139.835660,OK,19,0.8,-2.6,326.62,316.81,IMPACT,-3.0,-7.3,(2, 3, 1, 0),False,0.2,WARN(CAL),0.00,326.49,False,0.0,STOP_END
1769846734.162,35.924448,139.835658,OK,19,0.8,-2.6,9.49,0.31,STABLE,,,(0, 3, 1, 0),False,0.2,WARN(CAL),0.00,-1.55,True,0.0,STOP_START
1769846735.243,35.924448,139.835658,OK,19,0.8,-2.6,10.20,0.39,STABLE,-4.6,-6.5,(0, 3, 1, 0),False,0.0,WARN(CAL),0.00,-1.56,True,1.1,
1769846736.325,35.924450,139.835658,OK,19,0.8,-2.6,9.50,0.30,STABLE,-5.4,-6.5,(2, 3, 1, 0),False,0.2,WARN(CAL),0.00,-1.89,True,2.2,
1769846737.395,35.924450,139.835660,OK,19,0.8,-2.6,9.26,0.54,SHAKE,-6.1,-6.7,(2, 3, 1, 0),False,0.2,WARN(CAL),0.00,-0.72,True,3.2,
1769846738.461,35.924450,139.835658,OK,19,0.8,-2.6,8.93,0.87,SHAKE,-4.8,-7.1,(2, 3, 1, 0),False,0.2,WARN(CAL),0.00,-0.55,True,4.3,
1769846739.543,35.924450,139.835657,OK,19,0.8,-2.6,9.67,0.14,STABLE,-3.3,-6.7,(2, 3, 1, 0),False,0.2,WARN(CAL),0.00,0.07,True,5.4,
1769846740.573,35.924448,139.835657,OK,19,0.8,-2.6,9.33,0.48,STABLE,-3.1,-6.4,(2, 3, 1, 0),False,0.2,WARN(CAL),0.00,-0.47,True,6.4,
1769846741.602,35.924448,139.835657,OK,19,0.8,-2.5,9.77,0.04,STABLE,-2.7,-5.4,(2, 3, 1, 0),False,0.0,WARN(CAL),0.00,-0.30,True,7.4,
1769846742.632,35.924447,139.835655,OK,19,0.8,-2.6,9.14,0.66,SHAKE,-1.2,-5.8,(2, 3, 1, 0),False,0.2,WARN(CAL),0.00,-0.06,True,8.5,
1769846743.659,35.924447,139.835655,OK,19,0.8,-2.5,10.79,0.98,SHAKE,-1.3,-6.1,(0, 3, 1, 0),False,0.0,WARN(CAL),0.00,-0.22,True,9.5,
1769846744.741,35.924447,139.835657,OK,19,0.8,-2.6,9.85,0.05,STABLE,-1.2,-6.1,(2, 3, 1, 0),False,0.2,WARN(CAL),0.00,-0.57,True,10.6,
1769846745.769,35.924448,139.835657,OK,19,0.8,-2.5,8.99,0.82,SHAKE,-1.2,-5.8,(2, 3, 1, 0),False,0.2,WARN(CAL),0.00,-0.44,True,11.6,
1769846746.800,35.924448,139.835657,OK,19,0.8,-2.5,10.15,0.34,STABLE,-2.1,-5.6,(0, 3, 1, 0),False,0.0,WARN(CAL),0.00,-0.52,True,12.6,
1769846747.831,35.924448,139.835657,OK,19,0.8,-2.5,9.51,0.29,STABLE,-1.9,-5.7,(2, 3, 1, 0),False,0.0,WARN(CAL),0.00,-0.37,True,13.7,
1769846748.860,35.924447,139.835657,OK,19,0.8,-2.5,9.14,0.67,SHAKE,-2.8,-5.6,(0, 3, 1, 0),False,0.2,WARN(CAL),0.00,-0.24,True,14.7,
1769846749.950,35.924445,139.835657,OK,19,0.8,-2.5,10.26,0.45,STABLE,-3.3,-5.2,(0, 3, 1, 0),False,0.2,WARN(CAL),0.00,-0.51,True,15.8,
1769846750.983,35.924443,139.835657,OK,19,0.8,-2.5,10.13,0.32,STABLE,-3.8,-4.7,(2, 3, 1, 0),False,0.2,WARN(CAL),0.00,-0.37,True,16.8,
1769846752.015,35.924442,139.835655,OK,19,0.8,-2.5,10.43,0.63,SHAKE,-2.9,-4.9,(2, 3, 1, 0),False,0.2,WARN(CAL),0.00,-0.31,True,17.9,
1769846753.045,35.924442,139.835655,OK,19,0.8,-2.5,11.11,1.31,SHAKE,-1.9,-4.4,(2, 3, 1, 0),False,0.0,WARN(CAL),0.00,0.37,False,0.0,STOP_END
1769846754.072,35.924443,139.835657,OK,19,0.8,-2.6,9.52,0.28,STABLE,-1.1,-4.6,(2, 3, 1, 0),False,0.2,WARN(CAL),0.00,0.26,True,0.0,STOP_START
1769846755.162,35.924443,139.835655,OK,19,0.8,-2.6,10.09,0.29,STABLE,-2.9,-4.0,(2, 3, 1, 0),False,0.2,WARN(CAL),0.00,-1.19,True,1.1,
1769846756.191,35.924443,139.835653,OK,19,0.8,-2.6,9.75,0.05,STABLE,-4.4,2043.2,(0, 3, 1, 0),False,0.2,WARN(CAL),0.00,-1.13,True,2.1,
1769846757.222,35.924442,139.835655,OK,19,0.8,-2.6,9.86,0.05,STABLE,-6.6,-5.7,(2, 3, 1, 0),False,0.2,WARN(CAL),0.00,-2.15,True,3.2,
1769846758.249,35.924442,139.835653,OK,19,0.8,-2.6,9.95,0.14,STABLE,-7.3,-6.7,(2, 3, 1, 0),False,0.2,WARN(CAL),0.00,-1.58,True,4.2,
1769846759.277,35.924443,139.835653,OK,18,0.8,-2.6,10.31,0.50,STABLE,-6.9,-7.3,(2, 3, 1, 0),False,0.2,WARN(CAL),0.00,-0.85,True,5.2,
1769846760.362,35.924440,139.835655,OK,18,0.8,-2.6,10.69,0.89,SHAKE,-8.2,-6.8,(2, 3, 1, 0),False,0.4,WARN(CAL),0.00,0.14,True,6.3,
1769846761.385,35.924438,139.835655,OK,18,0.8,-2.6,9.17,0.64,SHAKE,-9.0,-6.2,(2, 3, 1, 0),False,0.2,WARN(CAL),0.00,-0.01,True,7.3,
1769846762.411,35.924438,139.835657,OK,18,0.8,-2.6,11.64,1.84,SHAKE,-9.0,-6.1,(2, 3, 1, 0),False,0.2,WARN(CAL),0.00,-0.06,True,8.3,
1769846763.433,35.924440,139.835657,OK,18,0.8,-2.6,9.09,0.71,SHAKE,-8.9,-5.9,(2, 3, 1, 0),False,0.2,WARN(CAL),0.00,-0.94,True,9.4,
1769846764.464,35.924440,139.835658,OK,18,0.8,-2.6,9.20,0.61,SHAKE,-9.0,-5.0,(2, 3, 1, 0),False,0.2,WARN(CAL),0.00,-0.36,True,10.4,
1769846765.530,35.924442,139.835658,OK,18,0.8,-2.6,10.35,0.54,SHAKE,-6.9,-3.1,(2, 3, 1, 0),False,0.2,WARN(CAL),0.00,-0.09,True,11.5,
1769846766.603,35.924448,139.835660,OK,18,0.8,-2.6,9.92,0.12,STABLE,-5.8,-1.7,(0, 3, 1, 0),False,0.8,WARN(CAL),0.00,-0.37,True,12.5,
1769846767.631,35.924458,139.835662,OK,18,0.8,-2.6,10.13,0.32,STABLE,-3.5,0.1,(2, 3, 1, 0),False,1.1,WARN(CAL),0.00,0.10,True,13.6,
1769846768.662,35.924487,139.835665,OK,18,0.8,-2.7,9.87,0.07,STABLE,-0.1,-0.6,(2, 3, 1, 0),False,3.2,WARN(CAL),0.00,1.11,False,0.0,STOP_END
1769846769.692,35.924518,139.835667,OK,18,0.8,-2.8,9.85,0.04,STABLE,2.5,-1.8,(0, 3, 1, 0),False,3.5,WARN(CAL),0.00,0.88,True,0.0,STOP_START
1769846770.722,35.924552,139.835668,OK,18,0.8,-2.9,9.58,0.22,STABLE,6.0,-8.8,(2, 3, 1, 0),False,3.7,WARN(CAL),0.00,1.18,False,0.0,STOP_END
1769846771.804,35.924587,139.835658,OK,19,0.8,-3.2,10.16,0.35,STABLE,6.2,-13.1,(0, 3, 1, 0),False,4.0,WARN(CAL),0.00,1.58,True,0.0,STOP_START
1769846772.872,35.924613,139.835638,OK,19,0.8,-3.4,10.70,0.90,SHAKE,6.3,-15.9,(2, 3, 1, 0),False,3.5,WARN(CAL),0.00,2.01,False,0.0,STOP_END
1769846773.948,35.924638,139.835600,OK,19,0.8,-3.6,9.46,0.34,STABLE,2.9,-17.1,(0, 3, 1, 0),False,4.4,WARN(CAL),0.00,-0.42,True,0.0,STOP_START
1769846775.031,35.924645,139.835533,OK,20,0.7,-3.9,10.90,1.10,SHAKE,1.6,-17.1,(2, 3, 1, 0),False,6.0,WARN(CAL),0.00,-1.09,True,1.1,
1769846776.061,35.924652,139.835455,OK,21,0.7,-3.9,9.90,0.09,STABLE,0.5,-16.9,(2, 3, 1, 0),False,7.1,WARN(CAL),0.00,-0.83,True,2.1,
1769846777.092,35.924655,139.835372,OK,21,0.7,-4.3,9.55,0.26,STABLE,-0.2,-16.4,(2, 3, 1, 0),False,7.5,WARN(CAL),0.00,-0.86,True,3.1,
1769846778.119,35.924663,139.835275,OK,21,0.7,-4.8,9.63,0.17,STABLE,-0.9,-14.7,(0, 3, 1, 0),False,8.8,WARN(CAL),0.00,-0.58,True,4.2,
1769846779.145,35.924683,139.835175,OK,21,0.7,-5.3,8.22,1.58,SHAKE,-0.9,-14.3,(2, 3, 1, 0),False,9.3,WARN(CAL),0.00,-0.07,True,5.2,
1769846780.217,35.924712,139.835068,OK,19,0.7,-5.5,9.87,0.07,STABLE,-1.1,-13.6,(2, 3, 1, 0),False,10.1,WARN(CAL),0.00,-0.74,True,6.3,
1769846781.288,35.924742,139.834967,OK,20,0.7,-5.7,10.10,0.29,STABLE,-1.1,-13.4,(2, 3, 1, 0),False,9.7,WARN(CAL),0.00,-0.43,True,7.3,
1769846782.362,35.924775,139.834867,OK,18,0.7,-5.6,10.09,0.28,STABLE,-1.4,-12.9,(2, 3, 1, 0),False,9.7,WARN(CAL),0.00,-0.22,True,8.4,
1769846783.447,35.924812,139.834772,OK,19,0.7,-6.0,10.51,0.71,SHAKE,-1.3,-12.3,(2, 3, 1, 0),False,9.5,WARN(CAL),0.00,-0.71,True,9.5,
1769846784.532,35.924847,139.834683,OK,19,0.7,-6.4,9.29,0.51,SHAKE,-1.5,-11.9,(2, 3, 1, 0),False,8.9,WARN(CAL),0.00,-0.30,True,10.6,
1769846785.556,35.924878,139.834603,OK,19,0.7,-6.4,9.94,0.13,STABLE,-1.4,-11.2,(0, 3, 1, 0),False,8.0,WARN(CAL),0.00,0.02,True,11.6,
1769846786.584,35.924905,139.834533,OK,20,0.7,-6.9,9.71,0.10,STABLE,-1.6,-11.0,(2, 3, 1, 0),False,7.0,WARN(CAL),0.00,-0.49,True,12.6,
1769846787.610,35.924925,139.834472,OK,20,0.7,-7.0,326.83,317.02,IMPACT,-1.6,-10.4,(0, 3, 1, 0),False,6.0,WARN(CAL),0.00,-0.32,True,13.7,
1769846788.643,35.924940,139.834427,OK,20,0.7,-6.6,9.72,0.08,STABLE,-1.4,-9.9,(0, 3, 1, 0),False,4.4,WARN(CAL),0.00,-0.49,True,14.7,
1769846789.732,35.924955,139.834392,OK,20,0.7,-6.6,8.47,1.34,SHAKE,-1.5,-9.6,(2, 3, 1, 0),False,3.6,WARN(CAL),0.00,-0.57,True,15.8,
1769846790.764,35.924963,139.834363,OK,20,0.7,-6.7,9.79,0.01,STABLE,-1.4,-9.4,(2, 3, 1, 0),False,2.7,WARN(CAL),0.00,-0.22,True,16.8,
1769846791.788,35.924970,139.834342,OK,20,0.7,-6.5,10.38,0.58,SHAKE,-1.4,-7.9,(2, 3, 1, 0),False,2.1,WARN(CAL),0.00,-0.18,True,17.8,
1769846792.815,35.924977,139.834332,OK,20,0.7,-6.6,8.95,0.86,SHAKE,-1.2,-7.2,(0, 3, 1, 0),False,1.2,WARN(CAL),0.00,-0.25,True,18.9,
1769846793.848,35.924980,139.834327,OK,21,0.7,-6.5,8.94,0.87,SHAKE,-1.1,-6.7,(2, 3, 1, 0),False,0.6,WARN(CAL),0.00,-0.43,True,19.9,
1769846794.912,35.924982,139.834327,OK,21,0.7,-6.7,10.65,0.84,SHAKE,-1.4,-6.8,(2, 3, 1, 0),False,0.2,WARN(CAL),0.00,-0.53,True,21.0,
1769846796.005,35.924980,139.834327,OK,21,0.7,-6.6,9.72,0.09,STABLE,-1.7,-6.8,(2, 3, 1, 0),False,0.2,WARN(CAL),0.00,-0.72,True,22.1,
1769846797.087,35.924978,139.834327,OK,21,0.7,-6.4,9.34,0.46,STABLE,-1.4,-7.0,(0, 3, 1, 0),False,0.2,WARN(CAL),0.00,0.34,False,0.0,STOP_END
1769846798.166,35.924978,139.834328,OK,21,0.7,-6.6,10.05,0.24,STABLE,-1.5,-6.0,(2, 3, 1, 0),False,0.2,WARN(CAL),0.00,0.14,True,0.0,STOP_START
1769846799.188,35.924978,139.834327,OK,21,0.7,-6.6,9.66,0.15,STABLE,-1.3,-4.8,(2, 3, 1, 0),False,0.2,WARN(CAL),0.00,-0.36,True,1.0,
1769846800.220,35.924980,139.834327,OK,21,0.7,-6.7,9.77,0.03,STABLE,-1.1,-3.4,(0, 3, 1, 0),False,0.2,WARN(CAL),0.00,0.11,True,2.1,
1769846801.248,35.924980,139.834325,OK,21,0.7,-6.7,9.43,0.38,STABLE,-0.6,-2.9,(2, 3, 1, 0),False,0.2,WARN(CAL),0.00,0.57,False,0.0,STOP_END
1769846802.278,35.924982,139.834325,OK,20,0.7,-6.7,9.51,0.29,STABLE,6.2,-4.2,(2, 3, 1, 0),False,0.2,WARN(CAL),0.00,2.05,True,0.0,STOP_START
1769846803.351,35.924983,139.834323,OK,19,0.7,-6.7,9.54,0.27,STABLE,6.2,-8.2,(2, 3, 1, 0),False,0.2,WARN(CAL),0.00,1.54,False,0.0,STOP_END
1769846804.436,35.924982,139.834325,OK,19,0.7,-6.7,9.76,0.05,STABLE,4.6,-11.4,(2, 3, 1, 0),False,0.2,WARN(CAL),0.00,1.95,True,0.0,STOP_START
1769846805.521,35.924982,139.834325,OK,19,0.7,-6.7,9.44,0.37,STABLE,4.8,-14.2,(2, 3, 1, 0),False,0.0,WARN(CAL),0.00,1.52,False,0.0,STOP_END
1769846806.574,35.924982,139.834323,OK,19,0.7,-6.7,9.61,0.20,STABLE,2.3,-15.2,(0, 3, 1, 0),False,0.2,WARN(CAL),0.00,0.21,True,0.0,STOP_START
1769846807.662,35.924983,139.834323,OK,19,0.7,-6.7,9.68,0.13,STABLE,-0.8,-14.9,(2, 3, 1, 0),False,0.2,WARN(CAL),0.00,-1.19,True,1.1,
1769846808.687,35.924983,139.834323,OK,19,0.7,-6.7,10.19,0.38,STABLE,-1.5,-14.4,(0, 3, 1, 0),False,0.0,WARN(CAL),0.00,-1.42,True,2.1,
1769846809.720,35.924980,139.834323,OK,18,0.7,-6.7,10.41,0.60,SHAKE,-1.6,-14.4,(2, 3, 1, 0),False,0.4,WARN(CAL),0.00,-1.34,True,3.1,
1769846810.744,35.924978,139.834322,OK,19,0.7,-6.7,9.25,0.56,SHAKE,-1.4,-14.6,(2, 3, 1, 0),False,0.2,WARN(CAL),0.00,-0.68,True,4.2,
1769846811.772,35.924980,139.834315,OK,19,0.7,-6.7,9.34,0.47,STABLE,-1.7,-14.2,(2, 3, 1, 0),False,0.6,WARN(CAL),0.00,-0.59,True,5.2,
1769846812.851,35.924980,139.834305,OK,19,0.7,-6.7,9.43,0.37,STABLE,-2.2,-13.9,(2, 3, 1, 0),False,0.9,WARN(CAL),0.00,-0.88,True,6.3,
1769846813.881,35.924985,139.834290,OK,19,0.7,-6.7,10.15,0.34,STABLE,-2.5,-12.9,(2, 3, 1, 0),False,1.5,WARN(CAL),0.00,-0.25,True,7.3,
1769846814.907,35.924983,139.834270,OK,19,0.7,-6.7,9.92,0.11,STABLE,-2.6,-12.6,(2, 3, 1, 0),False,1.8,WARN(CAL),0.00,-0.43,True,8.3,
1769846815.937,35.924985,139.834253,OK,19,0.7,-6.7,9.73,0.07,STABLE,-2.8,-12.3,(2, 3, 1, 0),False,1.5,WARN(CAL),0.00,-0.49,True,9.4,
1769846816.967,35.924988,139.834240,OK,20,0.7,-6.6,9.68,0.13,STABLE,-3.3,-12.1,(0, 3, 1, 0),False,1.3,WARN(CAL),0.00,-0.97,True,10.4,
1769846818.039,35.924988,139.834227,OK,21,0.7,-6.6,10.63,0.82,SHAKE,-3.2,-11.8,(2, 3, 1, 0),False,1.2,WARN(CAL),0.00,-0.64,True,11.5,
1769846819.112,35.924988,139.834218,OK,21,0.7,-6.6,10.58,0.77,SHAKE,-3.4,-11.9,(0, 3, 1, 0),False,0.8,WARN(CAL),0.00,-0.80,True,12.5,
1769846820.201,35.924987,139.834217,OK,21,0.7,-6.6,10.01,0.21,STABLE,-3.4,-11.4,(2, 3, 1, 0),False,0.2,WARN(CAL),0.00,-0.48,True,13.6,
1769846821.286,35.924985,139.834213,OK,21,0.7,-6.6,10.56,0.76,SHAKE,-3.4,-11.1,(2, 3, 1, 0),False,0.4,WARN(CAL),0.00,-0.94,True,14.7,
1769846822.374,35.924983,139.834213,OK,21,0.7,-6.6,9.33,0.48,STABLE,-2.7,-11.0,(2, 3, 1, 0),False,0.2,WARN(CAL),0.00,-0.41,True,15.8,
1769846823.406,35.924982,139.834213,OK,21,0.7,-6.6,9.13,0.67,SHAKE,-1.6,-10.8,(0, 3, 1, 0),False,0.2,WARN(CAL),0.00,-0.56,True,16.8,
1769846824.433,35.924983,139.834203,OK,21,0.7,-6.6,10.03,0.22,STABLE,-1.6,-10.1,(2, 3, 1, 0),False,0.9,WARN(CAL),0.00,-0.70,True,17.9,
1769846825.462,35.924995,139.834185,OK,21,0.7,-6.7,11.26,1.46,SHAKE,-1.6,-10.1,(2, 3, 1, 0),False,2.1,WARN(CAL),0.00,-0.38,True,18.9,
1769846826.488,35.925002,139.834165,OK,21,0.7,-6.7,9.34,0.47,STABLE,-1.5,-9.3,(2, 3, 1, 0),False,1.9,WARN(CAL),0.00,-0.54,True,19.9,
1769846827.551,35.925025,139.834142,OK,21,0.7,-6.7,10.29,0.49,STABLE,-1.4,-9.1,(2, 3, 1, 0),False,3.3,WARN(CAL),0.00,-0.13,True,21.0,
1769846828.625,35.925048,139.834118,OK,21,0.7,-6.7,11.18,1.37,SHAKE,-1.2,-8.9,(2, 3, 1, 0),False,3.3,WARN(CAL),0.00,-0.37,True,22.1,
1769846829.707,35.925088,139.834120,OK,20,0.7,-6.7,8.50,1.31,SHAKE,-1.4,-8.9,(2, 3, 1, 0),False,4.5,WARN(CAL),0.00,-0.46,True,23.1,
1769846830.776,35.925140,139.834127,OK,20,0.7,-6.7,9.32,0.49,STABLE,-1.3,-8.7,(3, 3, 1, 0),False,5.8,WARN(CAL),0.00,-0.88,True,24.2,
1769846831.861,35.925208,139.834147,OK,19,0.8,-6.6,9.46,0.35,STABLE,-1.3,-8.4,(3, 3, 1, 0),False,7.8,WARN(CAL),0.00,-0.52,True,25.3,
1769846832.893,35.925288,139.834177,OK,19,0.8,-6.8,10.33,0.53,SHAKE,-1.4,-7.7,(3, 3, 1, 0),False,9.3,WARN(CAL),0.00,-0.27,True,26.3,
1769846833.920,35.925387,139.834208,OK,19,0.8,-6.8,10.52,0.72,SHAKE,-1.1,-7.7,(3, 3, 1, 0),False,11.3,WARN(CAL),0.00,0.08,True,27.3,
1769846834.949,35.925498,139.834258,OK,18,0.8,-5.9,11.19,1.38,SHAKE,-1.1,-7.6,(3, 3, 1, 0),False,13.2,WARN(CAL),0.00,-0.35,True,28.4,
1769846835.981,35.925615,139.834298,OK,19,0.8,-5.6,10.61,0.81,SHAKE,-0.9,-7.4,(3, 3, 1, 0),False,13.5,WARN(CAL),0.00,-0.12,True,29.4,
1769846837.067,35.925727,139.834325,OK,18,0.8,-5.4,9.91,0.10,STABLE,-1.1,-7.2,(3, 3, 1, 0),False,12.6,WARN(CAL),0.00,-0.14,True,30.5,
1769846838.101,35.925840,139.834345,OK,19,0.8,-5.2,11.56,1.75,SHAKE,-1.2,-7.0,(3, 3, 1, 0),False,12.7,WARN(CAL),0.00,-1.44,True,31.5,
1769846839.135,35.925950,139.834360,OK,19,0.8,-5.2,11.00,1.19,SHAKE,-1.2,-6.9,(3, 3, 1, 0),False,12.3,WARN(CAL),0.00,-0.06,True,32.6,
1769846840.169,35.926080,139.834375,OK,19,0.8,-4.8,10.91,1.10,SHAKE,-1.3,-6.7,(3, 3, 1, 0),False,14.5,WARN(CAL),0.00,-0.71,True,33.6,
1769846841.198,35.926207,139.834402,OK,19,0.8,-4.7,8.59,1.21,SHAKE,-1.2,-6.6,(1, 3, 1, 0),False,14.3,WARN(CAL),0.00,-0.61,True,34.6,
1769846842.282,35.926322,139.834435,OK,18,0.8,-5.5,11.02,1.21,SHAKE,-1.2,-6.6,(3, 3, 1, 0),False,13.1,WARN(CAL),0.00,0.10,True,35.7,
1769846843.313,35.926450,139.834453,OK,17,0.8,-5.4,9.79,0.02,STABLE,-1.1,-6.3,(3, 3, 1, 0),False,14.4,WARN(CAL),0.00,-0.39,True,36.7,
1769846844.344,35.926575,139.834480,OK,18,0.7,-5.7,10.08,0.28,STABLE,-1.1,-6.4,(3, 3, 1, 0),False,14.1,WARN(CAL),0.00,-0.24,True,37.8,
1769846845.372,35.926690,139.834507,OK,17,0.8,-6.5,12.20,2.40,IMPACT,-1.2,-6.4,(3, 3, 1, 0),False,13.0,WARN(CAL),0.00,0.18,True,38.8,
1769846846.403,35.926785,139.834480,OK,17,0.8,-7.6,9.73,0.07,STABLE,-0.8,-6.1,(3, 3, 1, 0),False,10.8,WARN(CAL),0.00,-0.11,True,39.8,
1769846847.483,35.926907,139.834495,OK,17,0.8,-8.0,10.35,0.54,SHAKE,-1.1,-5.2,(3, 3, 1, 0),False,13.6,WARN(CAL),0.00,-0.33,True,40.9,
1769846848.560,35.927012,139.834523,OK,17,0.8,-6.6,10.10,0.29,STABLE,-1.1,-5.1,(1, 3, 1, 0),False,12.0,WARN(CAL),0.00,-0.52,True,42.0,
1769846849.632,35.927123,139.834492,OK,18,0.7,-6.3,10.03,0.22,STABLE,-0.9,-4.8,(3, 3, 1, 0),False,12.7,WARN(CAL),0.00,-0.44,True,43.1,
1769846850.710,35.927252,139.834507,OK,18,0.7,-5.5,9.76,0.04,STABLE,-0.8,-4.6,(1, 3, 1, 0),False,14.3,WARN(CAL),0.00,-0.64,True,44.1,
1769846851.802,35.927345,139.834423,OK,17,0.7,-4.6,9.32,0.49,STABLE,-0.7,-4.4,(3, 3, 1, 0),False,12.8,WARN(CAL),0.00,-0.08,True,45.2,
1769846852.836,35.927450,139.834403,OK,18,0.7,-5.7,8.46,1.34,SHAKE,-1.1,-3.9,(3, 3, 1, 0),False,11.8,WARN(CAL),0.00,-0.01,True,46.3,
1769846853.870,35.927563,139.834368,OK,17,0.7,-6.0,10.52,0.71,SHAKE,-0.9,-4.0,(3, 3, 1, 0),False,13.0,WARN(CAL),0.00,-0.31,True,47.3,
1769846854.902,35.927682,139.834333,OK,17,0.7,-5.7,10.90,1.09,SHAKE,-0.9,-4.3,(2, 3, 1, 0),False,13.5,WARN(CAL),0.00,-0.53,True,48.3,
1769846855.930,35.927795,139.834265,OK,17,0.8,-6.6,10.33,0.53,SHAKE,-1.1,-3.7,(3, 3, 1, 0),False,14.0,WARN(CAL),0.00,-0.22,True,49.4,
1769846857.015,35.927913,139.834222,OK,18,0.7,-8.5,10.09,0.28,STABLE,-0.9,-2.6,(1, 3, 1, 0),False,13.7,WARN(CAL),0.00,-0.28,True,50.4,
1769846858.103,35.928022,139.834195,OK,18,0.7,-7.9,9.92,0.11,STABLE,-1.2,-2.2,(3, 3, 1, 0),False,12.3,WARN(CAL),0.00,-0.31,True,51.5,
1769846859.133,35.928127,139.834117,OK,18,0.7,-9.1,9.78,0.02,STABLE,-1.7,-1.1,(3, 3, 1, 0),False,13.6,WARN(CAL),0.00,-0.44,True,52.6,
1769846860.166,35.928252,139.834067,OK,18,0.7,-7.3,10.04,0.24,STABLE,-2.2,0.8,(3, 3, 1, 0),False,14.6,WARN(CAL),0.00,-0.73,True,53.6,
1769846861.197,35.928372,139.834027,OK,18,0.7,-6.3,10.01,0.20,STABLE,-2.2,1.5,(3, 3, 1, 0),False,13.8,WARN(CAL),0.00,-0.74,True,54.6,
1769846862.233,35.928467,139.833980,OK,19,0.7,-6.7,9.69,0.11,STABLE,-2.6,0.4,(3, 3, 1, 0),False,11.4,WARN(CAL),0.00,-0.59,True,55.7,
1769846863.317,35.928567,139.833900,OK,19,0.7,-7.2,9.93,0.12,STABLE,-3.0,-0.4,(3, 3, 1, 0),False,13.2,WARN(CAL),0.00,-0.72,True,56.7,
1769846864.350,35.928682,139.833847,OK,18,0.7,-5.4,9.82,0.02,STABLE,,,(3, 3, 1, 0),False,13.7,WARN(CAL),0.00,-0.62,True,57.8,
1769846865.383,35.928790,139.833790,OK,20,0.7,-4.5,9.81,0.01,STABLE,-3.9,-3.4,(3, 3, 1, 0),False,13.1,WARN(CAL),0.00,-0.80,True,58.8,
1769846866.410,35.928887,139.833707,OK,20,0.7,-5.5,9.78,0.03,STABLE,-4.2,-4.8,(1, 3, 1, 0),False,13.1,WARN(CAL),0.00,-0.74,True,59.8,
1769846867.437,35.928988,139.833640,OK,19,0.7,-5.0,9.77,0.04,STABLE,-4.4,-5.1,(3, 3, 1, 0),False,12.8,WARN(CAL),0.00,-0.77,True,60.9,
1769846868.515,35.929097,139.833595,OK,19,0.7,-3.5,9.76,0.04,STABLE,-4.4,-5.1,(1, 3, 1, 0),False,12.7,WARN(CAL),0.00,-0.78,True,61.9,
1769846869.573,35.929203,139.833537,OK,19,0.7,-3.3,9.79,0.02,STABLE,-4.4,-5.1,(3, 3, 1, 0),False,13.0,WARN(CAL),0.00,-0.76,True,63.0,
1769846870.645,35.929280,139.833452,OK,20,0.7,-4.8,9.78,0.02,STABLE,-4.4,-5.1,(3, 3, 1, 0),False,11.5,WARN(CAL),0.00,-0.77,True,64.1,
1769846871.720,35.929348,139.833352,OK,20,0.7,-6.3,9.77,0.04,STABLE,-4.4,-5.1,(3, 3, 1, 0),False,11.8,WARN(CAL),0.00,-0.76,True,65.1,
1769846872.803,35.929408,139.833248,OK,20,0.7,-6.1,9.77,0.04,STABLE,-4.4,-5.1,(3, 3, 1, 0),False,11.4,WARN(CAL),0.00,-0.76,True,66.2,
1769846873.900,35.929487,139.833127,OK,20,0.7,-6.6,9.79,0.01,STABLE,-4.4,-5.1,(3, 3, 1, 0),False,14.0,WARN(CAL),0.00,-0.76,True,67.3,
1769846874.928,35.929552,139.833012,OK,20,0.7,-8.0,9.76,0.05,STABLE,-4.4,-5.1,(1, 3, 1, 0),False,12.6,WARN(CAL),0.00,-0.77,True,68.4,
1769846875.958,35.929600,139.832885,OK,20,0.7,-7.9,9.76,0.05,STABLE,-4.4,-5.1,(3, 3, 1, 0),False,12.6,WARN(CAL),0.00,-0.79,True,69.4,
1769846876.987,35.929655,139.832758,OK,19,0.8,-6.9,9.80,0.01,STABLE,-4.4,-5.1,(3, 3, 1, 0),False,12.9,WARN(CAL),0.00,-0.78,True,70.4,
1769846878.020,35.929698,139.832647,OK,17,0.8,-6.8,9.77,0.04,STABLE,-4.4,-5.1,(3, 3, 1, 0),False,11.1,WARN(CAL),0.00,-0.76,True,71.4,
1769846879.103,35.929742,139.832542,OK,19,0.8,-6.6,9.77,0.04,STABLE,-4.4,-5.1,(3, 3, 1, 0),False,10.6,WARN(CAL),0.00,-0.76,True,72.5,
1769846880.192,35.929810,139.832442,OK,19,0.8,-5.4,9.81,0.01,STABLE,-4.4,-5.1,(3, 3, 1, 0),False,11.8,WARN(CAL),0.00,-0.78,True,73.6,
1769846881.222,35.929860,139.832357,OK,18,0.8,-5.1,9.77,0.04,STABLE,-4.4,-5.1,(3, 3, 1, 0),False,9.5,WARN(CAL),0.00,-0.76,True,74.6,
1769846882.253,35.929890,139.832268,OK,20,0.8,-4.8,9.76,0.04,STABLE,-4.4,-5.1,(3, 3, 1, 0),False,8.6,WARN(CAL),0.00,-0.78,True,75.7,
1769846883.284,35.929913,139.832188,OK,20,0.8,-4.5,9.78,0.03,STABLE,-4.4,-5.1,(3, 3, 1, 0),False,7.7,WARN(CAL),0.00,-0.76,True,76.7,
1769846884.316,35.929953,139.832137,OK,20,0.8,-4.4,9.78,0.03,STABLE,-4.4,-5.1,(3, 3, 1, 0),False,6.4,WARN(CAL),0.00,-0.76,True,77.7,
1769846885.401,35.929990,139.832115,OK,20,0.8,-5.0,9.78,0.02,STABLE,-4.4,-5.1,(3, 3, 1, 0),False,4.5,WARN(CAL),0.00,-0.78,True,78.8,
1769846886.432,35.930030,139.832103,OK,19,0.8,-4.8,9.78,0.03,STABLE,-4.4,-5.1,(3, 3, 1, 0),False,4.6,WARN(CAL),0.00,-0.78,True,79.9,
1769846887.466,35.930063,139.832105,OK,20,0.8,-5.4,9.77,0.04,STABLE,-4.4,-5.1,(3, 3, 1, 0),False,3.7,WARN(CAL),0.00,-0.77,True,80.9,
1769846888.499,35.930112,139.832133,OK,19,0.8,-5.0,9.77,0.03,STABLE,-4.4,-5.1,(1, 3, 1, 0),False,5.9,WARN(CAL),0.00,-0.76,True,81.9,
1769846889.522,35.930157,139.832183,OK,19,0.8,-5.2,9.79,0.01,STABLE,-4.4,-5.1,(3, 3, 1, 0),False,6.7,WARN(CAL),0.00,-0.77,True,82.9,
1769846890.619,35.930198,139.832260,OK,19,0.8,-5.7,9.76,0.05,STABLE,-4.4,-5.1,(3, 3, 1, 0),False,8.3,WARN(CAL),0.00,-0.75,True,84.0,
1769846891.713,35.930253,139.832360,OK,19,0.8,-5.9,8.51,1.30,SHAKE,-4.4,-5.1,(3, 3, 1, 0),False,10.9,WARN(CAL),0.00,-0.76,True,85.1,
1769846892.738,35.930322,139.832478,OK,19,0.8,-6.0,9.81,0.00,STABLE,-4.4,-5.1,(1, 3, 1, 0),False,13.1,WARN(CAL),0.00,-0.78,True,86.2,
1769846893.765,35.930393,139.832630,OK,19,0.8,-4.7,9.82,0.01,STABLE,-4.4,-5.1,(3, 3, 1, 0),False,15.8,WARN(CAL),0.00,-0.77,True,87.2,
1769846894.796,35.930478,139.832770,OK,19,0.8,-3.9,9.77,0.04,STABLE,-4.4,-5.1,(3, 3, 1, 0),False,15.8,WARN(CAL),0.00,-0.78,True,88.2,
1769846895.827,35.930563,139.832918,OK,19,0.8,-4.4,9.77,0.03,STABLE,-4.4,-5.1,(1, 3, 1, 0),False,16.4,WARN(CAL),0.00,-0.77,True,89.3,
1769846896.898,35.930642,139.833060,OK,19,0.8,-4.8,9.76,0.04,STABLE,-4.4,2042.9,(1, 3, 1, 0),False,15.4,WARN(CAL),0.00,-0.79,True,90.3,
1769846897.929,35.930728,139.833202,OK,19,0.8,-5.5,9.77,0.04,STABLE,-4.4,-5.1,(3, 3, 1, 0),False,16.0,WARN(CAL),0.00,-0.78,True,91.4,
1769846898.959,35.930815,139.833345,OK,19,0.8,-5.6,9.81,0.00,STABLE,-4.4,-5.1,(3, 3, 1, 0),False,16.1,WARN(CAL),0.00,-0.76,True,92.4,
1769846899.992,35.930905,139.833495,OK,19,0.8,-6.5,9.79,0.02,STABLE,-4.4,-5.1,(3, 3, 1, 0),False,16.8,WARN(CAL),0.00,-0.77,True,93.4,
1769846901.020,35.931003,139.833643,OK,18,0.8,-7.7,9.73,0.08,STABLE,-4.4,-5.1,(3, 3, 1, 0),False,17.3,WARN(CAL),0.00,-0.78,True,94.4,
1769846902.092,35.931092,139.833792,OK,19,0.7,-8.8,9.72,0.09,STABLE,-4.4,-5.1,(1, 3, 1, 0),False,16.6,WARN(CAL),0.00,-0.79,True,95.5,
1769846903.173,35.931183,139.833945,OK,19,0.7,-9.9,9.75,0.06,STABLE,-4.4,-5.1,(3, 3, 1, 0),False,17.2,WARN(CAL),0.00,-0.78,True,96.6,
1769846904.250,35.931278,139.834093,OK,19,0.7,-10.2,9.81,0.00,STABLE,-4.4,-5.1,(3, 3, 1, 0),False,17.0,WARN(CAL),0.00,-0.79,True,97.7,
1769846905.335,35.931373,139.834237,OK,18,0.7,-10.5,9.75,0.05,STABLE,-4.4,-5.1,(3, 3, 1, 0),False,16.7,WARN(CAL),0.00,-0.79,True,98.8,
1769846906.367,35.931467,139.834382,OK,20,0.7,-10.4,9.84,0.03,STABLE,-4.4,-5.1,(3, 3, 1, 0),False,16.7,WARN(CAL),0.00,-0.76,True,99.8,
1769846907.395,35.931548,139.834530,OK,20,0.7,-11.0,9.77,0.04,STABLE,-4.4,-5.1,(1, 3, 1, 0),False,16.2,WARN(CAL),0.00,-0.79,True,100.8,
1769846908.429,35.931618,139.834658,OK,21,0.7,-11.2,9.78,0.03,STABLE,-4.4,-5.1,(3, 3, 1, 0),False,13.9,WARN(CAL),0.00,-0.76,True,101.9,
1769846909.455,35.931698,139.834782,OK,21,0.7,-11.0,9.75,0.05,STABLE,-4.4,-5.1,(3, 3, 1, 0),False,14.2,WARN(CAL),0.00,-0.80,True,102.9,
1769846910.544,35.931775,139.834900,OK,21,0.7,-10.3,9.76,0.05,STABLE,-4.4,-5.1,(3, 3, 1, 0),False,13.6,WARN(CAL),0.00,-0.77,True,104.0,
1769846911.575,35.931870,139.835023,OK,20,0.7,-10.6,9.77,0.04,STABLE,-4.4,-5.1,(2, 3, 2, 2),True,15.3,OK,0.00,-0.76,True,105.0,
1769846912.606,35.931962,139.835135,OK,20,0.7,-9.7,9.77,0.04,STABLE,-4.4,-5.1,(3, 3, 1, 0),False,14.3,WARN(CAL),0.00,-0.79,True,106.0,
1769846913.644,35.932042,139.835242,OK,20,0.7,-9.4,9.76,0.05,STABLE,-4.4,-5.1,(3, 3, 1, 0),False,13.1,WARN(CAL),0.00,-0.76,True,107.1,
1769846914.669,35.932115,139.835342,OK,20,0.7,-7.9,9.76,0.05,STABLE,-4.4,-5.1,(1, 3, 1, 0),False,12.1,WARN(CAL),0.00,-0.77,True,108.1,
1769846915.759,35.932185,139.835435,OK,19,0.7,-6.6,9.80,0.01,STABLE,-4.4,-5.1,(1, 3, 1, 0),False,11.5,WARN(CAL),0.00,-0.76,True,109.2,
1769846916.789,35.932232,139.835518,OK,19,0.7,-5.6,9.95,0.14,STABLE,-6.2,-13.1,(3, 3, 1, 0),False,9.1,WARN(CAL),0.00,-1.12,True,110.2,
1769846917.822,35.932272,139.835597,OK,19,0.7,-5.3,10.00,0.19,STABLE,-6.8,-15.1,(0, 3, 1, 0),False,8.3,WARN(CAL),0.00,-1.38,True,111.2,
1769846918.858,35.932303,139.835662,OK,20,0.7,-5.8,10.13,0.32,STABLE,-6.8,-14.4,(2, 3, 1, 0),False,6.8,WARN(CAL),0.00,-1.19,True,112.3,
1769846919.879,35.932303,139.835722,OK,20,0.7,-6.5,9.82,0.01,STABLE,-6.8,-13.8,(2, 3, 1, 0),False,5.4,WARN(CAL),0.00,-0.95,True,113.3,
1769846920.965,35.932290,139.835782,OK,20,0.7,-6.8,13.09,3.29,IMPACT,-6.8,-13.2,(2, 3, 1, 0),False,5.6,WARN(CAL),0.00,-0.45,True,114.4,
1769846922.045,35.932253,139.835833,OK,20,0.7,-6.8,9.06,0.75,SHAKE,-6.8,-12.2,(2, 3, 1, 0),False,6.2,WARN(CAL),0.00,-1.96,True,115.5,
1769846923.073,35.932203,139.835873,OK,20,0.7,-6.8,10.19,0.38,STABLE,-6.6,-11.4,(2, 3, 1, 0),False,6.6,WARN(CAL),0.00,-1.67,True,116.5,
1769846924.104,35.932128,139.835895,OK,20,0.7,-6.8,11.12,1.31,SHAKE,-5.5,-10.6,(2, 3, 1, 0),False,8.6,WARN(CAL),0.00,-0.90,True,117.5,
1769846925.136,35.932040,139.835913,OK,19,0.7,-6.6,9.85,0.04,STABLE,-4.4,-9.9,(2, 3, 1, 0),False,10.0,WARN(CAL),0.00,-0.25,True,118.6,
1769846926.165,35.931935,139.835938,OK,20,0.7,-6.6,9.88,0.08,STABLE,-3.8,-9.8,(2, 3, 1, 0),False,11.9,WARN(CAL),0.00,-0.09,True,119.6,
1769846927.237,35.931813,139.835955,OK,20,0.7,-5.4,9.56,0.25,STABLE,-3.6,-9.5,(2, 3, 1, 0),False,13.6,WARN(CAL),0.00,-0.36,True,120.7,
1769846928.270,35.931677,139.835973,OK,20,0.7,-5.9,8.53,1.28,SHAKE,-3.8,-9.2,(2, 3, 1, 0),False,15.3,WARN(CAL),0.00,-0.05,True,121.7,
1769846929.303,35.931532,139.836003,OK,19,0.7,-5.9,10.48,0.67,SHAKE,-3.7,-9.0,(3, 3, 1, 0),False,16.3,WARN(CAL),0.00,-0.27,True,122.7,
1769846930.334,35.931383,139.836033,OK,19,0.7,-5.8,8.99,0.81,SHAKE,-3.6,-8.4,(1, 3, 1, 0),False,16.7,WARN(CAL),0.00,-0.32,True,123.8,
1769846931.369,35.931243,139.836067,OK,19,0.7,-5.9,8.87,0.94,SHAKE,-3.2,-7.9,(3, 3, 1, 0),False,15.9,WARN(CAL),0.00,-0.59,True,124.8,
1769846932.445,35.931102,139.836107,OK,21,0.7,-5.2,9.49,0.31,STABLE,-3.4,-7.4,(3, 3, 1, 0),False,16.2,WARN(CAL),0.00,-0.67,True,125.9,
1769846933.470,35.930943,139.836138,OK,21,0.7,-5.2,10.37,0.56,SHAKE,-3.3,-6.8,(3, 3, 1, 0),False,17.8,WARN(CAL),0.00,0.71,False,0.0,STOP_END
1769846934.492,35.930788,139.836162,OK,21,0.7,-5.5,8.97,0.84,SHAKE,,,(3, 3, 1, 0),False,17.4,WARN(CAL),0.00,-0.05,True,0.0,STOP_START
1769846935.526,35.930645,139.836182,OK,21,0.7,-5.3,10.79,0.98,SHAKE,-3.3,-5.9,(3, 3, 1, 0),False,16.0,WARN(CAL),0.00,-0.62,True,1.0,
1769846936.557,35.930497,139.836182,OK,21,0.7,-5.8,10.37,0.56,SHAKE,-3.2,-5.4,(3, 3, 1, 0),False,16.5,WARN(CAL),0.00,-0.67,True,2.1,
1769846937.617,35.930350,139.836185,OK,21,0.7,-5.7,9.93,0.13,STABLE,-3.3,-4.9,(2, 3, 1, 0),False,16.3,WARN(CAL),0.00,-0.81,True,3.1,
1769846938.708,35.930200,139.836188,OK,19,0.7,-5.6,11.07,1.27,SHAKE,-3.0,-4.6,(2, 3, 1, 0),False,16.7,WARN(CAL),0.00,-1.01,True,4.2,
1769846939.792,35.930047,139.836205,OK,19,0.7,-5.3,9.26,0.55,SHAKE,-2.9,-4.1,(2, 3, 1, 0),False,17.1,WARN(CAL),0.00,-0.50,True,5.3,
1769846940.868,35.929893,139.836205,OK,19,0.7,-5.2,9.45,0.36,STABLE,-2.9,-3.8,(2, 3, 1, 0),False,17.0,WARN(CAL),0.00,-0.34,True,6.4,
1769846941.960,35.929742,139.836202,OK,19,0.7,-4.8,10.49,0.68,SHAKE,-2.9,-3.4,(2, 3, 1, 0),False,16.9,WARN(CAL),0.00,-0.73,True,7.5,
1769846942.990,35.929582,139.836207,OK,19,0.7,-3.8,7.08,2.73,IMPACT,-2.8,-3.2,(1, 3, 1, 0),False,17.8,WARN(CAL),0.00,-0.92,True,8.5,
1769846944.026,35.929425,139.836208,OK,19,0.7,-2.5,9.33,0.48,STABLE,-2.8,-2.9,(1, 3, 1, 0),False,17.4,WARN(CAL),0.00,-0.20,True,9.5,
1769846945.056,35.929278,139.836213,OK,19,0.7,-1.7,10.25,0.44,STABLE,-2.9,-2.3,(3, 3, 1, 0),False,16.3,WARN(CAL),0.00,0.10,True,10.6,
1769846946.086,35.929133,139.836218,OK,19,0.7,-1.8,10.63,0.82,SHAKE,-2.9,-2.4,(3, 3, 1, 0),False,16.1,WARN(CAL),0.00,-0.71,True,11.6,
1769846947.170,35.929005,139.836227,OK,19,0.7,-1.3,10.88,1.08,SHAKE,-2.8,-2.1,(3, 3, 1, 0),False,14.3,WARN(CAL),0.00,-0.85,True,12.7,
1769846948.204,35.928852,139.836230,OK,19,0.7,-1.1,10.31,0.50,SHAKE,,,(1, 3, 1, 0),False,17.1,WARN(CAL),0.00,-0.71,True,13.7,
1769846949.232,35.928702,139.836213,OK,19,0.7,-1.5,9.09,0.72,SHAKE,-2.6,-1.2,(3, 3, 1, 0),False,16.7,WARN(CAL),0.00,-0.42,True,14.7,
1769846950.261,35.928568,139.836212,OK,19,0.7,-2.6,9.47,0.33,STABLE,-2.6,-0.7,(3, 3, 1, 0),False,14.8,WARN(CAL),0.00,-0.66,True,15.8,
1769846951.287,35.928415,139.836205,OK,17,0.7,-2.1,10.50,0.69,SHAKE,-2.4,0.0,(3, 3, 1, 0),False,17.1,WARN(CAL),0.00,-0.75,True,16.8,
1769846952.364,35.928270,139.836205,OK,18,0.6,-3.3,9.68,0.13,STABLE,-2.4,0.4,(3, 3, 1, 0),False,16.1,WARN(CAL),0.00,-0.88,True,17.9,
1769846953.444,35.928117,139.836193,OK,18,0.6,-4.1,10.59,0.79,SHAKE,-2.6,0.9,(3, 3, 1, 0),False,17.1,WARN(CAL),0.00,-0.26,True,19.0,
1769846954.516,35.927963,139.836192,OK,17,0.7,-4.0,9.93,0.12,STABLE,-2.5,1.4,(1, 3, 1, 0),False,17.1,WARN(CAL),0.00,-0.10,True,20.0,
1769846955.596,35.927818,139.836195,OK,17,0.7,-4.0,7.43,2.38,IMPACT,-2.5,2.1,(3, 3, 1, 0),False,16.1,WARN(CAL),0.00,-1.05,True,21.1,
1769846956.677,35.927648,139.836180,OK,16,0.7,-3.2,9.59,0.21,STABLE,-2.5,2.1,(3, 3, 1, 0),False,19.0,WARN(CAL),0.00,-0.39,True,22.2,
1769846957.708,35.927488,139.836167,OK,18,0.6,-4.4,9.85,0.05,STABLE,-2.6,1.8,(3, 3, 1, 0),False,17.8,WARN(CAL),0.00,-0.42,True,23.2,
1769846958.735,35.927327,139.836143,OK,19,0.6,-4.7,10.26,0.45,STABLE,-2.6,2.3,(3, 3, 1, 0),False,18.1,WARN(CAL),0.00,-0.69,True,24.2,
1769846959.765,35.927163,139.836142,OK,19,0.6,-5.8,10.32,0.51,SHAKE,-2.6,2.0,(3, 3, 1, 0),False,18.2,WARN(CAL),0.00,-0.63,True,25.3,
1769846960.795,35.927010,139.836140,OK,20,0.6,-6.3,10.36,0.55,SHAKE,-2.7,2.1,(3, 3, 1, 0),False,17.1,WARN(CAL),0.00,-0.52,True,26.3,
1769846961.866,35.926862,139.836115,OK,20,0.6,-6.1,11.01,1.21,SHAKE,-2.5,2.1,(1, 3, 1, 0),False,16.6,WARN(CAL),0.00,-0.46,True,27.4,
1769846962.892,35.926712,139.836097,OK,21,0.6,-5.2,10.18,0.37,STABLE,-2.6,2.1,(1, 3, 1, 0),False,16.8,WARN(CAL),0.00,-0.32,True,28.4,
1769846963.920,35.926563,139.836065,OK,21,0.6,-5.5,11.50,1.70,SHAKE,-2.6,2.2,(3, 3, 1, 0),False,16.7,WARN(CAL),0.00,-0.46,True,29.4,
1769846964.948,35.926410,139.836040,OK,21,0.6,-5.3,10.71,0.90,SHAKE,-2.8,1.8,(3, 3, 1, 0),False,17.2,WARN(CAL),0.00,-1.49,True,30.5,
1769846965.979,35.926267,139.836030,OK,20,0.6,-4.7,9.74,0.06,STABLE,-2.5,1.9,(3, 3, 1, 0),False,16.0,WARN(CAL),0.00,0.05,True,31.5,
1769846967.055,35.926125,139.835997,OK,20,0.6,-5.8,9.27,0.53,SHAKE,-2.6,1.8,(3, 3, 1, 0),False,16.0,WARN(CAL),0.00,-0.50,True,32.6,
1769846968.133,35.925992,139.835987,OK,20,0.6,-4.8,10.92,1.11,SHAKE,-2.6,2.2,(3, 3, 1, 0),False,14.9,WARN(CAL),0.00,-0.83,True,33.6,
1769846969.223,35.925857,139.835968,OK,21,0.6,-4.2,8.61,1.20,SHAKE,-2.6,2.5,(1, 3, 1, 0),False,15.1,WARN(CAL),0.00,-0.55,True,34.7,
1769846970.253,35.925732,139.835953,OK,21,0.6,-3.5,8.78,1.03,SHAKE,-2.6,2.2,(3, 3, 1, 0),False,14.0,WARN(CAL),0.00,-0.57,True,35.8,
1769846971.280,35.925607,139.835942,OK,21,0.6,-3.1,9.93,0.12,STABLE,-2.8,2.0,(3, 3, 1, 0),False,13.9,WARN(CAL),0.00,-0.37,True,36.8,
1769846972.314,35.925492,139.835923,OK,20,0.6,-3.9,10.22,0.42,STABLE,-2.9,1.7,(3, 3, 1, 0),False,12.9,WARN(CAL),0.00,-0.25,True,37.8,
1769846973.342,35.925385,139.835897,OK,20,0.6,-4.0,10.21,0.41,STABLE,-2.9,1.8,(3, 3, 1, 0),False,12.1,WARN(CAL),0.00,-0.26,True,38.8,
1769846974.432,35.925287,139.835887,OK,21,0.6,-3.8,11.84,2.04,IMPACT,-2.9,1.8,(3, 3, 1, 0),False,11.0,WARN(CAL),0.00,-1.03,True,39.9,
1769846975.459,35.925195,139.835878,OK,21,0.6,-2.8,11.07,1.26,SHAKE,-2.9,2.2,(1, 3, 1, 0),False,10.2,WARN(CAL),0.00,-0.91,True,41.0,
1769846976.492,35.925110,139.835862,OK,21,0.6,-1.6,9.69,0.11,STABLE,-2.9,1.9,(1, 3, 1, 0),False,9.6,WARN(CAL),0.00,-0.35,True,42.0,
1769846977.521,35.925030,139.835855,OK,21,0.6,-1.0,9.63,0.18,STABLE,-2.7,2.6,(1, 3, 1, 0),False,8.9,WARN(CAL),0.00,-0.55,True,43.0,
1769846978.553,35.924968,139.835845,OK,21,0.6,-1.1,10.22,0.41,STABLE,-2.6,1.5,(3, 3, 1, 0),False,6.9,WARN(CAL),0.00,0.40,False,0.0,STOP_END
1769846979.640,35.924922,139.835840,OK,20,0.6,-0.5,9.04,0.77,SHAKE,-2.6,1.8,(2, 3, 1, 0),False,5.2,WARN(CAL),0.00,-0.23,True,0.0,STOP_START
1769846980.665,35.924880,139.835835,OK,20,0.6,0.0,9.04,0.77,SHAKE,-2.6,1.8,(2, 3, 1, 0),False,4.7,WARN(CAL),0.00,-0.69,True,1.0,
1769846981.699,35.924855,139.835833,OK,19,0.6,0.4,9.17,0.63,SHAKE,-2.9,1.9,(2, 3, 1, 0),False,2.8,WARN(CAL),0.00,-0.96,True,2.1,
1769846982.722,35.924840,139.835830,OK,19,0.6,0.8,9.71,0.10,STABLE,-2.5,1.7,(2, 3, 1, 0),False,1.7,WARN(CAL),0.00,0.16,True,3.1,
1769846983.755,35.924828,139.835827,OK,21,0.6,0.9,9.33,0.48,STABLE,-2.6,1.4,(3, 3, 1, 0),False,1.3,WARN(CAL),0.00,-0.17,True,4.1,
1769846984.839,35.924823,139.835825,OK,20,0.7,0.9,9.85,0.05,STABLE,-2.6,0.8,(1, 3, 1, 0),False,0.6,WARN(CAL),0.00,-0.60,True,5.2,
1769846985.915,35.924823,139.835825,OK,20,0.7,0.9,9.33,0.48,STABLE,-2.8,0.2,(3, 3, 1, 0),False,0.0,WARN(CAL),0.00,-0.23,True,6.3,
1769846986.999,35.924823,139.835827,OK,19,0.7,0.7,8.29,1.52,SHAKE,-2.8,0.8,(1, 3, 1, 0),False,0.2,WARN(CAL),0.00,-0.18,True,7.4,
1769846988.029,35.924823,139.835828,OK,19,0.7,0.6,10.31,0.50,SHAKE,-2.7,1.3,(3, 3, 1, 0),False,0.2,WARN(CAL),0.00,-0.29,True,8.4,
1769846989.056,35.924827,139.835827,OK,20,0.7,0.5,9.42,0.38,STABLE,-2.7,0.9,(1, 3, 1, 0),False,0.4,WARN(CAL),0.00,-0.01,True,9.4,
1769846990.087,35.924825,139.835828,OK,21,0.6,0.7,9.18,0.63,SHAKE,-2.4,1.4,(3, 3, 1, 0),False,0.2,WARN(CAL),0.00,-0.18,True,10.4,
1769846991.113,35.924827,139.835827,OK,20,0.7,0.6,10.03,0.23,STABLE,-2.5,1.2,(1, 3, 1, 0),False,0.2,WARN(CAL),0.00,-1.17,True,11.5,
1769846992.206,35.924827,139.835828,OK,20,0.7,0.7,8.58,1.23,SHAKE,-2.5,1.6,(1, 3, 1, 0),False,0.2,WARN(CAL),0.00,-0.40,True,12.6,
1769846993.238,35.924827,139.835830,OK,20,0.7,0.8,10.66,0.85,SHAKE,-2.3,1.1,(3, 3, 1, 0),False,0.2,WARN(CAL),0.00,-0.21,True,13.6,
1769846994.269,35.924828,139.835832,OK,20,0.7,0.8,9.26,0.55,SHAKE,-2.4,1.3,(3, 3, 1, 0),False,0.2,WARN(CAL),0.00,-0.49,True,14.6,
1769846995.298,35.924827,139.835835,OK,21,0.6,0.8,9.54,0.27,STABLE,-2.2,0.1,(1, 3, 1, 0),False,0.4,WARN(CAL),0.00,-0.28,True,15.7,
1769846996.331,35.924823,139.835835,OK,21,0.6,0.8,9.89,0.08,STABLE,-2.2,-0.2,(3, 3, 1, 0),False,0.4,WARN(CAL),0.00,-0.11,True,16.7,
1769846997.417,35.924822,139.835837,OK,21,0.6,0.8,9.02,0.79,SHAKE,-2.0,0.2,(3, 3, 1, 0),False,0.2,WARN(CAL),0.00,0.08,True,17.8,
1769846998.496,35.924822,139.835835,OK,20,0.6,0.8,10.27,0.46,STABLE,-1.6,0.6,(1, 3, 1, 0),False,0.2,WARN(CAL),0.00,0.00,True,18.9,
1769846999.581,35.924822,139.835837,OK,20,0.6,0.8,10.05,0.24,STABLE,-1.9,1.2,(1, 3, 1, 0),False,0.2,WARN(CAL),0.00,-0.40,True,19.9,
1769847000.650,35.924822,139.835837,OK,19,0.7,0.8,10.12,0.32,STABLE,-1.7,1.5,(3, 3, 1, 0),False,0.0,WARN(CAL),0.00,-0.56,True,21.0,
1769847001.735,35.924822,139.835837,OK,19,0.7,0.8,10.66,0.86,SHAKE,-1.8,1.6,(3, 3, 1, 0),False,0.0,WARN(CAL),0.00,0.02,True,22.1,
1769847002.765,35.924822,139.835837,OK,19,0.7,0.8,10.27,0.47,STABLE,-1.7,1.4,(1, 3, 1, 0),False,0.0,WARN(CAL),0.00,-0.28,True,23.1,
1769847003.797,35.924823,139.835837,OK,19,0.7,0.8,10.32,0.52,SHAKE,-1.8,1.5,(3, 3, 1, 0),False,0.2,WARN(CAL),0.00,-0.85,True,24.2,
1769847004.825,35.924823,139.835837,OK,19,0.7,0.9,9.29,0.51,SHAKE,-1.9,1.8,(1, 3, 1, 0),False,0.0,WARN(CAL),0.00,-0.48,True,25.2,
1769847005.851,35.924823,139.835835,OK,19,0.7,0.9,10.16,0.35,STABLE,-1.9,0.8,(3, 3, 1, 0),False,0.2,WARN(CAL),0.00,-0.58,True,26.2,
1769847006.943,35.924825,139.835833,OK,19,0.7,0.9,10.18,0.37,STABLE,-2.1,0.8,(3, 3, 1, 0),False,0.2,WARN(CAL),0.00,-0.35,True,27.3,
1769847008.016,35.924825,139.835833,OK,19,0.7,0.9,10.28,0.47,STABLE,-1.9,0.0,(3, 3, 1, 0),False,0.0,WARN(CAL),0.00,-0.63,True,28.4,
1769847009.090,35.924825,139.835835,OK,18,0.7,0.9,8.65,1.15,SHAKE,-1.9,0.2,(3, 3, 1, 0),False,0.2,WARN(CAL),0.00,-0.24,True,29.5,
1769847010.176,35.924823,139.835835,OK,19,0.7,0.9,9.87,0.06,STABLE,-2.2,-0.4,(3, 3, 1, 0),False,0.2,WARN(CAL),0.00,-0.63,True,30.5,
1769847011.260,35.924825,139.835835,OK,19,0.7,0.9,8.96,0.85,SHAKE,-2.2,-0.6,(3, 3, 1, 0),False,0.2,WARN(CAL),0.00,-0.50,True,31.6,
1769847012.293,35.924825,139.835835,OK,19,0.7,0.9,9.95,0.14,STABLE,-2.4,-1.1,(3, 3, 1, 0),False,0.0,WARN(CAL),0.00,-0.25,True,32.7,
1769847013.325,35.924825,139.835835,OK,19,0.7,0.9,10.02,0.21,STABLE,-2.3,-0.6,(3, 3, 1, 0),False,0.0,WARN(CAL),0.00,-0.71,True,33.7,
1769847014.360,35.924825,139.835835,OK,19,0.7,0.9,9.49,0.32,STABLE,-2.2,-1.3,(3, 3, 1, 0),False,0.0,WARN(CAL),0.00,0.01,True,34.7,
1769847015.385,35.924825,139.835833,OK,19,0.7,0.9,9.57,0.23,STABLE,-3.6,-0.8,(1, 3, 1, 0),False,0.2,WARN(CAL),0.00,0.38,False,0.0,STOP_END
1769847016.471,35.924825,139.835833,OK,19,0.7,0.9,10.41,0.61,SHAKE,-3.6,-0.9,(3, 3, 1, 0),False,0.0,WARN(CAL),0.00,0.04,True,0.0,STOP_START
1769847017.504,35.924825,139.835833,OK,19,0.7,0.9,9.93,0.12,STABLE,-2.9,-1.1,(2, 3, 1, 0),False,0.0,WARN(CAL),0.00,-0.19,True,1.0,
1769847018.523,35.924825,139.835832,OK,19,0.7,0.9,9.26,0.55,SHAKE,-2.2,-1.4,(2, 3, 1, 0),False,0.2,WARN(CAL),0.00,0.34,False,0.0,STOP_END
1769847019.557,35.924825,139.835830,OK,19,0.7,0.9,10.78,0.98,SHAKE,-1.7,-1.4,(3, 3, 1, 0),False,0.2,WARN(CAL),0.00,-0.14,True,0.0,STOP_START
1769847020.592,35.924823,139.835832,OK,19,0.7,0.9,9.27,0.53,SHAKE,-0.5,-1.6,(3, 3, 1, 0),False,0.2,WARN(CAL),0.00,-0.25,True,1.0,
1769847021.683,35.924825,139.835833,OK,19,0.6,0.9,10.53,0.73,SHAKE,0.7,-1.1,(3, 3, 1, 0),False,0.2,WARN(CAL),0.00,-0.67,True,2.1,
1769847022.753,35.924823,139.835833,OK,20,0.6,0.9,12.42,2.61,IMPACT,1.2,-0.4,(3, 3, 1, 0),False,0.2,WARN(CAL),0.00,-0.59,True,3.2,
1769847023.828,35.924825,139.835833,OK,19,0.7,0.9,9.82,0.02,STABLE,1.2,0.5,(2, 3, 1, 0),False,0.2,WARN(CAL),0.00,-0.03,True,4.3,
1769847024.858,35.924825,139.835830,OK,19,0.7,0.9,9.90,0.09,STABLE,1.4,1.2,(2, 3, 1, 0),False,0.3,WARN(CAL),0.00,-0.79,True,5.3,
1769847025.886,35.924823,139.835830,OK,18,0.7,0.9,8.76,1.04,SHAKE,1.5,1.0,(3, 3, 1, 0),False,0.2,WARN(CAL),0.00,-0.61,True,6.3,
1769847026.916,35.924823,139.835830,OK,18,0.7,0.9,9.90,0.10,STABLE,1.1,-0.6,(2, 3, 1, 0),False,0.0,WARN(CAL),0.00,-0.15,True,7.4,
1769847027.944,35.924823,139.835830,OK,19,0.7,0.9,10.14,0.33,STABLE,1.4,-0.1,(1, 3, 1, 0),False,0.0,WARN(CAL),0.00,-0.45,True,8.4,
1769847029.033,35.924823,139.835830,OK,18,0.7,0.9,10.27,0.47,STABLE,1.1,-1.2,(0, 3, 1, 0),False,0.0,WARN(CAL),0.00,0.72,False,0.0,STOP_END
1769847030.124,35.924823,139.835830,OK,18,0.7,0.8,9.71,0.10,STABLE,0.9,-1.4,(2, 3, 1, 0),False,0.0,WARN(CAL),0.00,-0.16,True,0.0,STOP_START
1769847031.153,35.924825,139.835830,OK,18,0.7,0.8,10.12,0.31,STABLE,0.8,-1.1,(3, 3, 1, 0),False,0.2,WARN(CAL),0.00,-0.96,True,1.0,
1769847032.187,35.924828,139.835830,OK,19,0.7,0.8,9.11,0.69,SHAKE,0.9,-1.0,(2, 3, 1, 0),False,0.4,WARN(CAL),0.00,0.00,True,2.1,
1769847033.220,35.924830,139.835830,OK,19,0.7,0.8,9.45,0.36,STABLE,1.4,0.4,(2, 1, 2, 2),False,0.2,WARN(CAL),0.00,0.46,False,0.0,STOP_END
1769847034.249,35.924830,139.835832,OK,19,0.7,0.8,11.67,1.86,SHAKE,1.0,0.7,(3, 3, 1, 0),False,0.2,WARN(CAL),0.00,-0.12,True,0.0,STOP_START
1769847035.338,35.924832,139.835832,OK,19,0.7,0.8,9.34,0.46,STABLE,1.1,0.6,(3, 3, 1, 0),False,0.2,WARN(CAL),0.00,0.34,False,0.0,STOP_END
1769847036.423,35.924832,139.835832,OK,19,0.7,0.8,9.67,0.14,STABLE,0.8,-1.2,(3, 3, 1, 0),False,0.0,WARN(CAL),0.00,0.07,True,0.0,STOP_START
1769847037.456,35.924830,139.835830,OK,20,0.6,0.8,9.90,0.09,STABLE,0.7,-1.7,(3, 3, 1, 0),False,0.2,WARN(CAL),0.00,0.05,True,1.0,
1769847038.484,35.924827,139.835830,OK,19,0.7,0.8,10.09,0.28,STABLE,0.4,-2.1,(1, 3, 1, 0),False,0.4,WARN(CAL),0.00,0.11,True,2.1,
1769847039.517,35.924815,139.835825,OK,19,0.7,0.8,9.62,0.19,STABLE,0.1,-2.4,(3, 3, 1, 0),False,1.4,WARN(CAL),0.00,-0.39,True,3.1,
1769847040.553,35.924798,139.835818,OK,19,0.7,0.8,9.97,0.16,STABLE,0.0,-2.8,(2, 3, 1, 0),False,1.9,WARN(CAL),0.00,-0.34,True,4.1,
1769847041.637,35.924782,139.835808,OK,19,0.7,0.8,9.71,0.09,STABLE,0.0,-2.2,(2, 3, 1, 0),False,2.1,WARN(CAL),0.00,-0.16,True,5.2,
1769847042.671,35.924743,139.835793,OK,18,0.7,1.1,11.91,2.10,IMPACT,0.2,-2.1,(2, 3, 1, 0),False,4.5,WARN(CAL),0.00,-0.15,True,6.2,
1769847043.700,35.924683,139.835783,OK,18,0.7,1.4,10.30,0.50,STABLE,0.0,-1.5,(2, 3, 1, 0),False,6.7,WARN(CAL),0.00,-0.61,True,7.3,
1769847044.733,35.924608,139.835770,OK,18,0.7,1.7,9.86,0.05,STABLE,0.1,-2.0,(2, 3, 1, 0),False,8.4,WARN(CAL),0.00,-0.26,True,8.3,
1769847045.760,35.924523,139.835755,OK,18,0.7,2.0,9.40,0.41,STABLE,-0.4,-1.9,(2, 3, 1, 0),False,9.5,WARN(CAL),0.00,0.14,True,9.3,
1769847046.852,35.924423,139.835742,OK,18,0.7,2.2,10.35,0.55,SHAKE,-0.4,-1.7,(2, 3, 1, 0),False,11.2,WARN(CAL),0.00,-0.60,True,10.4,
1769847047.930,35.924312,139.835722,OK,18,0.7,2.2,9.47,0.34,STABLE,-0.3,-1.2,(2, 3, 1, 0),False,12.5,WARN(CAL),0.00,0.00,True,11.5,
1769847048.961,35.924187,139.835708,OK,18,0.7,1.6,9.83,0.03,STABLE,-0.3,-1.1,(2, 3, 1, 0),False,14.0,WARN(CAL),0.00,0.00,True,12.5,
1769847049.992,35.924062,139.835685,OK,18,0.7,2.6,10.00,0.20,STABLE,-0.3,-0.9,(2, 3, 1, 0),False,14.1,WARN(CAL),0.00,-0.52,True,13.6,
1769847051.021,35.923922,139.835663,OK,17,0.7,1.6,9.07,0.74,SHAKE,-0.5,-0.1,(2, 3, 1, 0),False,15.7,WARN(CAL),0.00,0.53,False,0.0,STOP_END
1769847052.051,35.923787,139.835638,OK,18,0.7,1.1,10.22,0.41,STABLE,-0.5,0.0,(2, 3, 1, 0),False,15.2,WARN(CAL),0.00,-0.33,True,0.0,STOP_START
1769847053.124,35.923647,139.835607,OK,17,0.7,1.7,9.11,0.70,SHAKE,-0.8,0.8,(2, 3, 2, 2),True,15.8,OK,0.00,-0.78,True,1.1,
1769847054.154,35.923498,139.835580,OK,16,0.8,1.2,8.58,1.22,SHAKE,-0.1,1.4,(1, 3, 1, 0),False,16.7,WARN(CAL),0.00,-0.27,True,2.1,
1769847055.189,35.923352,139.835547,OK,17,0.8,0.4,9.60,0.20,STABLE,-0.7,0.4,(3, 3, 1, 0),False,16.6,WARN(CAL),0.00,-0.36,True,3.1,
1769847056.219,35.923205,139.835538,OK,17,0.7,0.6,9.80,0.01,STABLE,-0.9,-0.6,(3, 3, 1, 0),False,16.3,WARN(CAL),0.00,-0.04,True,4.2,
1769847057.249,35.923053,139.835533,OK,16,0.7,1.5,9.65,0.16,STABLE,-1.2,-1.0,(1, 3, 1, 0),False,16.9,WARN(CAL),0.00,-0.33,True,5.2,
1769847058.320,35.922907,139.835513,OK,15,0.8,1.5,9.70,0.11,STABLE,-1.4,-1.2,(3, 3, 1, 0),False,16.4,WARN(CAL),0.00,-0.05,True,6.3,
1769847059.397,35.922760,139.835475,OK,16,0.7,1.6,10.16,0.35,STABLE,-1.4,-1.9,(2, 3, 1, 0),False,16.7,WARN(CAL),0.00,-0.47,True,7.3,
1769847060.479,35.922608,139.835458,OK,17,0.7,1.8,9.95,0.15,STABLE,-1.8,-2.0,(2, 3, 1, 0),False,16.9,WARN(CAL),0.00,-0.29,True,8.4,
1769847061.571,35.922448,139.835448,OK,17,0.7,1.4,10.61,0.80,SHAKE,-1.8,-1.8,(2, 3, 1, 0),False,17.8,WARN(CAL),0.00,-0.32,True,9.5,
1769847062.603,35.922297,139.835425,OK,17,0.7,1.0,9.97,0.16,STABLE,-1.8,-1.7,(2, 3, 1, 0),False,17.0,WARN(CAL),0.00,-0.57,True,10.6,
1769847063.635,35.922145,139.835403,OK,18,0.7,1.6,8.60,1.21,SHAKE,-1.9,-1.6,(2, 3, 1, 0),False,17.0,WARN(CAL),0.00,-0.59,True,11.6,
1769847064.669,35.921978,139.835382,OK,19,0.6,1.1,10.13,0.33,STABLE,-1.7,-1.8,(2, 3, 1, 0),False,18.6,WARN(CAL),0.00,-0.46,True,12.6,
1769847065.701,35.921808,139.835358,OK,17,0.7,1.0,9.96,0.15,STABLE,-1.6,-2.0,(2, 3, 1, 0),False,19.0,WARN(CAL),0.00,-0.27,True,13.7,
1769847066.787,35.921648,139.835333,OK,17,0.7,0.1,9.53,0.27,STABLE,-1.7,-1.8,(2, 3, 1, 0),False,17.9,WARN(CAL),0.00,-0.39,True,14.7,
1769847067.872,35.921483,139.835307,OK,17,0.7,1.0,9.66,0.15,STABLE,-1.8,-1.3,(3, 3, 1, 0),False,18.5,WARN(CAL),0.00,-0.30,True,15.8,
1769847068.904,35.921307,139.835285,OK,17,0.7,1.0,9.28,0.53,SHAKE,-1.8,-0.9,(3, 3, 1, 0),False,19.7,WARN(CAL),0.00,-0.56,True,16.9,
1769847069.939,35.921135,139.835260,OK,17,0.7,1.8,10.97,1.17,SHAKE,-1.9,-0.9,(3, 3, 1, 0),False,19.2,WARN(CAL),0.00,-0.53,True,17.9,
1769847070.972,35.920970,139.835240,OK,17,0.7,2.0,9.90,0.09,STABLE,-1.8,-0.6,(1, 3, 1, 0),False,18.4,WARN(CAL),0.00,-0.57,True,18.9,
1769847072.003,35.920800,139.835222,OK,17,0.7,2.2,9.99,0.18,STABLE,-1.9,-0.8,(1, 3, 1, 0),False,19.0,WARN(CAL),0.00,-0.15,True,20.0,
1769847073.098,35.920643,139.835203,OK,17,0.7,2.4,9.72,0.09,STABLE,-2.2,-1.6,(1, 3, 1, 0),False,17.5,WARN(CAL),0.00,-0.42,True,21.0,
1769847074.189,35.920487,139.835185,OK,17,0.7,2.4,9.11,0.70,SHAKE,-1.8,-1.3,(3, 3, 1, 0),False,17.5,WARN(CAL),0.00,-0.48,True,22.1,
1769847075.217,35.920332,139.835167,OK,16,0.8,2.1,11.18,1.38,SHAKE,-2.3,-1.4,(3, 3, 1, 0),False,17.3,WARN(CAL),0.00,-0.52,True,23.2,
1769847076.250,35.920167,139.835147,OK,18,0.7,2.0,9.69,0.11,STABLE,-2.2,-1.2,(3, 3, 1, 0),False,18.4,WARN(CAL),0.00,-0.46,True,24.2,
1769847077.277,35.920000,139.835132,OK,18,0.8,2.0,9.47,0.33,STABLE,-2.2,-0.9,(2, 3, 1, 0),False,18.6,WARN(CAL),0.00,-0.95,True,25.2,
1769847078.310,35.919830,139.835110,OK,18,0.8,2.2,9.01,0.79,SHAKE,-2.6,-1.3,(3, 3, 1, 0),False,19.0,WARN(CAL),0.00,-0.56,True,26.3,
1769847079.396,35.919663,139.835092,OK,17,0.7,2.2,10.07,0.26,STABLE,-2.7,-1.6,(2, 3, 1, 0),False,18.6,WARN(CAL),0.00,-0.57,True,27.3,
1769847080.419,35.919493,139.835078,OK,17,0.7,2.4,10.02,0.22,STABLE,-2.7,-1.4,(3, 3, 1, 0),False,18.9,WARN(CAL),0.00,-0.53,True,28.4,
1769847081.443,35.919322,139.835060,OK,17,0.7,2.7,10.49,0.68,SHAKE,-2.7,-1.0,(2, 3, 1, 0),False,19.2,WARN(CAL),0.00,-0.40,True,29.4,
1769847082.476,35.919145,139.835042,OK,18,0.7,2.9,9.73,0.07,STABLE,-2.3,-0.8,(2, 3, 1, 0),False,19.7,WARN(CAL),0.00,-0.04,True,30.4,
1769847083.508,35.918968,139.835027,OK,19,0.6,2.9,11.21,1.41,SHAKE,-2.2,-0.1,(3, 3, 1, 0),False,19.7,WARN(CAL),0.00,0.05,True,31.5,
1769847084.582,35.918792,139.835013,OK,18,0.7,3.0,11.01,1.21,SHAKE,-2.7,-0.3,(2, 3, 1, 0),False,19.7,WARN(CAL),0.00,-0.31,True,32.5,
1769847085.618,35.918622,139.835000,OK,18,0.7,3.3,10.06,0.26,STABLE,-2.8,-1.1,(1, 3, 1, 0),False,18.9,WARN(CAL),0.00,-0.39,True,33.6,
1769847086.646,35.918443,139.834985,OK,17,0.7,3.9,9.11,0.70,SHAKE,-2.6,-0.9,(3, 3, 1, 0),False,19.9,WARN(CAL),0.00,-0.54,True,34.6,
1769847087.676,35.918268,139.834977,OK,19,0.6,3.2,8.90,0.90,SHAKE,,,(1, 3, 1, 0),False,19.5,WARN(CAL),0.00,-0.13,True,35.6,
1769847088.706,35.918087,139.834970,OK,17,0.7,2.8,10.12,0.31,STABLE,-2.8,-1.4,(3, 3, 1, 0),False,20.2,WARN(CAL),0.00,-0.68,True,36.7,
1769847089.786,35.917907,139.834963,OK,18,0.7,2.8,8.98,0.83,SHAKE,-10.9,-2.1,(3, 3, 1, 0),False,20.0,WARN(CAL),0.00,-0.36,True,37.7,
1769847090.816,35.917722,139.834962,OK,17,0.7,2.6,9.91,0.10,STABLE,-2.7,-2.2,(3, 3, 1, 0),False,20.6,WARN(CAL),0.00,-0.66,True,38.8,
1769847091.836,35.917540,139.834958,OK,18,0.7,2.6,10.12,0.31,STABLE,-2.6,-2.6,(1, 3, 1, 0),False,20.2,WARN(CAL),0.00,-0.01,True,39.8,
1769847092.870,35.917360,139.834953,OK,17,0.7,2.2,9.62,0.19,STABLE,-2.7,-2.5,(3, 3, 1, 0),False,20.0,WARN(CAL),0.00,-0.45,True,40.8,
1769847093.905,35.917180,139.834952,OK,16,0.7,1.9,9.56,0.24,STABLE,-3.4,-3.0,(1, 3, 1, 0),False,20.0,WARN(CAL),0.00,-0.76,True,41.9,
1769847094.977,35.917002,139.834950,OK,17,0.7,1.5,10.57,0.77,SHAKE,-3.4,-3.6,(3, 3, 1, 0),False,19.8,WARN(CAL),0.00,-0.64,True,42.9,
1769847096.056,35.916822,139.834952,OK,17,0.7,1.3,9.00,0.80,SHAKE,-3.0,-3.6,(3, 3, 1, 0),False,20.0,WARN(CAL),0.00,-0.64,True,44.0,
1769847097.139,35.916638,139.834955,OK,19,0.6,1.0,9.33,0.48,STABLE,-2.9,-3.4,(3, 3, 1, 0),False,20.4,WARN(CAL),0.00,-0.44,True,45.1,
1769847098.171,35.916458,139.834960,OK,19,0.6,0.8,9.48,0.33,STABLE,,,(2, 3, 1, 0),False,20.0,WARN(CAL),0.00,-0.38,True,46.1,
1769847099.203,35.916278,139.834952,OK,19,0.6,-0.4,10.20,0.40,STABLE,-2.8,-3.1,(2, 3, 1, 0),False,20.0,WARN(CAL),0.00,-0.29,True,47.2,
1769847100.241,35.916097,139.834963,OK,19,0.6,0.6,10.03,0.22,STABLE,-2.9,-3.1,(2, 3, 1, 0),False,20.2,WARN(CAL),0.00,-0.49,True,48.2,
1769847101.272,35.915910,139.834970,OK,19,0.6,0.3,10.31,0.51,SHAKE,-2.9,-3.3,(2, 3, 1, 0),False,20.8,WARN(CAL),0.00,-0.26,True,49.2,
1769847102.364,35.915730,139.834975,OK,19,0.6,0.8,10.24,0.43,STABLE,-2.9,-3.5,(3, 3, 1, 0),False,20.0,WARN(CAL),0.00,-0.48,True,50.3,
1769847103.402,35.915557,139.834995,OK,19,0.6,0.9,9.86,0.06,STABLE,-2.9,-3.2,(3, 3, 1, 0),False,19.4,WARN(CAL),0.00,-0.65,True,51.4,
1769847104.429,35.915362,139.835007,OK,19,0.6,0.4,9.18,0.63,SHAKE,-3.1,-3.1,(3, 3, 1, 0),False,21.7,WARN(CAL),0.00,-0.06,True,52.4,
1769847105.461,35.915168,139.835030,OK,19,0.6,0.3,9.43,0.38,STABLE,-3.1,-3.1,(3, 3, 1, 0),False,21.6,WARN(CAL),0.00,-0.68,True,53.4,
1769847106.493,35.914987,139.835053,OK,19,0.6,0.3,10.02,0.22,STABLE,-3.3,-3.1,(2, 3, 2, 2),True,20.3,OK,0.00,-0.60,True,54.4,
1769847107.576,35.914783,139.835063,OK,19,0.6,1.0,9.86,0.05,STABLE,-3.1,-2.9,(3, 3, 1, 0),False,22.6,WARN(CAL),0.00,-0.26,True,55.5,
1769847108.604,35.914607,139.835078,OK,19,0.6,1.7,9.68,0.13,STABLE,-2.8,-2.7,(2, 3, 1, 0),False,19.7,WARN(CAL),0.00,-0.37,True,56.6,
1769847109.635,35.914415,139.835107,OK,18,0.7,2.2,9.26,0.55,SHAKE,-2.4,-1.6,(0, 3, 1, 0),False,21.5,WARN(CAL),0.00,-0.49,True,57.6,
1769847110.667,35.914233,139.835117,OK,18,0.7,2.8,10.39,0.58,SHAKE,-2.1,-1.2,(2, 3, 1, 0),False,20.2,WARN(CAL),0.00,-0.39,True,58.6,
1769847111.695,35.914045,139.835125,OK,18,0.7,2.0,9.45,0.35,STABLE,-2.2,-1.5,(3, 3, 1, 0),False,21.0,WARN(CAL),0.00,-0.01,True,59.6,
1769847112.780,35.913868,139.835145,OK,18,0.7,1.5,9.66,0.14,STABLE,-2.0,-0.7,(2, 3, 1, 0),False,19.7,WARN(CAL),0.00,-0.20,True,60.7,
1769847113.813,35.913683,139.835155,OK,18,0.7,1.8,8.89,0.92,SHAKE,-2.0,-0.4,(2, 3, 1, 0),False,20.6,WARN(CAL),0.00,-0.30,True,61.8,
1769847114.836,35.913510,139.835162,OK,18,0.7,1.4,9.66,0.14,STABLE,-2.2,-0.2,(2, 3, 1, 0),False,19.3,WARN(CAL),0.00,-1.03,True,62.8,
1769847115.870,35.913342,139.835178,OK,18,0.7,1.8,9.24,0.57,SHAKE,-2.9,-0.4,(1, 3, 1, 0),False,18.8,WARN(CAL),0.00,-0.36,True,63.8,
1769847116.898,35.913157,139.835188,OK,18,0.7,1.7,13.26,3.46,IMPACT,-2.8,-0.6,(2, 3, 1, 0),False,20.6,WARN(CAL),0.00,-0.34,True,64.8,
1769847117.982,35.912982,139.835205,OK,19,0.6,2.2,10.44,0.63,SHAKE,-2.2,-0.9,(2, 3, 1, 0),False,19.5,WARN(CAL),0.00,0.18,True,65.9,
1769847119.011,35.912808,139.835220,OK,19,0.6,2.5,10.00,0.19,STABLE,-2.2,-0.6,(2, 3, 1, 0),False,19.3,WARN(CAL),0.00,-0.29,True,67.0,
1769847120.043,35.912633,139.835223,OK,19,0.6,1.5,11.06,1.25,SHAKE,-1.7,-1.1,(2, 3, 1, 0),False,19.5,WARN(CAL),0.00,-0.44,True,68.0,
1769847121.071,35.912455,139.835225,OK,19,0.6,2.0,9.90,0.09,STABLE,-1.5,-1.8,(2, 3, 1, 0),False,19.8,WARN(CAL),0.00,0.02,True,69.0,
1769847122.098,35.912282,139.835237,OK,19,0.6,2.2,11.94,2.14,IMPACT,-1.8,-1.9,(0, 3, 1, 0),False,19.3,WARN(CAL),0.00,-0.34,True,70.0,
1769847123.196,35.912100,139.835252,OK,19,0.6,0.9,8.41,1.39,SHAKE,-1.8,-1.0,(2, 3, 1, 0),False,20.2,WARN(CAL),0.00,-0.58,True,71.1,
1769847124.220,35.911925,139.835263,OK,19,0.6,0.1,9.79,0.02,STABLE,-2.4,-0.8,(2, 3, 1, 0),False,19.5,WARN(CAL),0.00,-0.05,True,72.2,
1769847125.247,35.911750,139.835285,OK,19,0.6,0.3,10.32,0.51,SHAKE,-3.4,0.7,(2, 3, 1, 0),False,19.6,WARN(CAL),0.00,-0.66,True,73.2,
1769847126.277,35.911570,139.835293,OK,19,0.6,1.8,10.36,0.56,SHAKE,-3.2,-0.5,(1, 3, 1, 0),False,20.0,WARN(CAL),0.00,-0.55,True,74.2,
1769847127.306,35.911405,139.835307,OK,19,0.6,2.4,9.87,0.07,STABLE,-1.6,0.1,(0, 3, 1, 0),False,18.4,WARN(CAL),0.00,0.24,True,75.3,
1769847128.392,35.911242,139.835320,OK,18,0.7,1.7,10.37,0.57,SHAKE,-1.9,-1.9,(2, 3, 1, 0),False,18.2,WARN(CAL),0.00,-0.17,True,76.3,
1769847129.421,35.911083,139.835343,OK,19,0.6,1.5,8.84,0.96,SHAKE,-1.6,-1.2,(2, 3, 1, 0),False,17.7,WARN(CAL),0.00,-0.52,True,77.4,
1769847130.453,35.910918,139.835353,OK,18,0.7,1.2,9.00,0.81,SHAKE,-1.6,-1.8,(2, 3, 1, 0),False,18.4,WARN(CAL),0.00,-0.67,True,78.4,
1769847131.481,35.910757,139.835370,OK,18,0.7,1.8,9.90,0.09,STABLE,-1.4,-2.1,(2, 3, 1, 0),False,18.0,WARN(CAL),0.00,-0.03,True,79.4,
1769847132.511,35.910587,139.835388,OK,18,0.7,2.5,8.89,0.91,SHAKE,-1.5,-1.6,(2, 3, 1, 0),False,19.0,WARN(CAL),0.00,-0.46,True,80.5,
1769847133.587,35.910420,139.835408,OK,18,0.7,2.1,8.86,0.94,SHAKE,-1.7,-1.1,(0, 3, 1, 0),False,18.6,WARN(CAL),0.00,-0.35,True,81.5,
1769847134.665,35.910262,139.835418,OK,18,0.7,2.6,9.37,0.44,STABLE,-1.9,-0.9,(2, 3, 1, 0),False,17.6,WARN(CAL),0.00,-0.24,True,82.6,
1769847135.753,35.910115,139.835438,OK,18,0.7,2.6,10.34,0.54,SHAKE,-1.1,-1.4,(0, 3, 1, 0),False,16.4,WARN(CAL),0.00,-0.33,True,83.7,
1769847136.841,35.909962,139.835445,OK,18,0.7,2.7,9.07,0.74,SHAKE,-1.2,-1.9,(0, 3, 1, 0),False,17.1,WARN(CAL),0.00,-0.22,True,84.8,
1769847137.917,35.909808,139.835453,OK,17,0.7,2.2,9.43,0.38,STABLE,-1.6,-1.9,(2, 3, 1, 0),False,17.1,WARN(CAL),0.00,-0.39,True,85.9,
1769847138.996,35.909648,139.835462,OK,18,0.7,3.0,9.37,0.44,STABLE,-1.6,-2.1,(2, 3, 1, 0),False,17.8,WARN(CAL),0.00,-0.28,True,86.9,
1769847140.084,35.909490,139.835483,OK,18,0.7,3.3,9.21,0.59,SHAKE,-1.6,-1.8,(2, 3, 1, 0),False,17.7,WARN(CAL),0.00,-0.90,True,88.0,
1769847141.155,35.909333,139.835495,OK,17,0.7,3.5,9.52,0.28,STABLE,-1.5,-1.4,(2, 3, 1, 0),False,17.5,WARN(CAL),0.00,-0.27,True,89.1,
1769847142.228,35.909180,139.835512,OK,18,0.7,3.2,9.44,0.36,STABLE,-1.2,-1.3,(2, 3, 1, 0),False,17.1,WARN(CAL),0.00,-0.10,True,90.2,
1769847143.252,35.909033,139.835527,OK,17,0.7,3.4,9.77,0.04,STABLE,-1.3,-1.2,(2, 3, 1, 0),False,16.4,WARN(CAL),0.00,-0.33,True,91.2,
1769847144.286,35.908890,139.835528,OK,18,0.7,4.4,9.28,0.52,SHAKE,-1.3,-1.2,(2, 3, 1, 0),False,15.9,WARN(CAL),0.00,-0.25,True,92.2,
1769847145.318,35.908772,139.835507,OK,20,0.6,6.8,9.90,0.09,STABLE,-1.3,-1.4,(0, 3, 1, 0),False,13.3,WARN(CAL),0.00,-0.42,True,93.3,
1769847146.351,35.908635,139.835470,OK,20,0.6,7.0,9.68,0.13,STABLE,-1.2,-1.3,(0, 3, 1, 0),False,15.6,WARN(CAL),0.00,-0.32,True,94.3,
1769847147.431,35.908497,139.835438,OK,20,0.6,6.6,9.71,0.10,STABLE,-1.2,-1.2,(2, 3, 1, 0),False,15.6,WARN(CAL),0.00,-0.15,True,95.4,
1769847148.519,35.908362,139.835393,OK,20,0.6,6.6,9.20,0.61,SHAKE,-1.3,-1.6,(2, 3, 1, 0),False,15.5,WARN(CAL),0.00,-0.25,True,96.5,
1769847149.586,35.908238,139.835357,OK,20,0.6,6.7,9.66,0.15,STABLE,-1.4,-2.1,(2, 3, 1, 0),False,14.1,WARN(CAL),0.00,-0.28,True,97.5,
1769847150.661,35.908118,139.835330,OK,20,0.6,7.7,9.25,0.56,SHAKE,-1.3,-1.6,(2, 3, 1, 0),False,13.6,WARN(CAL),0.00,-0.25,True,98.6,
1769847151.742,35.907987,139.835280,OK,19,0.6,7.2,9.99,0.18,STABLE,-1.3,-2.1,(2, 3, 1, 0),False,15.3,WARN(CAL),0.00,0.04,True,99.7,
1769847152.827,35.907845,139.835225,OK,20,0.6,6.1,9.89,0.08,STABLE,-1.3,-1.9,(2, 3, 1, 0),False,16.5,WARN(CAL),0.00,-0.24,True,100.8,
1769847153.860,35.907698,139.835197,OK,21,0.6,6.4,9.67,0.13,STABLE,-1.2,-1.6,(2, 3, 1, 0),False,16.5,WARN(CAL),0.00,-0.21,True,101.8,
1769847154.885,35.907557,139.835143,OK,20,0.6,5.8,9.69,0.11,STABLE,-1.4,-2.4,(0, 3, 1, 0),False,16.5,WARN(CAL),0.00,-0.27,True,102.8,
1769847155.912,35.907412,139.835082,OK,20,0.6,5.5,9.72,0.09,STABLE,-1.4,-2.9,(2, 3, 1, 0),False,17.1,WARN(CAL),0.00,-0.31,True,103.9,
1769847156.942,35.907293,139.835002,OK,20,0.6,4.7,9.74,0.06,STABLE,-1.6,-3.9,(2, 3, 1, 0),False,15.0,WARN(CAL),0.00,-0.32,True,104.9,
1769847158.014,35.907132,139.834928,OK,19,0.7,4.1,9.73,0.08,STABLE,-1.8,-4.4,(2, 3, 1, 0),False,19.2,WARN(CAL),0.00,-0.33,True,106.0,
1769847159.039,35.906972,139.834860,OK,19,0.7,3.7,9.75,0.06,STABLE,-1.8,-4.7,(0, 3, 1, 0),False,18.8,WARN(CAL),0.00,-0.33,True,107.0,
1769847160.067,35.906825,139.834785,OK,20,0.6,3.9,9.78,0.03,STABLE,-1.8,-4.7,(0, 3, 1, 0),False,17.7,WARN(CAL),0.00,-0.34,True,108.0,
1769847161.094,35.906685,139.834725,OK,20,0.6,3.9,9.77,0.04,STABLE,-1.8,-4.7,(2, 3, 1, 0),False,16.5,WARN(CAL),0.00,-0.33,True,109.0,
1769847162.121,35.906535,139.834645,OK,20,0.6,3.6,9.74,0.07,STABLE,-1.8,-4.7,(2, 3, 1, 0),False,18.2,WARN(CAL),0.00,-0.32,True,110.1,
1769847163.192,35.906390,139.834558,OK,20,0.6,3.8,9.76,0.05,STABLE,-1.8,-4.7,(2, 3, 1, 0),False,17.9,WARN(CAL),0.00,-0.35,True,111.1,
1769847164.277,35.906235,139.834448,OK,21,0.6,3.4,9.78,0.03,STABLE,-1.8,-4.7,(2, 3, 1, 0),False,19.9,WARN(CAL),0.00,-0.36,True,112.2,
1769847165.301,35.906082,139.834345,OK,21,0.6,2.2,9.79,0.02,STABLE,-1.8,-4.7,(2, 3, 1, 0),False,19.4,WARN(CAL),0.00,-0.28,True,113.3,
1769847166.327,35.905935,139.834252,OK,21,0.6,1.1,9.79,0.02,STABLE,-1.8,-4.7,(2, 3, 1, 0),False,18.3,WARN(CAL),0.00,-0.29,True,114.3,
1769847167.359,35.905788,139.834163,OK,22,0.6,1.1,9.78,0.03,STABLE,-1.8,-4.7,(0, 3, 1, 0),False,18.1,WARN(CAL),0.00,-0.35,True,115.3,
1769847168.389,35.905640,139.834048,OK,22,0.6,1.5,9.75,0.06,STABLE,-1.8,-4.7,(0, 3, 1, 0),False,19.5,WARN(CAL),0.00,-0.33,True,116.3,
1769847169.476,35.905493,139.833945,OK,22,0.6,1.3,9.76,0.05,STABLE,-1.8,-4.7,(2, 3, 1, 0),False,18.8,WARN(CAL),0.00,-0.35,True,117.4,
1769847170.502,35.905355,139.833845,OK,22,0.6,1.4,9.78,0.03,STABLE,-1.8,-4.7,(2, 3, 1, 0),False,17.8,WARN(CAL),0.00,-0.31,True,118.5,
1769847171.534,35.905208,139.833735,OK,22,0.6,0.8,9.75,0.06,STABLE,-1.8,-4.7,(2, 3, 1, 0),False,19.1,WARN(CAL),0.00,-0.32,True,119.5,
1769847172.559,35.905068,139.833610,OK,22,0.6,0.6,9.79,0.02,STABLE,-1.8,-4.7,(2, 3, 1, 0),False,19.2,WARN(CAL),0.00,-0.32,True,120.5,
1769847173.588,35.904942,139.833500,OK,21,0.6,0.9,9.77,0.04,STABLE,-1.8,-4.7,(0, 3, 1, 0),False,17.2,WARN(CAL),0.00,-0.34,True,121.5,
1769847174.661,35.904807,139.833392,OK,21,0.6,0.9,9.74,0.07,STABLE,-1.8,-4.7,(2, 3, 1, 0),False,17.9,WARN(CAL),0.00,-0.31,True,122.6,
1769847175.692,35.904665,139.833275,OK,21,0.6,0.4,9.77,0.03,STABLE,-1.8,-4.7,(2, 3, 1, 0),False,18.9,WARN(CAL),0.00,-0.34,True,123.6,
1769847176.723,35.904525,139.833165,OK,21,0.6,-0.6,9.76,0.04,STABLE,-2.2,-6.5,(0, 3, 1, 0),False,18.5,WARN(CAL),0.00,-0.51,True,124.7,
1769847177.756,35.904388,139.833057,OK,21,0.6,-0.4,9.88,0.07,STABLE,-3.4,-11.1,(2, 3, 1, 0),False,18.1,WARN(CAL),0.00,-0.86,True,125.7,
1769847178.791,35.904258,139.832957,OK,21,0.6,0.1,9.83,0.03,STABLE,-3.4,-11.2,(3, 3, 1, 0),False,17.0,WARN(CAL),0.00,-0.61,True,126.7,
1769847179.864,35.904135,139.832842,OK,21,0.6,0.3,10.11,0.30,STABLE,-3.2,-10.4,(1, 3, 1, 0),False,17.2,WARN(CAL),0.00,-0.41,True,127.8,
1769847180.895,35.904008,139.832743,OK,21,0.6,0.6,9.35,0.45,STABLE,-3.2,-10.1,(1, 3, 1, 0),False,16.6,WARN(CAL),0.00,-0.50,True,128.8,
1769847181.927,35.903893,139.832648,OK,21,0.6,0.1,9.83,0.02,STABLE,-3.1,-9.6,(1, 3, 1, 0),False,15.4,WARN(CAL),0.00,-0.45,True,129.9,
1769847182.960,35.903783,139.832560,OK,21,0.6,0.6,9.60,0.21,STABLE,-3.0,-9.1,(3, 3, 1, 0),False,14.6,WARN(CAL),0.00,-0.68,True,130.9,
1769847183.990,35.903663,139.832462,OK,21,0.6,0.1,9.47,0.34,STABLE,-2.9,-8.8,(3, 3, 1, 0),False,16.0,WARN(CAL),0.00,-0.74,True,131.9,
1769847185.064,35.903550,139.832372,OK,21,0.6,-0.4,327.14,317.34,IMPACT,-2.8,-8.4,(3, 3, 1, 0),False,15.0,WARN(CAL),0.00,327.00,False,0.0,STOP_END
1769847186.139,35.903443,139.832282,OK,21,0.6,0.3,9.35,0.46,STABLE,-2.6,-8.1,(3, 3, 1, 0),False,14.4,WARN(CAL),0.00,-0.76,True,0.0,STOP_START
1769847187.223,35.903333,139.832197,OK,21,0.6,0.6,10.51,0.71,SHAKE,-2.6,-7.8,(2, 3, 1, 0),False,14.4,WARN(CAL),0.00,-0.64,True,1.1,
1769847188.298,35.903215,139.832107,OK,21,0.6,1.0,10.17,0.37,STABLE,-2.4,-7.6,(2, 3, 1, 0),False,15.5,WARN(CAL),0.00,-0.56,True,2.2,
1769847189.374,35.903115,139.832005,OK,21,0.6,1.0,9.30,0.51,SHAKE,-2.4,-7.6,(2, 3, 1, 0),False,14.4,WARN(CAL),0.00,-0.57,True,3.2,
1769847190.455,35.903015,139.831920,OK,20,0.6,0.7,9.29,0.52,SHAKE,-2.2,-7.6,(2, 3, 1, 0),False,13.5,WARN(CAL),0.00,-0.62,True,4.3,
1769847191.528,35.902920,139.831842,OK,20,0.6,1.4,8.56,1.25,SHAKE,-2.8,-6.8,(3, 3, 1, 0),False,12.7,WARN(CAL),0.00,-1.21,True,5.4,
1769847192.604,35.902827,139.831760,OK,20,0.6,1.6,10.43,0.62,SHAKE,-2.8,-7.4,(2, 3, 1, 0),False,12.7,WARN(CAL),0.00,-0.41,True,6.5,
1769847193.671,35.902737,139.831677,OK,19,0.6,2.7,9.56,0.25,STABLE,-2.4,-7.4,(2, 3, 1, 0),False,12.5,WARN(CAL),0.00,-0.17,True,7.5,
1769847194.700,35.902635,139.831595,OK,20,0.6,3.6,326.58,316.78,IMPACT,-1.8,-7.5,(2, 3, 1, 0),False,13.5,WARN(CAL),0.00,-0.38,True,8.6,
1769847195.731,35.902537,139.831513,OK,20,0.6,4.3,9.80,0.00,STABLE,-1.9,-7.0,(3, 1, 2, 2),False,13.2,WARN(CAL),0.00,-0.53,True,9.6,
1769847196.765,35.902438,139.831430,OK,20,0.6,4.7,9.80,0.01,STABLE,-1.8,-6.6,(2, 3, 1, 0),False,13.3,WARN(CAL),0.00,0.01,True,10.6,
1769847197.793,35.902340,139.831360,OK,20,0.6,4.5,9.44,0.37,STABLE,-1.6,-6.4,(2, 3, 1, 0),False,12.6,WARN(CAL),0.00,-0.44,True,11.7,
1769847198.875,35.902233,139.831293,OK,20,0.6,3.9,9.90,0.09,STABLE,-1.8,-6.2,(2, 3, 1, 0),False,13.3,WARN(CAL),0.00,-0.41,True,12.7,
1769847199.941,35.902143,139.831218,OK,20,0.6,4.4,10.37,0.56,SHAKE,-1.7,-6.1,(2, 3, 1, 0),False,12.1,WARN(CAL),0.00,0.00,True,13.8,
1769847201.032,35.902060,139.831138,OK,20,0.6,5.3,10.48,0.68,SHAKE,-1.7,-6.0,(2, 3, 1, 0),False,11.7,WARN(CAL),0.00,-0.25,True,14.9,
1769847202.116,35.901967,139.831063,OK,20,0.6,5.1,317.55,307.75,IMPACT,-1.9,-6.1,(2, 3, 1, 0),False,12.4,WARN(CAL),0.00,-0.45,True,16.0,
1769847203.148,35.901860,139.830987,OK,20,0.6,4.6,9.76,0.05,STABLE,-2.0,-5.7,(2, 3, 1, 0),False,13.7,WARN(CAL),0.00,-0.85,True,17.0,
1769847204.178,35.901763,139.830912,OK,20,0.6,3.5,10.13,0.32,STABLE,-2.0,-5.4,(2, 3, 1, 0),False,12.7,WARN(CAL),0.00,-0.17,True,18.0,
1769847205.214,35.901655,139.830838,OK,21,0.6,3.7,9.72,0.09,STABLE,-2.2,-5.6,(2, 3, 1, 0),False,13.7,WARN(CAL),0.00,-0.73,True,19.1,
1769847206.253,35.901545,139.830767,OK,22,0.6,3.7,10.08,0.27,STABLE,-2.1,-6.0,(2, 3, 1, 0),False,13.8,WARN(CAL),0.00,-0.79,True,20.1,
1769847207.342,35.901435,139.830690,OK,22,0.6,3.5,10.12,0.31,STABLE,-2.0,-5.9,(2, 3, 1, 0),False,14.0,WARN(CAL),0.00,-0.19,True,21.2,
1769847208.370,35.901328,139.830617,OK,22,0.6,3.3,10.24,0.43,STABLE,-2.1,-5.9,(2, 3, 1, 0),False,13.6,WARN(CAL),0.00,-0.84,True,22.2,
1769847209.404,35.901218,139.830542,OK,22,0.6,3.5,9.07,0.73,SHAKE,-2.2,-5.6,(3, 3, 1, 0),False,14.0,WARN(CAL),0.00,-0.04,True,23.3,
1769847210.432,35.901105,139.830472,OK,22,0.6,4.0,9.40,0.40,STABLE,-2.2,-5.5,(1, 3, 1, 0),False,14.1,WARN(CAL),0.00,-0.48,True,24.3,
1769847211.456,35.900988,139.830410,OK,21,0.6,4.3,10.04,0.23,STABLE,-1.9,-5.0,(1, 3, 1, 0),False,14.1,WARN(CAL),0.00,-0.02,True,25.3,
1769847212.545,35.900892,139.830340,OK,21,0.6,5.4,9.88,0.07,STABLE,-1.7,-4.5,(3, 3, 1, 0),False,12.5,WARN(CAL),0.00,-0.03,True,26.4,
1769847213.620,35.900785,139.830270,OK,21,0.6,5.2,9.04,0.76,SHAKE,-1.3,-2.6,(2, 3, 1, 0),False,13.4,WARN(CAL),0.00,0.04,True,27.5,
1769847214.685,35.900675,139.830210,OK,20,0.6,4.3,10.24,0.44,STABLE,-0.9,-2.3,(0, 3, 1, 0),False,13.4,WARN(CAL),0.00,-0.17,True,28.5,
1769847215.772,35.900592,139.830155,OK,20,0.6,4.3,9.82,0.02,STABLE,-0.9,-2.6,(2, 3, 1, 0),False,10.5,WARN(CAL),0.00,-0.01,True,29.6,
1769847216.793,35.900502,139.830095,OK,20,0.6,4.4,9.79,0.02,STABLE,-1.1,-3.9,(2, 3, 1, 0),False,11.4,WARN(CAL),0.00,-0.17,True,30.7,
1769847217.819,35.900392,139.830043,OK,20,0.6,4.5,9.73,0.08,STABLE,-1.4,-4.6,(2, 3, 1, 0),False,13.1,WARN(CAL),0.00,-0.26,True,31.7,
1769847218.850,35.900283,139.829988,OK,20,0.6,4.3,9.81,0.00,STABLE,-1.7,-5.8,(2, 3, 1, 0),False,13.0,WARN(CAL),0.00,-0.29,True,32.7,
1769847219.876,35.900187,139.829933,OK,20,0.6,4.1,9.77,0.03,STABLE,-1.9,-6.7,(2, 3, 1, 0),False,11.8,WARN(CAL),0.00,-0.36,True,33.7,
1769847220.963,35.900073,139.829882,OK,20,0.6,3.7,9.72,0.08,STABLE,-2.1,-7.1,(2, 3, 1, 0),False,13.4,WARN(CAL),0.00,-0.35,True,34.8,
1769847221.993,35.899970,139.829822,OK,20,0.6,3.4,9.69,0.12,STABLE,-2.1,-7.1,(2, 3, 1, 0),False,12.7,WARN(CAL),0.00,-0.39,True,35.9,
1769847223.026,35.899863,139.829755,OK,20,0.6,4.4,9.83,0.02,STABLE,-2.2,-7.5,(2, 3, 1, 0),False,13.3,WARN(CAL),0.00,-0.43,True,36.9,
1769847224.052,35.899757,139.829710,OK,21,0.6,4.3,9.77,0.03,STABLE,-2.2,-7.5,(0, 3, 1, 0),False,12.5,WARN(CAL),0.00,-0.38,True,37.9,
1769847225.081,35.899652,139.829665,OK,21,0.6,4.1,9.87,0.06,STABLE,-2.2,2040.5,(2, 3, 1, 0),False,12.4,WARN(CAL),0.00,-0.48,True,38.9,
1769847226.150,35.899537,139.829637,OK,21,0.6,4.9,9.78,0.03,STABLE,-2.2,-7.6,(2, 3, 1, 0),False,13.0,WARN(CAL),0.00,-0.35,True,40.0,
1769847227.232,35.899427,139.829597,OK,21,0.6,5.1,9.77,0.03,STABLE,-2.2,-7.9,(2, 3, 1, 0),False,12.8,WARN(CAL),0.00,-0.39,True,41.1,
1769847228.317,35.899322,139.829547,OK,21,0.6,4.7,9.80,0.01,STABLE,-2.2,-7.9,(2, 3, 1, 0),False,12.5,WARN(CAL),0.00,-0.38,True,42.2,
1769847229.351,35.899217,139.829492,OK,22,0.6,5.0,9.70,0.10,STABLE,-2.2,-7.9,(2, 3, 1, 0),False,12.7,WARN(CAL),0.00,-0.40,True,43.2,
1769847230.384,35.899108,139.829438,OK,21,0.6,4.6,9.81,0.00,STABLE,-2.2,-7.9,(0, 3, 1, 0),False,13.0,WARN(CAL),0.00,-0.35,True,44.2,
1769847231.414,35.899000,139.829398,OK,21,0.6,4.7,9.78,0.02,STABLE,-2.2,-7.9,(0, 3, 1, 0),False,12.6,WARN(CAL),0.00,-0.35,True,45.3,
1769847232.448,35.898892,139.829348,OK,21,0.6,4.4,9.79,0.02,STABLE,-2.2,-7.9,(2, 3, 1, 0),False,12.9,WARN(CAL),0.00,-0.38,True,46.3,
1769847233.527,35.898787,139.829305,OK,21,0.6,3.5,9.76,0.04,STABLE,-2.2,-7.9,(2, 3, 1, 0),False,12.3,WARN(CAL),0.00,-0.40,True,47.4,
1769847234.559,35.898683,139.829262,OK,20,0.6,2.7,9.77,0.03,STABLE,-2.2,-7.9,(2, 3, 1, 0),False,12.1,WARN(CAL),0.00,-0.39,True,48.4,
1769847235.593,35.898573,139.829210,OK,20,0.6,1.6,9.76,0.05,STABLE,-2.2,-7.9,(2, 3, 1, 0),False,13.1,WARN(CAL),0.00,-0.36,True,49.5,
1769847236.627,35.898467,139.829155,OK,19,0.6,1.6,9.78,0.03,STABLE,-2.2,-7.9,(2, 3, 1, 0),False,12.9,WARN(CAL),0.00,-0.40,True,50.5,
1769847237.662,35.898350,139.829118,OK,20,0.6,2.0,9.75,0.05,STABLE,-2.2,-7.9,(2, 3, 1, 0),False,13.4,WARN(CAL),0.00,-0.42,True,51.5,
1769847238.744,35.898248,139.829072,OK,20,0.6,1.9,9.77,0.04,STABLE,-2.2,-7.9,(2, 3, 1, 0),False,12.1,WARN(CAL),0.00,-0.38,True,52.6,
1769847239.830,35.898130,139.829027,OK,20,0.6,0.9,9.77,0.04,STABLE,-2.2,-7.9,(2, 3, 1, 0),False,13.8,WARN(CAL),0.00,-0.40,True,53.7,
1769847240.862,35.898023,139.828977,OK,20,0.6,1.3,9.80,0.01,STABLE,-2.2,-7.9,(0, 3, 1, 0),False,12.7,WARN(CAL),0.00,-0.38,True,54.7,
1769847241.893,35.897918,139.828923,OK,20,0.6,1.0,9.77,0.03,STABLE,-2.2,-7.9,(2, 3, 1, 0),False,12.6,WARN(CAL),0.00,-0.40,True,55.8,
1769847242.913,35.897815,139.828878,OK,20,0.6,0.4,9.75,0.05,STABLE,-2.2,-7.9,(2, 3, 1, 0),False,12.2,WARN(CAL),0.00,-0.40,True,56.8,
1769847243.937,35.897712,139.828838,OK,20,0.6,-0.1,9.75,0.06,STABLE,-2.2,-7.9,(2, 3, 1, 0),False,12.0,WARN(CAL),0.00,-0.38,True,57.8,
1769847245.003,35.897612,139.828800,OK,20,0.6,-0.5,9.80,0.00,STABLE,-2.2,-7.9,(2, 3, 1, 0),False,11.6,WARN(CAL),0.00,-0.43,True,58.9,
1769847246.083,35.897517,139.828760,OK,20,0.6,-1.0,9.75,0.05,STABLE,-2.2,-7.9,(2, 3, 1, 0),False,11.2,WARN(CAL),0.00,-0.42,True,59.9,
1769847247.116,35.897418,139.828718,OK,20,0.6,-1.6,9.75,0.05,STABLE,-2.2,-7.9,(3, 3, 1, 0),False,11.6,WARN(CAL),0.00,-0.38,True,61.0,
1769847248.151,35.897315,139.828685,OK,20,0.6,-2.8,9.75,0.05,STABLE,-2.2,-7.9,(3, 3, 1, 0),False,11.9,WARN(CAL),0.00,-0.43,True,62.0,
1769847249.184,35.897220,139.828645,OK,20,0.6,-1.2,9.76,0.04,STABLE,-2.2,-7.9,(1, 3, 1, 0),False,11.2,WARN(CAL),0.00,-0.43,True,63.0,
1769847250.216,35.897128,139.828608,OK,20,0.6,0.5,9.76,0.04,STABLE,-2.2,-7.9,(3, 3, 1, 0),False,10.7,WARN(CAL),0.00,-0.38,True,64.1,
1769847251.302,35.897025,139.828567,OK,20,0.6,1.2,9.76,0.04,STABLE,-2.2,-7.9,(1, 3, 1, 0),False,12.1,WARN(CAL),0.00,-0.40,True,65.2,
1769847252.392,35.896925,139.828528,OK,19,0.7,1.3,9.77,0.03,STABLE,-2.2,-7.9,(1, 3, 1, 0),False,11.6,WARN(CAL),0.00,-0.40,True,66.3,
1769847253.426,35.896842,139.828493,OK,19,0.7,1.4,9.78,0.02,STABLE,-2.2,-7.9,(1, 3, 1, 0),False,9.8,WARN(CAL),0.00,-0.40,True,67.3,
1769847254.459,35.896752,139.828460,OK,19,0.7,1.8,9.84,0.03,STABLE,-2.2,-7.9,(3, 3, 1, 0),False,10.4,WARN(CAL),0.00,-0.43,True,68.3,
1769847255.491,35.896658,139.828427,OK,20,0.7,1.7,9.76,0.04,STABLE,-2.2,-7.9,(3, 3, 1, 0),False,10.8,WARN(CAL),0.00,-0.41,True,69.4,
1769847256.523,35.896568,139.828385,OK,21,0.6,2.0,9.78,0.02,STABLE,-2.2,-7.9,(3, 3, 1, 0),False,10.7,WARN(CAL),0.00,-0.42,True,70.4,
1769847257.604,35.896483,139.828340,OK,21,0.6,2.1,9.78,0.03,STABLE,-2.2,-7.9,(3, 3, 1, 0),False,10.3,WARN(CAL),0.00,-0.41,True,71.5,
1769847258.679,35.896415,139.828313,OK,21,0.6,2.7,9.76,0.04,STABLE,-2.2,-7.9,(1, 3, 1, 0),False,8.0,WARN(CAL),0.00,-0.39,True,72.5,
1769847259.752,35.896330,139.828280,OK,21,0.6,2.7,9.78,0.03,STABLE,-2.2,-7.9,(3, 3, 1, 0),False,9.9,WARN(CAL),0.00,-0.42,True,73.6,
1769847260.837,35.896250,139.828245,OK,21,0.6,2.7,9.78,0.03,STABLE,-2.2,-7.9,(3, 3, 1, 0),False,9.4,WARN(CAL),0.00,-0.41,True,74.7,
1769847261.868,35.896173,139.828210,OK,21,0.6,2.7,9.74,0.06,STABLE,-2.2,-7.9,(3, 3, 1, 0),False,9.1,WARN(CAL),0.00,-0.41,True,75.7,
1769847262.896,35.896092,139.828173,OK,21,0.6,2.2,9.78,0.03,STABLE,-2.2,-7.9,(3, 3, 1, 0),False,9.7,WARN(CAL),0.00,-0.41,True,76.8,
1769847263.925,35.896010,139.828140,OK,20,0.6,2.1,9.75,0.05,STABLE,-2.2,-7.9,(3, 3, 1, 0),False,9.6,WARN(CAL),0.00,-0.41,True,77.8,
1769847264.955,35.895930,139.828107,OK,20,0.6,2.0,9.71,0.09,STABLE,-2.2,-7.9,(1, 3, 1, 0),False,9.4,WARN(CAL),0.00,-0.42,True,78.8,
1769847266.043,35.895852,139.828075,OK,20,0.6,1.6,9.81,0.00,STABLE,,,(3, 3, 1, 0),False,9.2,WARN(CAL),0.00,-0.42,True,79.9,
1769847267.081,35.895773,139.828045,OK,20,0.6,1.6,9.77,0.03,STABLE,-2.2,-7.9,(3, 3, 1, 0),False,9.1,WARN(CAL),0.00,-0.42,True,80.9,
1769847268.108,35.895700,139.828013,OK,20,0.6,1.4,9.79,0.02,STABLE,-2.2,-7.9,(1, 3, 1, 0),False,8.6,WARN(CAL),0.00,-0.40,True,82.0,
1769847269.136,35.895627,139.827982,OK,20,0.6,0.8,9.78,0.02,STABLE,-2.2,-7.9,(3, 3, 1, 0),False,8.6,WARN(CAL),0.00,-0.38,True,83.0,
1769847270.165,35.895553,139.827952,OK,20,0.6,0.5,9.79,0.02,STABLE,-2.2,-7.9,(3, 3, 1, 0),False,8.6,WARN(CAL),0.00,-0.40,True,84.0,
1769847271.248,35.895482,139.827922,OK,22,0.6,0.6,9.76,0.04,STABLE,-2.2,-7.9,(3, 3, 1, 0),False,8.4,WARN(CAL),0.00,-0.41,True,85.1,
1769847272.280,35.895415,139.827890,OK,22,0.6,0.3,9.76,0.05,STABLE,-2.2,-7.9,(3, 3, 1, 0),False,7.9,WARN(CAL),0.00,-0.37,True,86.1,
1769847273.315,35.895353,139.827860,OK,22,0.6,0.4,9.81,0.01,STABLE,-2.2,-7.9,(3, 3, 1, 0),False,7.4,WARN(CAL),0.00,-0.42,True,87.2,
1769847274.349,35.895293,139.827832,OK,22,0.6,0.9,9.77,0.04,STABLE,-2.2,-7.9,(3, 3, 1, 0),False,7.1,WARN(CAL),0.00,-0.40,True,88.2,
1769847275.382,35.895238,139.827807,OK,22,0.6,1.1,9.79,0.02,STABLE,-2.2,-7.9,(3, 3, 1, 0),False,6.5,WARN(CAL),0.00,-0.41,True,89.2,
1769847276.466,35.895188,139.827783,OK,22,0.6,1.3,9.75,0.06,STABLE,-2.2,-7.9,(3, 3, 1, 0),False,5.9,WARN(CAL),0.00,-0.38,True,90.3,
1769847277.553,35.895142,139.827760,OK,22,0.6,1.5,9.76,0.04,STABLE,-2.2,-7.9,(1, 3, 1, 0),False,5.6,WARN(CAL),0.00,-0.40,True,91.4,
1769847278.623,35.895100,139.827738,OK,22,0.6,1.7,9.79,0.02,STABLE,-2.2,-7.9,(3, 3, 1, 0),False,5.0,WARN(CAL),0.00,-0.38,True,92.5,
1769847279.698,35.895062,139.827717,OK,20,0.6,1.9,9.85,0.04,STABLE,-2.2,-7.9,(3, 3, 1, 0),False,4.7,WARN(CAL),0.00,-0.44,True,93.6,
1769847280.785,35.895027,139.827697,OK,20,0.6,2.4,9.71,0.09,STABLE,-2.2,-7.9,(3, 3, 1, 0),False,4.3,WARN(CAL),0.00,-0.45,True,94.6,
1769847281.818,35.894998,139.827677,OK,20,0.6,3.0,9.76,0.04,STABLE,-2.2,-7.8,(3, 3, 1, 0),False,3.6,WARN(CAL),0.00,-0.40,True,95.7,
1769847282.842,35.894972,139.827662,OK,22,0.6,3.1,9.82,0.01,STABLE,-2.2,-7.8,(3, 3, 1, 0),False,3.3,WARN(CAL),0.00,-0.40,True,96.7,
1769847283.866,35.894948,139.827647,OK,22,0.6,3.4,9.78,0.02,STABLE,-2.2,-7.8,(3, 3, 1, 0),False,2.9,WARN(CAL),0.00,-0.42,True,97.7,
1769847284.899,35.894930,139.827635,OK,21,0.6,3.7,9.81,0.00,STABLE,-2.2,-7.8,(1, 3, 1, 0),False,2.3,WARN(CAL),0.00,-0.41,True,98.8,
1769847285.990,35.894913,139.827625,OK,21,0.6,3.9,9.78,0.02,STABLE,-2.2,-7.8,(1, 3, 1, 0),False,2.1,WARN(CAL),0.00,-0.39,True,99.9,
1769847287.026,35.894898,139.827617,OK,21,0.6,4.2,9.80,0.01,STABLE,-2.2,-7.8,(1, 3, 1, 0),False,1.8,WARN(CAL),0.00,-0.39,True,100.9,
1769847288.059,35.894890,139.827612,OK,20,0.6,4.5,9.77,0.03,STABLE,-2.2,-7.8,(1, 3, 1, 0),False,1.0,WARN(CAL),0.00,-0.41,True,101.9,
1769847289.091,35.894887,139.827608,OK,20,0.6,4.9,9.74,0.06,STABLE,-2.2,-7.8,(3, 3, 1, 0),False,0.5,WARN(CAL),0.00,-0.40,True,103.0,
1769847290.122,35.894885,139.827605,OK,21,0.6,5.1,9.75,0.05,STABLE,-2.2,-7.8,(3, 3, 1, 0),False,0.4,WARN(CAL),0.00,-0.41,True,104.0,
1769847291.205,35.894883,139.827603,OK,21,0.6,4.5,9.79,0.01,STABLE,-2.2,-7.8,(1, 3, 1, 0),False,0.2,WARN(CAL),0.00,-0.41,True,105.1,
1769847292.294,35.894883,139.827603,OK,22,0.6,4.5,9.74,0.06,STABLE,-2.2,-7.8,(1, 3, 1, 0),False,0.0,WARN(CAL),0.00,-0.38,True,106.2,
1769847293.315,35.894882,139.827602,OK,21,0.6,4.6,9.75,0.06,STABLE,-2.2,-7.8,(3, 3, 1, 0),False,0.2,WARN(CAL),0.00,-0.40,True,107.2,
1769847294.347,35.894880,139.827602,OK,19,0.6,4.6,9.75,0.05,STABLE,-2.2,-7.8,(1, 3, 1, 0),False,0.2,WARN(CAL),0.00,-0.38,True,108.2,
1769847295.378,35.894878,139.827602,OK,21,0.6,4.6,9.85,0.05,STABLE,-2.2,-7.8,(3, 3, 1, 0),False,0.2,WARN(CAL),0.00,-0.40,True,109.2,
1769847296.404,35.894877,139.827603,OK,21,0.6,4.5,9.76,0.05,STABLE,-2.2,-7.8,(3, 3, 1, 0),False,0.2,WARN(CAL),0.00,-0.42,True,110.3,
1769847297.489,35.894875,139.827602,OK,21,0.6,4.6,9.81,0.00,STABLE,-2.2,-7.8,(3, 3, 1, 0),False,0.2,WARN(CAL),0.00,-0.37,True,111.3,
1769847298.512,35.894875,139.827603,OK,20,0.6,4.5,9.76,0.04,STABLE,-2.2,-7.8,(3, 3, 1, 0),False,0.2,WARN(CAL),0.00,-0.41,True,112.4,
1769847299.544,35.894877,139.827602,OK,21,0.6,4.6,9.77,0.03,STABLE,-2.2,-7.8,(3, 3, 1, 0),False,0.2,WARN(CAL),0.00,-0.42,True,113.4,
1769847300.570,35.894873,139.827600,OK,20,0.6,4.7,9.76,0.05,STABLE,-2.2,-7.8,(1, 3, 1, 0),False,0.4,WARN(CAL),0.00,-0.40,True,114.4,
1769847301.601,35.894870,139.827600,OK,21,0.6,4.7,9.76,0.04,STABLE,-2.2,-7.8,(3, 3, 1, 0),False,0.4,WARN(CAL),0.00,-0.39,True,115.5,
1769847302.678,35.894867,139.827602,OK,20,0.6,4.7,9.78,0.03,STABLE,-2.2,-7.8,(1, 3, 1, 0),False,0.4,WARN(CAL),0.00,-0.41,True,116.5,
1769847303.748,35.894863,139.827602,OK,21,0.6,4.7,9.74,0.07,STABLE,-2.2,-7.8,(1, 3, 1, 0),False,0.4,WARN(CAL),0.00,-0.41,True,117.6,
1769847304.826,35.894863,139.827602,OK,21,0.6,4.8,9.80,0.00,STABLE,-2.2,-7.8,(3, 3, 1, 0),False,0.0,WARN(CAL),0.00,-0.40,True,118.7,
1769847305.858,35.894863,139.827603,OK,21,0.6,4.7,9.77,0.03,STABLE,-2.2,-7.8,(3, 3, 1, 0),False,0.2,WARN(CAL),0.00,-0.40,True,119.7,
1769847306.892,35.894860,139.827608,OK,21,0.6,4.6,9.80,0.01,STABLE,-2.2,-7.8,(3, 3, 1, 0),False,0.6,WARN(CAL),0.00,-0.41,True,120.8,
1769847307.929,35.894857,139.827610,OK,20,0.6,4.6,9.84,0.03,STABLE,-2.2,-7.8,(1, 3, 1, 0),False,0.4,WARN(CAL),0.00,-0.43,True,121.8,
1769847308.956,35.894855,139.827610,OK,20,0.6,4.5,9.77,0.04,STABLE,-2.2,-7.8,(3, 3, 1, 0),False,0.2,WARN(CAL),0.00,-0.41,True,122.8,
1769847310.037,35.894853,139.827612,OK,20,0.6,4.5,9.76,0.04,STABLE,-2.2,-7.8,(3, 3, 1, 0),False,0.2,WARN(CAL),0.00,-0.35,True,123.9,
1769847311.130,35.894852,139.827612,OK,21,0.6,4.6,9.77,0.04,STABLE,-2.5,-8.8,(1, 3, 1, 0),False,0.2,WARN(CAL),0.00,-0.45,True,125.0,
1769847312.161,35.894848,139.827610,OK,21,0.6,4.6,9.81,0.01,STABLE,-2.9,-10.4,(1, 3, 1, 0),False,0.4,WARN(CAL),0.00,-0.61,True,126.0,
1769847313.195,35.894837,139.827607,OK,21,0.6,4.6,9.88,0.08,STABLE,-3.2,-11.7,(1, 3, 1, 0),False,1.3,WARN(CAL),0.00,-0.78,True,127.1,
1769847314.228,35.894822,139.827600,OK,21,0.6,4.6,9.65,0.15,STABLE,-3.2,-11.8,(3, 3, 1, 0),False,1.8,WARN(CAL),0.00,-0.62,True,128.1,
1769847315.256,35.894807,139.827593,OK,21,0.6,4.6,10.67,0.87,SHAKE,-3.2,-11.3,(3, 3, 1, 0),False,1.8,WARN(CAL),0.00,-0.69,True,129.1,
1769847316.342,35.894777,139.827578,OK,21,0.6,4.5,9.74,0.06,STABLE,-3.2,-11.1,(3, 3, 1, 0),False,3.6,WARN(CAL),0.00,-0.50,True,130.2,
1769847317.372,35.894738,139.827558,OK,21,0.6,4.4,9.71,0.09,STABLE,-3.2,-10.6,(1, 3, 1, 0),False,4.6,WARN(CAL),0.00,-0.49,True,131.2,
1769847318.402,35.894693,139.827537,OK,21,0.6,4.1,9.51,0.29,STABLE,-3.2,-10.4,(3, 3, 1, 0),False,5.4,WARN(CAL),0.00,-0.66,True,132.3,
1769847319.421,35.894645,139.827515,OK,21,0.6,3.9,9.74,0.07,STABLE,-3.2,-9.9,(3, 3, 1, 0),False,5.7,WARN(CAL),0.00,-0.68,True,133.3,
1769847320.455,35.894592,139.827488,OK,21,0.6,3.8,10.06,0.26,STABLE,-2.4,-7.4,(3, 3, 1, 0),False,6.4,WARN(CAL),0.00,-0.42,True,134.3,
1769847321.539,35.894537,139.827460,OK,21,0.6,3.8,9.82,0.02,STABLE,-2.1,-5.9,(2, 3, 1, 0),False,6.6,WARN(CAL),0.00,-0.29,True,135.4,
1769847322.605,35.894477,139.827435,OK,21,0.6,3.3,9.95,0.14,STABLE,-2.1,-5.8,(2, 3, 1, 0),False,7.0,WARN(CAL),0.00,-0.39,True,136.5,
1769847323.678,35.894413,139.827408,OK,21,0.6,2.8,9.92,0.11,STABLE,-2.3,-6.2,(2, 3, 1, 0),False,7.4,WARN(CAL),0.00,-0.38,True,137.5,
1769847324.706,35.894347,139.827380,OK,21,0.6,2.2,9.64,0.17,STABLE,-2.2,-6.3,(3, 3, 1, 0),False,7.8,WARN(CAL),0.00,-0.39,True,138.6,
1769847325.737,35.894280,139.827352,OK,21,0.6,1.6,9.88,0.07,STABLE,-2.5,-7.0,(3, 3, 1, 0),False,7.8,WARN(CAL),0.00,-0.76,True,139.6,
1769847326.762,35.894208,139.827323,OK,21,0.6,1.3,9.56,0.25,STABLE,-2.4,-6.8,(2, 3, 1, 0),False,8.4,WARN(CAL),0.00,-0.38,True,140.6,
1769847327.795,35.894137,139.827290,OK,21,0.6,1.0,10.29,0.49,STABLE,-2.6,-7.4,(2, 3, 1, 0),False,8.5,WARN(CAL),0.00,-0.51,True,141.7,
1769847328.870,35.894067,139.827260,OK,21,0.6,0.5,9.83,0.02,STABLE,-2.7,-7.9,(2, 3, 1, 0),False,8.2,WARN(CAL),0.00,-0.48,True,142.7,
1769847329.954,35.893993,139.827232,OK,21,0.6,0.1,9.65,0.16,STABLE,-2.8,-7.1,(2, 3, 1, 0),False,8.5,WARN(CAL),0.00,-0.41,True,143.8,
1769847330.980,35.893918,139.827202,OK,21,0.6,-0.2,9.65,0.16,STABLE,-3.0,-7.2,(2, 3, 1, 0),False,8.8,WARN(CAL),0.00,-0.49,True,144.8,
1769847332.009,35.893848,139.827170,OK,21,0.6,-0.4,9.83,0.02,STABLE,-2.9,-7.8,(2, 3, 1, 0),False,8.3,WARN(CAL),0.00,-0.38,True,145.9,
1769847333.036,35.893775,139.827140,OK,21,0.6,-0.8,10.00,0.20,STABLE,-2.9,-7.9,(0, 3, 1, 0),False,8.6,WARN(CAL),0.00,-0.36,True,146.9,
1769847334.069,35.893703,139.827110,OK,21,0.6,-0.7,9.96,0.15,STABLE,-2.8,-8.1,(2, 3, 1, 0),False,8.4,WARN(CAL),0.00,-0.46,True,147.9,
1769847335.143,35.893632,139.827077,OK,20,0.6,-1.0,9.74,0.06,STABLE,-2.8,-8.0,(2, 3, 1, 0),False,8.5,WARN(CAL),0.00,-0.46,True,149.0,
1769847336.224,35.893558,139.827045,OK,20,0.6,-1.2,9.65,0.16,STABLE,-2.7,-8.0,(2, 3, 1, 0),False,8.6,WARN(CAL),0.00,-0.55,True,150.1,
1769847337.309,35.893487,139.827015,OK,21,0.6,-1.2,9.81,0.01,STABLE,-2.9,-8.6,(2, 3, 1, 0),False,8.4,WARN(CAL),0.00,-0.62,True,151.2,
1769847338.341,35.893413,139.826985,OK,21,0.6,-1.3,9.78,0.03,STABLE,-2.8,-7.6,(2, 3, 1, 0),False,8.6,WARN(CAL),0.00,-0.37,True,152.2,
1769847339.370,35.893335,139.826955,OK,21,0.6,-0.9,9.61,0.19,STABLE,-2.6,-6.6,(2, 3, 1, 0),False,9.1,WARN(CAL),0.00,-0.34,True,153.2,
1769847340.400,35.893255,139.826925,OK,21,0.6,-0.5,9.92,0.12,STABLE,-2.6,-6.5,(2, 3, 1, 0),False,9.3,WARN(CAL),0.00,-0.39,True,154.3,
1769847341.426,35.892520,139.826630,OK,21,0.6,4.3,9.76,0.05,STABLE,-2.2,-5.6,(2, 3, 1, 0),False,85.9,WARN(CAL),0.00,-0.28,True,155.3,
1769847342.471,35.892500,139.826623,OK,21,0.6,4.2,9.73,0.08,STABLE,-2.1,-5.3,(0, 3, 1, 0),False,2.3,WARN(CAL),0.00,-0.31,True,156.3,
1769847343.546,35.892485,139.826620,OK,21,0.6,3.9,9.78,0.03,STABLE,-2.1,-5.6,(1, 3, 1, 0),False,1.7,WARN(CAL),0.00,-0.41,True,157.4,
1769847344.633,35.892473,139.826618,OK,21,0.6,3.9,9.72,0.09,STABLE,-2.2,-6.1,(3, 3, 1, 0),False,1.3,WARN(CAL),0.00,-0.39,True,158.5,
1769847345.715,35.892465,139.826618,OK,21,0.6,3.8,9.74,0.06,STABLE,-2.2,-6.2,(3, 3, 1, 0),False,0.9,WARN(CAL),0.00,-0.39,True,159.6,
1769847346.795,35.892458,139.826615,OK,21,0.6,4.0,9.77,0.04,STABLE,-2.2,-6.2,(3, 3, 1, 0),False,0.8,WARN(CAL),0.00,-0.41,True,160.7,
1769847347.869,35.892452,139.826612,OK,21,0.6,4.1,9.71,0.10,STABLE,-2.2,-6.2,(3, 3, 1, 0),False,0.8,WARN(CAL),0.00,-0.41,True,161.7,
1769847348.953,35.892447,139.826612,OK,21,0.6,4.3,9.79,0.02,STABLE,-2.2,-6.2,(3, 3, 1, 0),False,0.6,WARN(CAL),0.00,-0.43,True,162.8,
1769847350.037,35.892445,139.826610,OK,20,0.6,4.5,9.77,0.04,STABLE,-2.2,-6.2,(3, 3, 1, 0),False,0.2,WARN(CAL),0.00,-0.39,True,163.9,
1769847351.106,35.892442,139.826608,OK,20,0.6,4.6,9.81,0.00,STABLE,-2.2,-6.2,(3, 3, 1, 0),False,0.4,WARN(CAL),0.00,-0.41,True,165.0,
1769847352.185,35.892438,139.826607,OK,20,0.6,4.8,9.76,0.05,STABLE,-2.2,-6.2,(3, 3, 1, 0),False,0.4,WARN(CAL),0.00,-0.39,True,166.0,
1769847353.272,35.892433,139.826607,OK,20,0.6,4.8,9.80,0.01,STABLE,-2.2,-6.2,(3, 3, 1, 0),False,0.6,WARN(CAL),0.00,-0.42,True,167.1,
1769847354.312,35.892428,139.826605,OK,20,0.6,4.8,9.75,0.06,STABLE,-2.2,-6.2,(3, 3, 1, 0),False,0.6,WARN(CAL),0.00,-0.41,True,168.2,
1769847355.347,35.892422,139.826603,OK,20,0.6,4.9,9.77,0.04,STABLE,-2.2,-6.2,(3, 3, 1, 0),False,0.8,WARN(CAL),0.00,-0.43,True,169.2,
1769847356.372,35.892413,139.826600,OK,20,0.6,5.0,9.77,0.03,STABLE,-2.2,-6.2,(1, 3, 1, 0),False,1.0,WARN(CAL),0.00,-0.40,True,170.2,
1769847357.401,35.892413,139.826602,OK,19,0.7,4.9,9.77,0.03,STABLE,-2.2,-6.2,(3, 3, 1, 0),False,0.2,WARN(CAL),0.00,-0.40,True,171.3,
1769847358.481,35.892412,139.826600,OK,19,0.7,4.9,9.75,0.06,STABLE,-2.2,-6.2,(1, 3, 1, 0),False,0.2,WARN(CAL),0.00,-0.38,True,172.3,
1769847359.512,35.892410,139.826602,OK,19,0.7,4.8,9.80,0.01,STABLE,-2.2,-6.2,(3, 3, 1, 0),False,0.2,WARN(CAL),0.00,-0.42,True,173.4,
1769847360.540,35.892410,139.826602,OK,19,0.7,4.8,10.09,0.28,STABLE,-2.2,-6.2,(1, 3, 1, 0),False,0.0,WARN(CAL),0.00,-0.37,True,174.4,
1769847361.568,35.892412,139.826602,OK,19,0.7,4.8,9.53,0.27,STABLE,-2.3,-6.4,(1, 3, 1, 0),False,0.2,WARN(CAL),0.00,-0.43,True,175.4,
1769847362.594,35.892410,139.826602,OK,18,0.7,4.8,9.60,0.21,STABLE,-2.3,-6.4,(3, 3, 1, 0),False,0.2,WARN(CAL),0.00,-0.37,True,176.5,
1769847363.681,35.892410,139.826602,OK,19,0.7,4.8,9.74,0.07,STABLE,-2.3,-6.4,(3, 3, 1, 0),False,0.0,WARN(CAL),0.00,-0.44,True,177.5,
1769847364.714,35.892412,139.826603,OK,19,0.7,4.9,9.96,0.15,STABLE,-2.3,-6.3,(3, 3, 1, 0),False,0.2,WARN(CAL),0.00,-0.39,True,178.6,
1769847365.748,35.892413,139.826602,OK,19,0.7,4.9,9.95,0.14,STABLE,-2.3,-6.3,(3, 3, 1, 0),False,0.2,WARN(CAL),0.00,-0.37,True,179.6,
1769847366.781,35.892415,139.826600,OK,19,0.7,4.9,9.52,0.28,STABLE,-2.3,-6.2,(3, 3, 1, 0),False,0.2,WARN(CAL),0.00,-0.39,True,180.6,
1769847367.816,35.892420,139.826598,OK,19,0.7,4.9,9.69,0.12,STABLE,-2.3,-6.2,(3, 3, 1, 0),False,0.6,WARN(CAL),0.00,-0.40,True,181.7,
1769847368.902,35.892422,139.826597,OK,19,0.7,4.9,9.79,0.02,STABLE,-2.3,-6.2,(1, 3, 1, 0),False,0.2,WARN(CAL),0.00,-0.43,True,182.8,
1769847369.988,35.892420,139.826600,OK,19,0.7,4.9,9.72,0.09,STABLE,-2.3,-6.2,(3, 3, 1, 0),False,0.4,WARN(CAL),0.00,-0.43,True,183.8,
1769847371.027,35.892420,139.826598,OK,19,0.7,4.9,9.74,0.06,STABLE,-2.3,-6.2,(3, 3, 1, 0),False,0.2,WARN(CAL),0.00,-0.45,True,184.9,
1769847372.052,35.892422,139.826598,OK,19,0.7,4.9,9.77,0.03,STABLE,-2.3,-6.2,(3, 3, 1, 0),False,0.2,WARN(CAL),0.00,-0.43,True,185.9,
1769847373.086,35.892420,139.826598,OK,19,0.7,4.9,9.58,0.23,STABLE,-2.3,-6.2,(2, 3, 2, 2),True,0.2,OK,0.00,-0.36,True,186.9,
1769847374.123,35.892418,139.826597,OK,19,0.7,4.9,9.65,0.16,STABLE,-2.3,-6.2,(1, 3, 1, 0),False,0.2,WARN(CAL),0.00,-0.37,True,188.0,
1769847375.209,35.892415,139.826597,OK,19,0.7,4.9,9.67,0.13,STABLE,-2.3,-6.2,(3, 3, 1, 0),False,0.4,WARN(CAL),0.00,-0.32,True,189.1,
1769847376.299,35.892415,139.826597,OK,19,0.7,4.9,9.66,0.15,STABLE,-2.3,-6.2,(3, 3, 1, 0),False,0.0,WARN(CAL),0.00,-0.41,True,190.2,
1769847377.332,35.892415,139.826598,OK,19,0.7,4.8,9.88,0.08,STABLE,-2.3,-6.1,(3, 3, 1, 0),False,0.2,WARN(CAL),0.00,-0.47,True,191.2,
1769847378.358,35.892415,139.826600,OK,19,0.7,4.9,9.61,0.20,STABLE,-2.3,-6.2,(3, 3, 1, 0),False,0.2,WARN(CAL),0.00,-0.41,True,192.2,
1769847379.391,35.892413,139.826600,OK,19,0.7,4.9,9.62,0.19,STABLE,-2.3,-6.3,(3, 3, 1, 0),False,0.2,WARN(CAL),0.00,-0.34,True,193.3,
1769847380.425,35.892415,139.826600,OK,19,0.7,4.9,9.86,0.06,STABLE,-2.3,-6.3,(3, 3, 1, 0),False,0.2,WARN(CAL),0.00,-0.48,True,194.3,
1769847381.507,35.892412,139.826602,OK,19,0.7,4.9,10.08,0.28,STABLE,-2.6,-7.4,(3, 3, 1, 0),False,0.4,WARN(CAL),0.00,-0.59,True,195.4,
1769847382.542,35.892412,139.826603,OK,19,0.7,5.0,9.47,0.34,STABLE,-3.1,-10.2,(3, 3, 1, 0),False,0.2,WARN(CAL),0.00,-0.65,True,196.4,
1769847383.567,35.892415,139.826605,OK,19,0.7,4.9,9.49,0.31,STABLE,-3.1,-9.8,(3, 3, 1, 0),False,0.4,WARN(CAL),0.00,-0.73,True,197.4,
1769847384.600,35.892413,139.826605,OK,19,0.7,4.9,10.08,0.27,STABLE,-3.1,-9.7,(0, 3, 1, 0),False,0.2,WARN(CAL),0.00,-0.15,True,198.5,
1769847385.629,35.892413,139.826605,OK,19,0.7,4.9,9.94,0.13,STABLE,-2.8,-8.1,(2, 3, 1, 0),False,0.0,WARN(CAL),0.00,-0.52,True,199.5,
1769847386.710,35.892413,139.826607,OK,19,0.7,4.9,10.03,0.22,STABLE,-2.7,-7.5,(3, 3, 1, 0),False,0.2,WARN(CAL),0.00,-0.47,True,200.6,
1769847387.783,35.892413,139.826603,OK,19,0.7,4.9,9.50,0.30,STABLE,-2.6,-6.8,(1, 3, 1, 0),False,0.3,WARN(CAL),0.00,-0.21,True,201.6,
1769847388.874,35.892413,139.826603,OK,19,0.7,4.9,9.69,0.11,STABLE,-2.4,-6.4,(3, 3, 1, 0),False,0.0,WARN(CAL),0.00,-0.54,True,202.7,
1769847389.960,35.892413,139.826602,OK,19,0.7,4.9,9.59,0.21,STABLE,-2.4,-6.2,(3, 3, 1, 0),False,0.2,WARN(CAL),0.00,-0.33,True,203.8,
1769847391.037,35.892415,139.826602,OK,19,0.7,4.9,9.65,0.15,STABLE,-1.9,-4.5,(3, 3, 1, 0),False,0.2,WARN(CAL),0.00,-0.19,True,204.9,
1769847392.110,35.892413,139.826602,OK,19,0.7,4.9,9.68,0.13,STABLE,-1.9,-4.4,(3, 3, 1, 0),False,0.2,WARN(CAL),0.00,-0.27,True,206.0,
1769847393.186,35.892415,139.826602,OK,19,0.7,4.9,9.69,0.12,STABLE,-2.0,-4.9,(3, 3, 1, 0),False,0.2,WARN(CAL),0.00,-0.42,True,207.0,
1769847394.219,35.892413,139.826602,OK,19,0.7,4.9,9.72,0.08,STABLE,-2.2,-5.6,(3, 3, 1, 0),False,0.2,WARN(CAL),0.00,-0.45,True,208.1,
1769847395.249,35.892413,139.826602,OK,19,0.7,5.0,9.85,0.04,STABLE,-2.2,-5.8,(3, 3, 1, 0),False,0.0,WARN(CAL),0.00,-0.45,True,209.1,
1769847396.276,35.892413,139.826600,OK,19,0.7,5.0,9.60,0.21,STABLE,-2.2,-5.8,(3, 3, 1, 0),False,0.2,WARN(CAL),0.00,-0.34,True,210.1,
1769847397.309,35.892415,139.826598,OK,19,0.7,5.0,9.67,0.14,STABLE,-2.2,-5.7,(3, 3, 1, 0),False,0.2,WARN(CAL),0.00,-0.37,True,211.2,
1769847398.401,35.892413,139.826597,OK,19,0.7,5.0,9.60,0.21,STABLE,-2.2,-5.7,(3, 3, 1, 0),False,0.2,WARN(CAL),0.00,-0.28,True,212.3,
1769847399.477,35.892412,139.826595,OK,20,0.6,5.1,10.01,0.20,STABLE,-2.2,-5.6,(3, 3, 1, 0),False,0.2,WARN(CAL),0.00,-0.43,True,213.3,
1769847400.510,35.892412,139.826593,OK,20,0.6,5.1,9.77,0.03,STABLE,-2.2,-5.6,(3, 3, 1, 0),False,0.2,WARN(CAL),0.00,-0.33,True,214.4,
1769847401.540,35.892412,139.826593,OK,19,0.6,5.1,9.71,0.10,STABLE,-2.2,-5.6,(3, 3, 1, 0),False,0.0,WARN(CAL),0.00,-0.42,True,215.4,
1769847402.570,35.892413,139.826592,OK,19,0.6,5.1,9.79,0.02,STABLE,-2.2,-5.6,(3, 3, 1, 0),False,0.2,WARN(CAL),0.00,-0.38,True,216.4,
1769847403.602,35.892412,139.826592,OK,19,0.6,5.1,9.75,0.06,STABLE,-2.2,-5.6,(3, 3, 1, 0),False,0.2,WARN(CAL),0.00,-0.41,True,217.5,
1769847404.667,35.892413,139.826590,OK,19,0.6,5.1,9.79,0.02,STABLE,-2.2,-5.6,(3, 3, 1, 0),False,0.2,WARN(CAL),0.00,-0.39,True,218.5,
1769847405.731,35.892413,139.826590,OK,20,0.6,5.1,9.75,0.05,STABLE,-2.2,-5.6,(3, 3, 1, 0),False,0.0,WARN(CAL),0.00,-0.41,True,219.6,
1769847406.759,35.892410,139.826590,OK,20,0.6,5.1,9.77,0.04,STABLE,-2.2,-5.6,(3, 3, 1, 0),False,0.4,WARN(CAL),0.00,-0.38,True,220.6,
1769847407.797,35.892410,139.826590,OK,20,0.6,5.0,9.77,0.04,STABLE,-2.2,-5.6,(3, 3, 1, 0),False,0.0,WARN(CAL),0.00,-0.42,True,221.7,
1769847408.825,35.892413,139.826588,OK,20,0.6,5.0,9.76,0.05,STABLE,-2.2,-5.6,(3, 3, 1, 0),False,0.4,WARN(CAL),0.00,-0.39,True,222.7,
1769847409.855,35.892413,139.826590,OK,20,0.6,5.0,9.78,0.03,STABLE,-2.2,-5.6,(3, 3, 1, 0),False,0.2,WARN(CAL),0.00,-0.39,True,223.7,
1769847410.938,35.892417,139.826592,OK,19,0.6,5.0,9.77,0.04,STABLE,-2.2,-5.6,(3, 3, 1, 0),False,0.4,WARN(CAL),0.00,-0.40,True,224.8,
1769847412.019,35.892415,139.826590,OK,19,0.6,5.0,9.77,0.04,STABLE,-2.2,-5.6,(3, 3, 1, 0),False,0.2,WARN(CAL),0.00,-0.42,True,225.9,
1769847413.088,35.892417,139.826592,OK,19,0.6,5.0,9.79,0.02,STABLE,-2.2,-5.6,(3, 3, 1, 0),False,0.2,WARN(CAL),0.00,-0.41,True,226.9,
1769847414.165,35.892417,139.826593,OK,20,0.6,4.9,9.78,0.03,STABLE,-2.2,-5.6,(3, 3, 1, 0),False,0.2,WARN(CAL),0.00,-0.39,True,228.0,
1769847415.246,35.892415,139.826595,OK,20,0.6,4.9,9.77,0.04,STABLE,-2.2,-5.6,(3, 3, 1, 0),False,0.2,WARN(CAL),0.00,-0.41,True,229.1,
1769847416.269,35.892413,139.826595,OK,20,0.6,4.9,9.75,0.05,STABLE,-2.2,-5.6,(3, 3, 1, 0),False,0.2,WARN(CAL),0.00,-0.42,True,230.1,
1769847417.302,35.892415,139.826597,OK,20,0.6,4.9,9.75,0.06,STABLE,-2.2,-5.6,(3, 3, 1, 0),False,0.2,WARN(CAL),0.00,-0.43,True,231.2,
1769847418.335,35.892413,139.826597,OK,20,0.6,4.9,9.72,0.08,STABLE,-2.2,-5.6,(3, 3, 1, 0),False,0.2,WARN(CAL),0.00,-0.38,True,232.2,
1769847419.363,35.892412,139.826597,OK,20,0.6,4.9,9.78,0.03,STABLE,-2.2,-5.6,(3, 3, 1, 0),False,0.2,WARN(CAL),0.00,-0.40,True,233.2,
1769847420.446,35.892412,139.826595,OK,20,0.6,4.9,9.78,0.03,STABLE,-2.2,-5.6,(3, 3, 1, 0),False,0.2,WARN(CAL),0.00,-0.39,True,234.3,
1769847421.520,35.892410,139.826595,OK,20,0.6,4.9,9.78,0.03,STABLE,-2.2,-5.6,(3, 3, 1, 0),False,0.2,WARN(CAL),0.00,-0.40,True,235.4,
1769847422.582,35.892408,139.826593,OK,20,0.6,4.9,9.77,0.04,STABLE,-2.2,-5.6,(3, 3, 1, 0),False,0.2,WARN(CAL),0.00,-0.42,True,236.4,
1769847423.658,35.892407,139.826593,OK,20,0.6,4.9,9.75,0.05,STABLE,-2.2,-5.6,(3, 3, 1, 0),False,0.2,WARN(CAL),0.00,-0.41,True,237.5,
1769847424.730,35.892407,139.826595,OK,19,0.6,4.9,9.81,0.00,STABLE,-2.9,-8.3,(3, 3, 1, 0),False,0.2,WARN(CAL),0.00,-0.52,True,238.6,
1769847425.806,35.892407,139.826595,OK,20,0.6,4.9,9.83,0.03,STABLE,-3.0,-8.8,(3, 3, 1, 0),False,0.0,WARN(CAL),0.00,-0.54,True,239.7,
1769847426.890,35.892408,139.826595,OK,19,0.6,4.9,9.84,0.03,STABLE,-3.1,-9.1,(2, 3, 1, 0),False,0.2,WARN(CAL),0.00,-0.24,True,240.8,
1769847427.982,35.892410,139.826595,OK,19,0.6,4.8,9.87,0.06,STABLE,-3.1,-8.9,(0, 3, 1, 0),False,0.2,WARN(CAL),0.00,-0.79,True,241.8,
1769847429.015,35.892412,139.826595,OK,19,0.6,4.8,9.11,0.70,SHAKE,-3.1,-8.7,(2, 3, 1, 0),False,0.2,WARN(CAL),0.00,-0.74,True,242.9,
1769847430.050,35.892412,139.826593,OK,19,0.6,4.8,9.43,0.38,STABLE,-3.1,-8.4,(2, 3, 1, 0),False,0.2,WARN(CAL),0.00,-0.74,True,243.9,
1769847431.084,35.892413,139.826595,OK,19,0.6,4.8,10.22,0.42,STABLE,-3.0,-8.4,(2, 3, 1, 0),False,0.2,WARN(CAL),0.00,-0.03,True,244.9,
1769847432.112,35.892413,139.826595,OK,19,0.6,4.8,10.37,0.57,SHAKE,-3.0,-8.1,(0, 3, 1, 0),False,0.0,WARN(CAL),0.00,-0.79,True,246.0,
1769847433.189,35.892412,139.826597,OK,20,0.6,4.9,10.35,0.55,SHAKE,-2.9,-7.7,(2, 3, 1, 0),False,0.2,WARN(CAL),0.00,-0.29,True,247.0,
1769847434.216,35.892413,139.826597,OK,20,0.6,4.9,9.16,0.65,SHAKE,-3.0,-7.5,(3, 3, 1, 0),False,0.2,WARN(CAL),0.00,-0.41,True,248.1,
1769847435.250,35.892412,139.826595,OK,20,0.6,4.8,10.28,0.48,STABLE,-2.9,-7.1,(0, 3, 1, 0),False,0.2,WARN(CAL),0.00,-0.57,True,249.1,
1769847436.282,35.892410,139.826597,OK,20,0.6,4.8,9.54,0.27,STABLE,-2.8,-6.9,(3, 3, 1, 0),False,0.2,WARN(CAL),0.00,-0.30,True,250.1,
1769847437.317,35.892410,139.826598,OK,20,0.6,4.9,10.07,0.26,STABLE,-2.7,-6.4,(3, 3, 1, 0),False,0.2,WARN(CAL),0.00,-0.46,True,251.2,
1769847438.401,35.892412,139.826600,OK,20,0.6,4.8,9.99,0.19,STABLE,-2.6,-6.1,(1, 3, 1, 0),False,0.2,WARN(CAL),0.00,0.13,True,252.3,
1769847439.469,35.892412,139.826602,OK,20,0.6,4.8,9.16,0.64,SHAKE,-2.5,-6.0,(2, 3, 1, 0),False,0.2,WARN(CAL),0.00,-0.39,True,253.3,
1769847440.528,35.892410,139.826603,OK,20,0.6,4.8,9.97,0.17,STABLE,-2.4,-5.7,(2, 3, 1, 0),False,0.2,WARN(CAL),0.00,-0.39,True,254.4,
1769847441.608,35.892410,139.826603,OK,20,0.6,4.8,9.85,0.04,STABLE,-2.4,-5.5,(0, 3, 1, 0),False,0.0,WARN(CAL),0.00,-0.44,True,255.5,
1769847442.641,35.892410,139.826602,OK,20,0.6,4.8,9.56,0.25,STABLE,-2.2,-4.6,(0, 3, 1, 0),False,0.2,WARN(CAL),0.00,-0.35,True,256.5,
1769847443.675,35.892407,139.826600,OK,20,0.6,4.8,9.40,0.41,STABLE,-2.1,-3.8,(2, 3, 1, 0),False,0.4,WARN(CAL),0.00,-0.31,True,257.5,
1769847444.707,35.892397,139.826598,OK,20,0.6,4.8,9.89,0.08,STABLE,-1.9,-3.7,(3, 3, 1, 0),False,1.1,WARN(CAL),0.00,-0.80,True,258.6,
1769847445.737,35.892388,139.826597,OK,20,0.6,4.8,9.85,0.04,STABLE,-1.8,-3.5,(2, 3, 1, 0),False,0.9,WARN(CAL),0.00,-0.31,True,259.6,
1769847446.820,35.892368,139.826590,OK,20,0.6,4.8,9.88,0.07,STABLE,-1.8,-3.3,(2, 3, 1, 0),False,2.3,WARN(CAL),0.00,-0.17,True,260.7,
1769847447.857,35.892347,139.826582,OK,20,0.6,4.7,9.03,0.77,SHAKE,-1.7,-1.9,(0, 3, 1, 0),False,2.5,WARN(CAL),0.00,-0.14,True,261.7,
1769847448.888,35.892320,139.826575,OK,19,0.6,4.7,10.30,0.49,STABLE,-1.9,-2.3,(0, 3, 1, 0),False,3.0,WARN(CAL),0.00,-0.30,True,262.7,
1769847449.920,35.892290,139.826568,OK,19,0.6,4.6,10.04,0.23,STABLE,-2.4,-4.2,(0, 3, 1, 0),False,3.4,WARN(CAL),0.00,-0.08,True,263.8,
1769847450.956,35.892255,139.826563,OK,19,0.6,4.8,8.45,1.35,SHAKE,-1.9,-3.8,(2, 3, 1, 0),False,3.9,WARN(CAL),0.00,-0.17,True,264.8,
1769847452.043,35.892220,139.826548,OK,19,0.6,5.0,10.39,0.59,SHAKE,-1.9,-3.8,(2, 3, 1, 0),False,4.1,WARN(CAL),0.00,-0.45,True,265.9,
1769847453.135,35.892188,139.826535,OK,20,0.6,5.2,9.90,0.09,STABLE,-2.1,-4.0,(2, 3, 1, 0),False,3.7,WARN(CAL),0.00,-1.57,True,267.0,
1769847454.168,35.892165,139.826525,OK,20,0.6,5.1,10.46,0.65,SHAKE,-2.2,-4.1,(2, 3, 1, 0),False,2.7,WARN(CAL),0.00,-0.60,True,268.0,
1769847455.200,35.892147,139.826517,OK,20,0.6,5.2,10.53,0.72,SHAKE,-2.3,-4.2,(0, 3, 1, 0),False,2.2,WARN(CAL),0.00,-0.52,True,269.1,
1769847456.234,35.892130,139.826510,OK,20,0.6,5.5,9.58,0.23,STABLE,-2.2,-4.4,(2, 3, 1, 0),False,1.9,WARN(CAL),0.00,-0.40,True,270.1,
1769847457.260,35.892115,139.826503,OK,20,0.6,5.6,8.94,0.86,SHAKE,-2.4,-4.8,(2, 3, 1, 0),False,1.8,WARN(CAL),0.00,-0.29,True,271.1,
1769847458.356,35.892102,139.826502,OK,20,0.6,5.3,9.46,0.34,STABLE,-2.4,-5.0,(2, 3, 1, 0),False,1.5,WARN(CAL),0.00,-0.29,True,272.2,
1769847459.446,35.892088,139.826498,OK,20,0.6,5.2,7.98,1.82,SHAKE,-2.4,-5.2,(0, 3, 1, 0),False,1.5,WARN(CAL),0.00,-0.22,True,273.3,
1769847460.479,35.892075,139.826495,OK,20,0.6,5.0,9.78,0.02,STABLE,-2.1,-4.2,(0, 3, 1, 0),False,1.5,WARN(CAL),0.00,-0.01,True,274.3,
1769847461.508,35.892060,139.826493,OK,19,0.6,4.8,11.44,1.63,SHAKE,-1.8,-3.3,(2, 3, 1, 0),False,1.7,WARN(CAL),0.00,-0.12,True,275.4,
1769847462.548,35.892043,139.826490,OK,19,0.6,4.7,9.19,0.61,SHAKE,-1.9,-3.4,(2, 3, 1, 0),False,1.9,WARN(CAL),0.00,0.14,True,276.4,
1769847463.575,35.892023,139.826487,OK,19,0.6,4.7,10.03,0.22,STABLE,-1.4,-2.4,(2, 3, 1, 0),False,2.2,WARN(CAL),0.00,-0.25,True,277.4,
1769847464.668,35.892003,139.826483,OK,20,0.6,4.6,9.44,0.37,STABLE,-1.3,-1.9,(2, 3, 1, 0),False,2.2,WARN(CAL),0.00,-0.38,True,278.5,
1769847465.759,35.891985,139.826482,OK,20,0.6,4.6,9.48,0.33,STABLE,-1.2,-2.1,(2, 3, 1, 0),False,2.0,WARN(CAL),0.00,-0.49,True,279.6,
1769847466.787,35.891970,139.826478,OK,22,0.6,4.6,9.74,0.07,STABLE,-1.9,-5.2,(2, 3, 1, 0),False,1.7,WARN(CAL),0.00,-0.26,True,280.6,
1769847467.819,35.891957,139.826477,OK,21,0.6,4.5,9.89,0.08,STABLE,-2.4,-7.6,(2, 3, 1, 0),False,1.5,WARN(CAL),0.00,-0.61,True,281.7,
1769847468.843,35.891947,139.826477,OK,21,0.6,4.4,9.21,0.60,SHAKE,-2.5,-7.9,(2, 3, 1, 0),False,1.1,WARN(CAL),0.00,-0.31,True,282.7,
1769847469.874,35.891940,139.826475,OK,21,0.6,4.4,9.61,0.20,STABLE,-2.6,-7.8,(2, 3, 1, 0),False,0.8,WARN(CAL),0.00,-0.31,True,283.7,
1769847470.971,35.891932,139.826473,OK,21,0.6,4.4,9.61,0.19,STABLE,-2.2,-6.2,(0, 3, 1, 0),False,0.9,WARN(CAL),0.00,-0.21,True,284.8,
1769847472.002,35.891920,139.826473,OK,22,0.6,4.4,9.36,0.45,STABLE,-2.2,-6.3,(2, 3, 1, 0),False,1.3,WARN(CAL),0.00,-0.24,True,285.9,
1769847473.036,35.891913,139.826473,OK,22,0.6,4.3,10.56,0.76,SHAKE,-2.2,-6.1,(2, 3, 1, 0),False,0.7,WARN(CAL),0.00,-0.14,True,286.9,
1769847474.065,35.891903,139.826472,OK,22,0.6,4.3,10.15,0.34,STABLE,-2.2,-6.2,(0, 3, 1, 0),False,1.1,WARN(CAL),0.00,-0.73,True,287.9,
1769847475.087,35.891898,139.826470,OK,22,0.6,4.2,9.17,0.64,SHAKE,-2.2,-6.7,(2, 3, 1, 0),False,0.6,WARN(CAL),0.00,-0.54,True,288.9,
1769847476.180,35.891895,139.826470,OK,22,0.6,4.1,9.35,0.46,STABLE,-2.4,-7.1,(2, 3, 1, 0),False,0.4,WARN(CAL),0.00,-0.55,True,290.0,
1769847477.211,35.891895,139.826472,OK,20,0.6,4.1,10.13,0.33,STABLE,-2.5,-7.9,(2, 3, 1, 0),False,0.2,WARN(CAL),0.00,-0.72,True,291.1,
1769847478.246,35.891893,139.826473,OK,19,0.7,4.1,9.14,0.67,SHAKE,-2.5,-8.2,(2, 3, 1, 0),False,0.2,WARN(CAL),0.00,-0.57,True,292.1,
1769847479.280,35.891893,139.826473,OK,20,0.7,4.1,10.38,0.57,SHAKE,-2.7,-8.4,(2, 3, 1, 0),False,0.0,WARN(CAL),0.00,-0.50,True,293.1,
1769847480.312,35.891892,139.826473,OK,20,0.7,4.1,9.01,0.80,SHAKE,-2.6,-8.4,(2, 3, 1, 0),False,0.2,WARN(CAL),0.00,-0.26,True,294.2,
1769847481.396,35.891892,139.826473,OK,20,0.7,4.1,9.24,0.56,SHAKE,-2.6,-8.4,(0, 3, 1, 0),False,0.0,WARN(CAL),0.00,-0.44,True,295.3,
1769847482.426,35.891892,139.826475,OK,20,0.7,4.0,8.27,1.53,SHAKE,-2.4,-8.6,(2, 3, 1, 0),False,0.2,WARN(CAL),0.00,-0.69,True,296.3,
1769847483.447,35.891892,139.826475,OK,20,0.7,4.0,9.40,0.40,STABLE,-2.4,-8.6,(2, 3, 1, 0),False,0.0,WARN(CAL),0.00,-0.55,True,297.3,
1769847484.477,35.891892,139.826477,OK,20,0.7,4.0,11.19,1.38,SHAKE,-2.7,-8.6,(2, 3, 1, 0),False,0.2,WARN(CAL),0.00,-0.01,True,298.3,
1769847485.514,35.891892,139.826478,OK,20,0.7,4.0,8.39,1.41,SHAKE,-2.9,-8.5,(2, 3, 1, 0),False,0.2,WARN(CAL),0.00,-0.48,True,299.4,
1769847486.597,35.891892,139.826480,OK,20,0.7,4.0,8.16,1.65,SHAKE,-3.0,-8.5,(2, 3, 1, 0),False,0.2,WARN(CAL),0.00,-0.84,True,300.5,
1769847487.664,35.891893,139.826480,OK,20,0.7,4.0,9.33,0.48,STABLE,-2.9,-8.5,(2, 3, 1, 0),False,0.2,WARN(CAL),0.00,-0.59,True,301.5,
1769847488.731,35.891893,139.826482,OK,20,0.7,4.0,9.79,0.02,STABLE,-3.2,-8.4,(2, 3, 1, 0),False,0.2,WARN(CAL),0.00,-0.55,True,302.6,
1769847489.766,35.891897,139.826483,OK,20,0.7,4.0,9.42,0.38,STABLE,-3.0,-8.2,(2, 3, 1, 0),False,0.4,WARN(CAL),0.00,0.08,True,303.6,
1769847490.797,35.891897,139.826483,OK,21,0.6,4.0,9.50,0.31,STABLE,-3.1,-7.9,(3, 3, 1, 0),False,0.0,WARN(CAL),0.00,-0.67,True,304.7,
1769847491.823,35.891897,139.826483,OK,21,0.6,4.0,10.64,0.83,SHAKE,-2.6,-7.6,(3, 3, 1, 0),False,0.0,WARN(CAL),0.00,-0.13,True,305.7,
1769847492.857,35.891895,139.826487,OK,20,0.6,4.1,9.24,0.56,SHAKE,-2.6,-7.6,(2, 3, 1, 0),False,0.4,WARN(CAL),0.00,-0.47,True,306.7,
1769847493.940,35.891893,139.826487,OK,21,0.6,4.1,9.82,0.02,STABLE,-2.4,-7.4,(1, 3, 1, 0),False,0.2,WARN(CAL),0.00,-0.12,True,307.8,
1769847494.970,35.891893,139.826485,OK,21,0.6,4.1,8.74,1.07,SHAKE,-2.6,-7.4,(3, 3, 1, 0),False,0.2,WARN(CAL),0.00,-0.37,True,308.8,
1769847496.000,35.891893,139.826483,OK,21,0.6,4.1,8.55,1.25,SHAKE,-2.4,-7.2,(3, 3, 1, 0),False,0.2,WARN(CAL),0.00,0.18,True,309.9,
1769847497.024,35.891893,139.826483,OK,21,0.6,4.1,9.57,0.23,STABLE,-2.4,-7.3,(3, 3, 1, 0),False,0.0,WARN(CAL),0.00,-0.29,True,310.9,
1769847498.051,35.891892,139.826482,OK,21,0.6,4.1,9.43,0.37,STABLE,-2.1,-6.6,(3, 3, 1, 0),False,0.2,WARN(CAL),0.00,-0.05,True,311.9,
1769847499.139,35.891892,139.826482,OK,21,0.6,4.2,10.27,0.47,STABLE,-1.9,-5.6,(3, 3, 1, 0),False,0.0,WARN(CAL),0.00,-0.26,True,313.0,
1769847500.165,35.891893,139.826480,OK,21,0.6,4.2,10.30,0.50,STABLE,-1.8,-5.6,(2, 3, 1, 0),False,0.2,WARN(CAL),0.00,-0.46,True,314.0,
1769847501.193,35.891895,139.826480,OK,21,0.6,4.2,9.87,0.06,STABLE,-1.6,-5.3,(1, 3, 1, 0),False,0.2,WARN(CAL),0.00,-0.29,True,315.1,
1769847502.227,35.891897,139.826482,OK,21,0.6,4.2,10.06,0.26,STABLE,-1.2,-4.1,(2, 3, 1, 0),False,0.2,WARN(CAL),0.00,-0.27,True,316.1,
1769847503.256,35.891897,139.826480,OK,21,0.6,4.2,9.76,0.04,STABLE,-1.2,-3.7,(3, 3, 1, 0),False,0.2,WARN(CAL),0.00,-0.28,True,317.1,
1769847504.340,35.891898,139.826482,OK,21,0.6,4.2,9.65,0.15,STABLE,-1.2,-3.8,(2, 3, 1, 0),False,0.2,WARN(CAL),0.00,-0.29,True,318.2,
1769847505.411,35.891898,139.826480,OK,21,0.6,4.2,9.71,0.09,STABLE,-1.2,-3.8,(2, 3, 1, 0),False,0.2,WARN(CAL),0.00,-0.23,True,319.3,
1769847506.477,35.891900,139.826478,OK,21,0.6,4.2,9.81,0.00,STABLE,-1.4,-4.5,(1, 3, 1, 0),False,0.2,WARN(CAL),0.00,-0.30,True,320.3,
1769847507.555,35.891898,139.826480,OK,21,0.6,4.2,9.76,0.05,STABLE,-1.6,-5.3,(3, 3, 1, 0),False,0.2,WARN(CAL),0.00,-0.31,True,321.4,
1769847508.644,35.891897,139.826480,OK,21,0.6,4.2,9.75,0.06,STABLE,-1.6,-5.3,(3, 3, 1, 0),False,0.2,WARN(CAL),0.00,-0.32,True,322.5,
1769847509.717,35.891898,139.826480,OK,21,0.6,4.3,9.79,0.02,STABLE,-1.6,-5.3,(3, 3, 1, 0),False,0.2,WARN(CAL),0.00,-0.31,True,323.6,
1769847510.745,35.891897,139.826480,OK,21,0.6,4.2,9.76,0.05,STABLE,-1.6,-5.3,(3, 3, 1, 0),False,0.2,WARN(CAL),0.00,-0.30,True,324.6,
1769847511.775,35.891898,139.826480,OK,21,0.6,4.3,9.79,0.02,STABLE,-1.6,-5.3,(3, 3, 1, 0),False,0.2,WARN(CAL),0.00,-0.31,True,325.6,
1769847512.803,35.891897,139.826480,OK,21,0.6,4.2,9.77,0.04,STABLE,-1.6,-5.3,(3, 3, 1, 0),False,0.2,WARN(CAL),0.00,-0.30,True,326.7,
1769847513.832,35.891898,139.826482,OK,21,0.6,4.3,9.75,0.06,STABLE,-1.6,-5.3,(3, 3, 1, 0),False,0.2,WARN(CAL),0.00,-0.31,True,327.7,
1769847514.907,35.891898,139.826482,OK,21,0.6,4.3,9.74,0.07,STABLE,-1.6,-5.3,(3, 3, 1, 0),False,0.0,WARN(CAL),0.00,-0.30,True,328.8,
1769847515.992,35.891898,139.826482,OK,21,0.6,4.3,9.75,0.06,STABLE,-1.6,-5.3,(3, 3, 1, 0),False,0.0,WARN(CAL),0.00,-0.30,True,329.9,
1769847517.065,35.891898,139.826480,OK,21,0.6,4.3,9.74,0.07,STABLE,-1.6,-5.3,(3, 3, 1, 0),False,0.2,WARN(CAL),0.00,-0.31,True,330.9,
1769847518.139,35.891890,139.826478,OK,21,0.6,4.3,9.75,0.06,STABLE,-1.6,-5.3,(3, 3, 1, 0),False,0.9,WARN(CAL),0.00,-0.29,True,332.0,
1769847519.222,35.891880,139.826473,OK,21,0.6,4.3,9.72,0.09,STABLE,-1.6,-5.3,(1, 3, 1, 0),False,1.2,WARN(CAL),0.00,-0.31,True,333.1,
1769847520.314,35.891865,139.826472,OK,21,0.6,4.3,10.13,0.33,STABLE,-1.6,-5.4,(3, 3, 1, 0),False,1.7,WARN(CAL),0.00,-0.37,True,334.2,
1769847521.393,35.891852,139.826468,OK,21,0.6,4.4,9.76,0.05,STABLE,-1.6,-5.6,(1, 3, 1, 0),False,1.5,WARN(CAL),0.00,-0.27,True,335.3,
1769847522.460,35.891838,139.826463,OK,21,0.6,4.4,9.76,0.05,STABLE,-1.6,-5.6,(3, 3, 1, 0),False,1.5,WARN(CAL),0.00,-0.23,True,336.3,
1769847523.539,35.891828,139.826460,OK,21,0.6,4.4,9.78,0.03,STABLE,-1.6,-5.5,(1, 3, 1, 0),False,1.2,WARN(CAL),0.00,-0.40,True,337.4,
1769847524.579,35.891818,139.826457,OK,21,0.6,4.4,9.81,0.00,STABLE,-1.6,-5.5,(3, 3, 1, 0),False,1.2,WARN(CAL),0.00,-0.37,True,338.4,
1769847525.607,35.891807,139.826453,OK,21,0.6,4.4,9.84,0.03,STABLE,-1.6,-5.5,(3, 3, 1, 0),False,1.3,WARN(CAL),0.00,-0.36,True,339.5,
1769847526.641,35.891798,139.826452,OK,21,0.6,4.4,9.66,0.15,STABLE,-1.6,-5.5,(3, 3, 1, 0),False,0.9,WARN(CAL),0.00,-0.29,True,340.5,
1769847527.676,35.891795,139.826452,OK,21,0.6,4.5,9.52,0.29,STABLE,-1.6,-5.5,(1, 3, 1, 0),False,0.4,WARN(CAL),0.00,-0.23,True,341.5,
1769847528.762,35.891793,139.826448,OK,21,0.6,4.5,9.66,0.15,STABLE,-1.6,-5.5,(1, 3, 1, 0),False,0.4,WARN(CAL),0.00,-0.26,True,342.6,
1769847529.846,35.891792,139.826448,OK,20,0.6,4.5,9.59,0.22,STABLE,-1.6,-5.5,(3, 3, 1, 0),False,0.2,WARN(CAL),0.00,-0.26,True,343.7,
1769847530.875,35.891790,139.826448,OK,20,0.6,4.5,9.54,0.26,STABLE,-1.6,-5.5,(3, 3, 1, 0),False,0.2,WARN(CAL),0.00,-0.24,True,344.7,
1769847531.909,35.891790,139.826447,OK,20,0.6,4.5,9.71,0.10,STABLE,-1.6,-5.4,(3, 3, 1, 0),False,0.2,WARN(CAL),0.00,-0.27,True,345.8,
1769847532.944,35.891792,139.826445,OK,20,0.6,4.6,9.95,0.15,STABLE,-1.6,-5.4,(3, 3, 1, 0),False,0.2,WARN(CAL),0.00,-0.38,True,346.8,
1769847533.969,35.891793,139.826443,OK,20,0.6,4.6,9.80,0.00,STABLE,-1.6,-5.4,(1, 3, 1, 0),False,0.2,WARN(CAL),0.00,-0.30,True,347.8,
1769847535.060,35.891792,139.826443,OK,20,0.6,4.6,9.93,0.12,STABLE,-1.6,-5.4,(3, 3, 1, 0),False,0.2,WARN(CAL),0.00,-0.31,True,348.9,
1769847536.148,35.891793,139.826442,OK,19,0.7,4.6,9.92,0.11,STABLE,-1.6,-5.4,(3, 3, 1, 0),False,0.2,WARN(CAL),0.00,-0.31,True,350.0,
1769847537.179,35.891795,139.826442,OK,19,0.7,4.5,10.00,0.19,STABLE,-1.6,-5.4,(3, 3, 1, 0),False,0.2,WARN(CAL),0.00,-0.32,True,351.0,
1769847538.212,35.891797,139.826440,OK,19,0.7,4.5,9.72,0.09,STABLE,-1.6,-5.4,(1, 3, 1, 0),False,0.2,WARN(CAL),0.00,-0.26,True,352.1,
1769847539.243,35.891800,139.826438,OK,20,0.6,4.5,9.95,0.14,STABLE,-1.6,-5.4,(3, 3, 1, 0),False,0.4,WARN(CAL),0.00,-0.34,True,353.1,
1769847540.272,35.891798,139.826438,OK,20,0.6,4.5,9.48,0.33,STABLE,-1.6,-5.3,(3, 3, 1, 0),False,0.2,WARN(CAL),0.00,-0.28,True,354.1,
1769847541.359,35.891802,139.826437,OK,20,0.6,4.6,9.78,0.02,STABLE,-1.6,-5.3,(3, 3, 1, 0),False,0.4,WARN(CAL),0.00,-0.21,True,355.2,
1769847542.389,35.891802,139.826437,OK,20,0.6,4.5,9.48,0.33,STABLE,-1.6,-5.3,(3, 3, 1, 0),False,0.0,WARN(CAL),0.00,-0.28,True,356.2,
1769847543.419,35.891800,139.826437,OK,19,0.6,4.5,9.79,0.01,STABLE,-1.6,-5.3,(3, 3, 1, 0),False,0.2,WARN(CAL),0.00,-0.23,True,357.3,
1769847544.446,35.891800,139.826435,OK,20,0.6,4.5,9.93,0.13,STABLE,-1.6,-5.2,(3, 3, 1, 0),False,0.2,WARN(CAL),0.00,-0.37,True,358.3,
1769847545.474,35.891800,139.826435,OK,20,0.6,4.5,9.75,0.05,STABLE,-1.6,-5.2,(1, 3, 1, 0),False,0.0,WARN(CAL),0.00,-0.33,True,359.3,
1769847546.571,35.891802,139.826433,OK,19,0.6,4.5,9.96,0.16,STABLE,-1.7,-5.5,(3, 3, 1, 0),False,0.2,WARN(CAL),0.00,-0.35,True,360.4,
1769847547.601,35.891802,139.826433,OK,20,0.6,4.5,10.04,0.24,STABLE,-1.7,-5.6,(3, 3, 1, 0),False,0.0,WARN(CAL),0.00,-0.36,True,361.5,
1769847548.632,35.891802,139.826433,OK,20,0.6,4.5,10.11,0.31,STABLE,-1.7,-5.5,(3, 3, 1, 0),False,0.0,WARN(CAL),0.00,-0.35,True,362.5,
1769847549.658,35.891802,139.826433,OK,20,0.6,4.5,9.64,0.16,STABLE,-1.7,-5.5,(3, 3, 1, 0),False,0.0,WARN(CAL),0.00,-0.24,True,363.5,
1769847550.695,35.891802,139.826435,OK,20,0.6,4.5,9.73,0.08,STABLE,-1.7,-5.5,(1, 3, 1, 0),False,0.2,WARN(CAL),0.00,-0.31,True,364.6,
1769847551.782,35.891802,139.826435,OK,20,0.6,4.5,9.57,0.23,STABLE,-1.7,-5.5,(1, 3, 1, 0),False,0.0,WARN(CAL),0.00,-0.26,True,365.6,
1769847552.813,35.891802,139.826432,OK,20,0.6,4.6,9.79,0.01,STABLE,-1.7,-5.4,(2, 3, 1, 0),False,0.3,WARN(CAL),0.00,-0.31,True,366.7,
1769847553.842,35.891802,139.826430,OK,20,0.6,4.5,9.57,0.24,STABLE,-1.7,-5.4,(2, 3, 1, 0),False,0.2,WARN(CAL),0.00,-0.27,True,367.7,
1769847554.875,35.891802,139.826428,OK,20,0.6,4.6,9.74,0.06,STABLE,-1.7,-5.4,(2, 3, 1, 0),False,0.2,WARN(CAL),0.00,-0.30,True,368.7,
1769847555.903,35.891803,139.826428,OK,19,0.6,4.6,9.76,0.05,STABLE,-1.7,-5.3,(2, 3, 1, 0),False,0.2,WARN(CAL),0.00,-0.30,True,369.8,
1769847556.991,35.891805,139.826427,OK,19,0.6,4.6,9.81,0.00,STABLE,-1.7,-5.3,(2, 3, 1, 0),False,0.2,WARN(CAL),0.00,-0.28,True,370.9,
1769847558.019,35.891805,139.826427,OK,19,0.6,4.6,9.87,0.07,STABLE,-1.7,-5.3,(2, 3, 1, 0),False,0.0,WARN(CAL),0.00,-0.33,True,371.9,
1769847559.052,35.891807,139.826425,OK,20,0.6,4.6,9.75,0.05,STABLE,-1.7,-5.2,(2, 3, 1, 0),False,0.2,WARN(CAL),0.00,-0.27,True,372.9,
1769847560.086,35.891807,139.826425,OK,20,0.6,4.6,9.82,0.02,STABLE,-1.7,-5.3,(2, 3, 1, 0),False,0.0,WARN(CAL),0.00,-0.24,True,373.9,
1769847561.119,35.891807,139.826423,OK,20,0.6,4.6,9.82,0.01,STABLE,-1.7,-5.4,(2, 3, 1, 0),False,0.2,WARN(CAL),0.00,-0.32,True,375.0,
1769847562.204,35.891807,139.826423,OK,20,0.6,4.6,9.78,0.03,STABLE,-1.7,-5.5,(2, 3, 1, 0),False,0.0,WARN(CAL),0.00,-0.29,True,376.1,
1769847563.288,35.891800,139.826422,OK,20,0.6,4.6,9.77,0.04,STABLE,-1.7,-5.5,(2, 3, 1, 0),False,0.8,WARN(CAL),0.00,-0.28,True,377.1,
1769847564.318,35.891788,139.826418,OK,19,0.6,4.6,9.73,0.08,STABLE,-1.8,-5.6,(2, 3, 1, 0),False,1.3,WARN(CAL),0.00,-0.35,True,378.2,
1769847565.349,35.891778,139.826417,OK,19,0.6,4.7,9.82,0.02,STABLE,-2.8,-10.5,(2, 3, 1, 0),False,1.1,WARN(CAL),0.00,-0.54,True,379.2,
1769847566.380,35.891758,139.826413,OK,19,0.6,4.6,9.45,0.36,STABLE,-3.0,-11.1,(2, 3, 1, 0),False,2.2,WARN(CAL),0.00,-0.55,True,380.2,
1769847567.407,35.891732,139.826412,OK,20,0.6,4.5,10.12,0.31,STABLE,-2.8,-10.4,(2, 3, 1, 0),False,3.0,WARN(CAL),0.00,-0.51,True,381.3,
1769847568.479,35.891702,139.826408,OK,20,0.6,4.4,9.97,0.16,STABLE,-2.8,-10.2,(3, 3, 1, 0),False,3.3,WARN(CAL),0.00,-0.61,True,382.3,
1769847569.512,35.891670,139.826402,OK,19,0.6,4.5,11.18,1.37,SHAKE,-2.8,-10.2,(2, 3, 1, 0),False,3.6,WARN(CAL),0.00,0.27,True,383.4,
1769847570.536,35.891640,139.826392,OK,19,0.6,4.6,8.79,1.01,SHAKE,-2.8,-9.9,(2, 3, 1, 0),False,3.5,WARN(CAL),0.00,-0.57,True,384.4,
1769847571.569,35.891608,139.826382,OK,19,0.6,4.4,9.39,0.42,STABLE,-2.4,-9.8,(2, 3, 1, 0),False,3.6,WARN(CAL),0.00,0.04,True,385.4,
1769847572.606,35.891572,139.826370,OK,19,0.6,4.3,10.07,0.26,STABLE,-2.4,-9.3,(3, 3, 1, 0),False,4.2,WARN(CAL),0.00,-0.44,True,386.5,
1769847573.675,35.891535,139.826363,OK,19,0.6,4.3,10.13,0.33,STABLE,-2.5,-9.0,(3, 3, 1, 0),False,4.1,WARN(CAL),0.00,-0.35,True,387.5,
1769847574.751,35.891500,139.826353,OK,19,0.6,3.9,10.01,0.21,STABLE,-2.5,-8.4,(3, 3, 1, 0),False,4.0,WARN(CAL),0.00,-0.92,True,388.6,
1769847575.844,35.891460,139.826343,OK,21,0.6,3.8,10.94,1.13,SHAKE,-2.5,-8.0,(1, 3, 1, 0),False,4.5,WARN(CAL),0.00,1.00,False,0.0,STOP_END
1769847576.874,35.891418,139.826333,OK,21,0.6,3.6,9.82,0.01,STABLE,-2.2,-7.7,(3, 3, 1, 0),False,4.7,WARN(CAL),0.00,-0.81,True,0.0,STOP_START
1769847577.904,35.891377,139.826323,OK,22,0.6,3.2,9.25,0.55,SHAKE,-2.1,-7.5,(2, 3, 1, 0),False,4.7,WARN(CAL),0.00,-1.01,True,1.0,
1769847578.934,35.891337,139.826312,OK,22,0.6,2.8,9.45,0.36,STABLE,-2.3,-7.2,(1, 3, 1, 0),False,4.6,WARN(CAL),0.00,-1.02,True,2.1,
1769847579.966,35.891297,139.826302,OK,22,0.6,2.5,11.30,1.50,SHAKE,-2.8,-6.9,(2, 3, 1, 0),False,4.5,WARN(CAL),0.00,-1.96,True,3.1,
1769847581.052,35.891258,139.826293,OK,21,0.6,1.9,9.91,0.11,STABLE,-2.9,-6.6,(2, 3, 1, 0),False,4.3,WARN(CAL),0.00,-2.02,True,4.2,
1769847582.086,35.891218,139.826278,OK,21,0.6,1.8,9.56,0.24,STABLE,-2.5,-6.6,(2, 3, 1, 0),False,4.6,WARN(CAL),0.00,-1.02,True,5.2,
1769847583.119,35.891178,139.826268,OK,21,0.6,2.0,10.97,1.16,SHAKE,-2.9,-6.4,(2, 3, 1, 0),False,4.5,WARN(CAL),0.00,-0.86,True,6.2,
1769847584.153,35.891138,139.826260,OK,21,0.6,1.9,9.25,0.56,SHAKE,-2.4,-6.3,(2, 3, 1, 0),False,4.5,WARN(CAL),0.00,-0.75,True,7.3,
1769847585.176,35.891098,139.826250,OK,21,0.6,1.9,8.80,1.01,SHAKE,-3.2,-7.8,(2, 3, 1, 0),False,4.5,WARN(CAL),0.00,-1.03,True,8.3,
1769847586.271,35.891058,139.826243,OK,21,0.6,2.4,9.59,0.22,STABLE,-2.0,-7.9,(2, 3, 1, 0),False,4.5,WARN(CAL),0.00,-1.06,True,9.4,
1769847587.305,35.891012,139.826235,OK,20,0.7,2.0,10.01,0.20,STABLE,-0.9,-8.2,(2, 3, 1, 0),False,5.2,WARN(CAL),0.00,-0.21,True,10.4,
1769847588.338,35.890960,139.826227,OK,20,0.7,2.3,10.96,1.15,SHAKE,-0.1,-8.1,(2, 3, 1, 0),False,5.8,WARN(CAL),0.00,-0.34,True,11.5,
1769847589.372,35.890910,139.826213,OK,21,0.6,2.6,9.83,0.02,STABLE,0.2,-7.9,(2, 3, 1, 0),False,5.7,WARN(CAL),0.00,-0.24,True,12.5,
1769847590.398,35.890857,139.826203,OK,20,0.7,3.0,9.91,0.10,STABLE,0.8,-7.9,(2, 3, 1, 0),False,6.0,WARN(CAL),0.00,0.33,False,0.0,STOP_END
1769847591.480,35.890803,139.826190,OK,20,0.7,3.3,10.29,0.49,STABLE,0.3,-7.2,(2, 3, 1, 0),False,6.1,WARN(CAL),0.00,-0.16,True,0.0,STOP_START
1769847592.507,35.890747,139.826180,OK,21,0.6,3.5,11.45,1.65,SHAKE,-0.2,-6.3,(2, 3, 1, 0),False,6.4,WARN(CAL),0.00,-0.52,True,1.0,
1769847593.538,35.890688,139.826172,OK,21,0.6,3.5,10.34,0.54,SHAKE,0.0,-6.0,(2, 3, 1, 0),False,6.5,WARN(CAL),0.00,-0.07,True,2.1,
1769847594.567,35.890625,139.826160,OK,21,0.6,3.6,9.65,0.16,STABLE,-0.2,-5.6,(2, 3, 1, 0),False,7.1,WARN(CAL),0.00,-0.26,True,3.1,
1769847595.597,35.890558,139.826150,OK,20,0.7,3.5,8.64,1.16,SHAKE,1.2,-4.6,(2, 3, 1, 0),False,7.5,WARN(CAL),0.00,0.16,True,4.1,
1769847596.688,35.890490,139.826140,OK,20,0.7,3.7,9.41,0.40,STABLE,0.5,-5.2,(2, 3, 1, 0),False,7.7,WARN(CAL),0.00,0.00,True,5.2,
1769847597.775,35.890422,139.826133,OK,20,0.7,3.7,9.56,0.25,STABLE,0.1,-4.6,(0, 3, 1, 0),False,7.6,WARN(CAL),0.00,-0.34,True,6.3,
1769847598.804,35.890357,139.826123,OK,20,0.7,4.5,9.37,0.43,STABLE,-0.3,-4.2,(2, 3, 1, 0),False,7.3,WARN(CAL),0.00,-0.40,True,7.3,
1769847599.837,35.890300,139.826117,OK,20,0.7,4.7,9.73,0.08,STABLE,-0.2,-3.9,(0, 3, 1, 0),False,6.3,WARN(CAL),0.00,-0.05,True,8.4,
1769847600.872,35.890253,139.826112,OK,21,0.6,4.8,9.84,0.03,STABLE,-0.1,-4.0,(2, 3, 1, 0),False,5.2,WARN(CAL),0.00,-0.45,True,9.4,
1769847601.908,35.890213,139.826107,OK,21,0.6,5.0,9.78,0.02,STABLE,-0.2,-4.2,(2, 3, 1, 0),False,4.5,WARN(CAL),0.00,0.78,False,0.0,STOP_END
1769847602.996,35.890180,139.826100,OK,20,0.7,5.2,10.57,0.77,SHAKE,-0.3,-3.8,(2, 3, 1, 0),False,3.8,WARN(CAL),0.00,0.44,True,0.0,STOP_START
1769847604.068,35.890153,139.826093,OK,20,0.7,5.2,10.34,0.53,SHAKE,-0.1,-3.2,(2, 3, 1, 0),False,3.0,WARN(CAL),0.00,0.60,False,0.0,STOP_END
1769847605.143,35.890130,139.826088,OK,20,0.7,4.9,9.62,0.19,STABLE,-0.6,-3.1,(2, 3, 1, 0),False,2.6,WARN(CAL),0.00,-0.06,True,0.0,STOP_START
1769847606.226,35.890110,139.826085,OK,20,0.7,5.0,9.25,0.56,SHAKE,-0.2,-2.2,(2, 3, 1, 0),False,2.2,WARN(CAL),0.00,0.57,False,0.0,STOP_END
1769847607.312,35.890087,139.826087,OK,21,0.6,5.3,9.81,0.01,STABLE,-0.2,-1.9,(2, 3, 1, 0),False,2.6,WARN(CAL),0.00,-0.08,True,0.0,STOP_START
1769847608.393,35.890057,139.826088,OK,21,0.6,5.3,10.02,0.21,STABLE,-0.2,-0.8,(2, 3, 1, 0),False,3.3,WARN(CAL),0.00,-0.34,True,1.1,
1769847609.460,35.890025,139.826088,OK,20,0.6,5.2,9.85,0.05,STABLE,-0.3,-0.8,(2, 3, 1, 0),False,3.5,WARN(CAL),0.00,-0.07,True,2.1,
1769847610.542,35.889997,139.826092,OK,20,0.6,5.4,9.82,0.01,STABLE,-0.8,-2.8,(2, 3, 1, 0),False,3.2,WARN(CAL),0.00,-0.33,True,3.2,
1769847611.634,35.889968,139.826092,OK,21,0.6,5.2,9.76,0.05,STABLE,-1.4,-5.2,(2, 3, 1, 0),False,3.2,WARN(CAL),0.00,-0.30,True,4.3,
1769847612.722,35.889938,139.826087,OK,21,0.6,4.4,9.76,0.05,STABLE,-1.5,-5.5,(0, 3, 1, 0),False,3.4,WARN(CAL),0.00,-0.27,True,5.4,
1769847613.755,35.889908,139.826085,OK,22,0.6,4.2,9.75,0.05,STABLE,-1.5,-5.5,(2, 3, 1, 0),False,3.3,WARN(CAL),0.00,-0.29,True,6.4,
1769847614.788,35.889878,139.826088,OK,22,0.6,4.3,9.76,0.05,STABLE,-1.5,-5.5,(2, 3, 1, 0),False,3.3,WARN(CAL),0.00,-0.28,True,7.5,
1769847615.819,35.889850,139.826088,OK,20,0.6,4.3,9.74,0.06,STABLE,-1.5,-5.5,(0, 3, 1, 0),False,3.2,WARN(CAL),0.00,-0.28,True,8.5,
1769847616.848,35.889817,139.826087,OK,21,0.6,4.3,9.76,0.04,STABLE,-1.5,-5.5,(2, 3, 1, 0),False,3.7,WARN(CAL),0.00,-0.28,True,9.5,
1769847617.937,35.889778,139.826083,OK,20,0.6,4.2,9.78,0.03,STABLE,-1.5,-5.5,(2, 3, 1, 0),False,4.3,WARN(CAL),0.00,-0.31,True,10.6,
1769847619.012,35.889738,139.826082,OK,20,0.6,3.9,9.78,0.02,STABLE,-1.5,-5.5,(2, 3, 1, 0),False,4.5,WARN(CAL),0.00,-0.28,True,11.7,
1769847620.087,35.889692,139.826082,OK,20,0.6,3.5,9.74,0.07,STABLE,-1.5,-5.5,(0, 3, 1, 0),False,5.2,WARN(CAL),0.00,-0.29,True,12.8,
1769847621.178,35.889643,139.826077,OK,18,0.7,3.1,9.79,0.01,STABLE,-1.5,-5.5,(2, 3, 1, 0),False,5.4,WARN(CAL),0.00,-0.26,True,13.9,
1769847622.206,35.889598,139.826075,OK,17,0.7,2.8,9.79,0.01,STABLE,-1.5,-5.5,(2, 3, 1, 0),False,5.0,WARN(CAL),0.00,-0.26,True,14.9,
1769847623.236,35.889552,139.826072,OK,19,0.6,2.6,9.78,0.02,STABLE,-2.2,-8.7,(2, 3, 1, 0),False,5.2,WARN(CAL),0.00,-0.56,True,15.9,
1769847624.264,35.889503,139.826067,OK,19,0.6,2.4,9.78,0.03,STABLE,-2.9,-11.7,(2, 3, 1, 0),False,5.4,WARN(CAL),0.00,-0.55,True,17.0,
1769847625.294,35.889447,139.826060,OK,18,0.6,2.1,10.14,0.33,STABLE,-2.8,-11.2,(0, 3, 1, 0),False,6.3,WARN(CAL),0.00,-0.27,True,18.0,
1769847626.386,35.889387,139.826058,OK,19,0.6,2.2,10.16,0.36,STABLE,-2.4,-10.8,(2, 3, 1, 0),False,6.7,WARN(CAL),0.00,-0.60,True,19.1,
1769847627.455,35.889322,139.826053,OK,19,0.6,2.2,10.46,0.65,SHAKE,-2.1,-10.1,(0, 3, 1, 0),False,7.2,WARN(CAL),0.00,-0.26,True,20.1,
1769847628.483,35.889255,139.826045,OK,19,0.6,2.0,9.02,0.79,SHAKE,-2.1,-9.6,(2, 3, 1, 0),False,7.5,WARN(CAL),0.00,-0.29,True,21.2,
1769847629.513,35.889185,139.826038,OK,19,0.6,1.8,8.76,1.04,SHAKE,-1.9,-9.0,(0, 3, 1, 0),False,7.8,WARN(CAL),0.00,-0.39,True,22.2,
1769847630.545,35.889118,139.826035,OK,19,0.6,1.9,9.48,0.33,STABLE,-1.8,-8.7,(2, 3, 1, 0),False,7.4,WARN(CAL),0.00,-0.60,True,23.2,
1769847631.571,35.889050,139.826027,OK,19,0.6,2.3,10.33,0.53,SHAKE,-1.4,-8.1,(2, 3, 1, 0),False,7.6,WARN(CAL),0.00,-0.35,True,24.3,
1769847632.646,35.888980,139.826020,OK,18,0.7,2.8,9.25,0.56,SHAKE,-1.6,-7.8,(0, 3, 1, 0),False,7.8,WARN(CAL),0.00,-0.85,True,25.3,
1769847633.720,35.888917,139.826013,OK,18,0.6,2.9,9.82,0.01,STABLE,-1.1,-7.4,(0, 3, 1, 0),False,7.1,WARN(CAL),0.00,-0.46,True,26.4,
1769847634.799,35.888858,139.826008,OK,18,0.7,2.6,10.04,0.24,STABLE,-1.1,-6.9,(0, 3, 1, 0),False,6.5,WARN(CAL),0.00,-0.29,True,27.5,
1769847635.831,35.888807,139.826003,OK,18,0.7,2.5,9.23,0.58,SHAKE,-1.1,-6.2,(2, 3, 1, 0),False,5.8,WARN(CAL),0.00,-0.36,True,28.5,
1769847636.859,35.888757,139.825998,OK,18,0.7,2.3,9.02,0.78,SHAKE,-0.9,-5.5,(2, 3, 1, 0),False,5.6,WARN(CAL),0.00,-0.09,True,29.5,
1769847637.893,35.888715,139.825997,OK,18,0.6,2.3,10.48,0.68,SHAKE,-0.6,-4.9,(2, 3, 1, 0),False,4.6,WARN(CAL),0.00,0.21,True,30.6,
1769847638.924,35.888680,139.825997,OK,18,0.7,2.1,9.01,0.80,SHAKE,-0.6,-4.4,(2, 3, 1, 0),False,3.9,WARN(CAL),0.00,-0.32,True,31.6,
1769847640.001,35.888652,139.825997,OK,18,0.7,2.0,9.98,0.17,STABLE,-0.6,-3.8,(2, 3, 1, 0),False,3.2,WARN(CAL),0.00,-0.13,True,32.7,
1769847641.085,35.888630,139.825992,OK,19,0.6,1.9,9.77,0.03,STABLE,-0.8,-3.4,(0, 3, 1, 0),False,2.5,WARN(CAL),0.00,-0.39,True,33.8,
1769847642.174,35.888612,139.825990,OK,19,0.6,1.7,9.35,0.46,STABLE,-1.1,-2.9,(2, 3, 1, 0),False,2.0,WARN(CAL),0.00,-0.54,True,34.9,
1769847643.253,35.888595,139.825987,OK,18,0.6,1.4,9.72,0.09,STABLE,-1.3,-2.9,(0, 3, 1, 0),False,1.9,WARN(CAL),0.00,-0.30,True,35.9,
1769847644.283,35.888583,139.825983,OK,18,0.6,0.6,9.95,0.14,STABLE,-1.3,-2.6,(2, 3, 1, 0),False,1.3,WARN(CAL),0.00,-0.22,True,37.0,
1769847645.311,35.888580,139.825983,OK,18,0.6,-0.1,9.66,0.14,STABLE,-1.4,-2.3,(2, 3, 1, 0),False,0.4,WARN(CAL),0.00,-0.29,True,38.0,
1769847646.342,35.888577,139.825982,OK,19,0.6,0.0,9.76,0.04,STABLE,-1.6,-2.5,(2, 3, 1, 0),False,0.4,WARN(CAL),0.00,-0.43,True,39.0,
1769847647.370,35.888573,139.825982,OK,18,0.6,-0.2,9.78,0.02,STABLE,-2.2,-5.2,(2, 3, 1, 0),False,0.4,WARN(CAL),0.00,-0.42,True,40.1,
1769847648.444,35.888568,139.825983,OK,18,0.6,-0.3,9.79,0.02,STABLE,-2.4,-5.6,(2, 3, 1, 0),False,0.6,WARN(CAL),0.00,-0.46,True,41.1,
1769847649.525,35.888568,139.825983,OK,19,0.6,-0.3,9.75,0.06,STABLE,-2.4,-5.6,(2, 3, 1, 0),False,0.0,WARN(CAL),0.00,-0.41,True,42.2,
1769847650.549,35.888567,139.825983,OK,19,0.6,-0.4,9.81,0.00,STABLE,-2.4,-5.6,(2, 3, 1, 0),False,0.2,WARN(CAL),0.00,-0.45,True,43.2,
1769847651.575,35.888567,139.825982,OK,19,0.6,-0.4,9.72,0.09,STABLE,-2.4,-5.6,(0, 3, 1, 0),False,0.2,WARN(CAL),0.00,-0.39,True,44.3,
1769847652.604,35.888565,139.825980,OK,19,0.6,-0.4,9.81,0.00,STABLE,-2.4,-5.6,(2, 3, 1, 0),False,0.2,WARN(CAL),0.00,-0.45,True,45.3,
1769847653.630,35.888567,139.825980,OK,18,0.7,-0.4,9.75,0.06,STABLE,-2.4,-5.6,(0, 3, 1, 0),False,0.2,WARN(CAL),0.00,-0.43,True,46.3,
1769847654.723,35.888565,139.825978,OK,18,0.7,-0.4,9.80,0.01,STABLE,-2.4,-5.6,(0, 3, 1, 0),False,0.2,WARN(CAL),0.00,-0.43,True,47.4,
1769847655.752,35.888565,139.825978,OK,18,0.7,-0.4,10.00,0.19,STABLE,-2.4,-5.6,(2, 3, 1, 0),False,0.0,WARN(CAL),0.00,-0.42,True,48.4,
1769847656.784,35.888565,139.825978,OK,18,0.7,-0.3,9.78,0.03,STABLE,-2.4,-5.6,(2, 3, 1, 0),False,0.0,WARN(CAL),0.00,-0.40,True,49.5,
1769847657.815,35.888567,139.825980,OK,17,0.7,-0.3,9.76,0.05,STABLE,-2.4,-5.6,(0, 3, 1, 0),False,0.2,WARN(CAL),0.00,-0.45,True,50.5,
1769847658.848,35.888567,139.825980,OK,18,0.7,-0.3,9.76,0.05,STABLE,-2.4,-5.6,(2, 3, 1, 0),False,0.0,WARN(CAL),0.00,-0.44,True,51.5,
1769847659.936,35.888568,139.825980,OK,19,0.6,-0.3,9.73,0.08,STABLE,-2.4,-5.6,(2, 3, 1, 0),False,0.2,WARN(CAL),0.00,-0.43,True,52.6,
1769847660.967,35.888568,139.825980,OK,20,0.6,-0.4,9.81,0.00,STABLE,-2.4,-5.6,(2, 3, 1, 0),False,0.0,WARN(CAL),0.00,-0.43,True,53.7,
1769847662.001,35.888568,139.825982,OK,20,0.6,-0.4,9.80,0.01,STABLE,-2.4,-5.6,(2, 3, 1, 0),False,0.2,WARN(CAL),0.00,-0.41,True,54.7,
1769847663.034,35.888568,139.825983,OK,20,0.6,-0.4,9.77,0.04,STABLE,-2.4,-5.6,(2, 3, 1, 0),False,0.2,WARN(CAL),0.00,-0.44,True,55.7,
1769847664.061,35.888568,139.825982,OK,20,0.6,-0.4,9.75,0.05,STABLE,-2.4,-5.6,(2, 3, 1, 0),False,0.2,WARN(CAL),0.00,-0.42,True,56.7,
1769847665.154,35.888567,139.825985,OK,20,0.6,-0.4,9.77,0.03,STABLE,-2.4,-5.6,(2, 3, 1, 0),False,0.4,WARN(CAL),0.00,-0.42,True,57.8,
1769847666.239,35.888567,139.825983,OK,20,0.6,-0.4,9.77,0.04,STABLE,-2.4,-5.6,(2, 3, 1, 0),False,0.2,WARN(CAL),0.00,-0.43,True,58.9,
1769847667.271,35.888567,139.825985,OK,20,0.6,-0.4,9.77,0.04,STABLE,-2.4,-5.6,(0, 3, 1, 0),False,0.2,WARN(CAL),0.00,-0.43,True,60.0,
1769847668.299,35.888568,139.825987,OK,20,0.6,-0.5,9.75,0.05,STABLE,-2.4,-5.6,(2, 3, 1, 0),False,0.2,WARN(CAL),0.00,-0.43,True,61.0,
1769847669.333,35.888570,139.825985,OK,20,0.6,-0.5,9.76,0.04,STABLE,-2.4,-5.6,(2, 3, 1, 0),False,0.2,WARN(CAL),0.00,-0.43,True,62.0,
1769847670.365,35.888572,139.825985,OK,20,0.6,-0.5,9.80,0.01,STABLE,-2.4,-5.6,(2, 3, 1, 0),False,0.2,WARN(CAL),0.00,-0.44,True,63.1,
1769847671.447,35.888573,139.825985,OK,20,0.6,-0.5,9.78,0.03,STABLE,-2.4,-5.6,(0, 3, 1, 0),False,0.2,WARN(CAL),0.00,-0.43,True,64.1,
1769847672.536,35.888573,139.825987,OK,20,0.6,-0.5,9.76,0.05,STABLE,-2.4,-5.6,(2, 3, 1, 0),False,0.2,WARN(CAL),0.00,-0.44,True,65.2,
1769847673.567,35.888575,139.825987,OK,20,0.6,-0.5,9.77,0.04,STABLE,-2.4,-5.6,(2, 3, 1, 0),False,0.2,WARN(CAL),0.00,-0.44,True,66.3,
1769847674.595,35.888575,139.825988,OK,20,0.6,-0.4,9.78,0.03,STABLE,-2.4,-5.6,(2, 3, 1, 0),False,0.2,WARN(CAL),0.00,-0.41,True,67.3,
1769847675.624,35.888573,139.825990,OK,20,0.6,-0.4,9.79,0.02,STABLE,-2.4,-5.6,(2, 3, 1, 0),False,0.2,WARN(CAL),0.00,-0.43,True,68.3,
1769847676.657,35.888575,139.825990,OK,20,0.6,-0.5,9.79,0.02,STABLE,-2.4,-5.6,(0, 3, 1, 0),False,0.2,WARN(CAL),0.00,-0.43,True,69.3,
1769847677.747,35.888575,139.825988,OK,20,0.6,-0.5,9.79,0.02,STABLE,-2.4,-5.6,(2, 3, 1, 0),False,0.2,WARN(CAL),0.00,-0.45,True,70.4,
1769847678.776,35.888573,139.825992,OK,20,0.6,-0.5,9.74,0.07,STABLE,-2.4,-5.6,(2, 3, 1, 0),False,0.4,WARN(CAL),0.00,-0.42,True,71.5,
1769847679.802,35.888573,139.825992,OK,20,0.6,-0.5,9.77,0.04,STABLE,-2.4,-5.6,(2, 3, 1, 0),False,0.0,WARN(CAL),0.00,-0.41,True,72.5,
1769847680.833,35.888573,139.825992,OK,20,0.6,-0.5,9.76,0.05,STABLE,-2.4,-5.6,(0, 3, 1, 0),False,0.0,WARN(CAL),0.00,-0.41,True,73.5,
1769847681.868,35.888572,139.825992,OK,20,0.6,-0.5,9.77,0.04,STABLE,-2.4,-5.6,(2, 3, 1, 0),False,0.2,WARN(CAL),0.00,-0.43,True,74.6,
1769847682.943,35.888572,139.825993,OK,20,0.6,-0.5,9.73,0.07,STABLE,-2.4,-5.6,(0, 3, 1, 0),False,0.2,WARN(CAL),0.00,-0.38,True,75.6,
1769847684.014,35.888572,139.825993,OK,20,0.6,-0.5,9.65,0.15,STABLE,-2.4,-5.8,(2, 3, 1, 0),False,0.0,WARN(CAL),0.00,-0.39,True,76.7,
1769847685.081,35.888572,139.825992,OK,20,0.6,-0.5,9.61,0.20,STABLE,-2.4,-5.8,(0, 3, 1, 0),False,0.2,WARN(CAL),0.00,-0.33,True,77.8,
1769847686.171,35.888570,139.825993,OK,20,0.6,-0.4,9.68,0.13,STABLE,-2.4,-5.8,(0, 3, 1, 0),False,0.2,WARN(CAL),0.00,-0.42,True,78.9,
1769847687.255,35.888568,139.825995,OK,20,0.6,-0.4,9.70,0.11,STABLE,-2.4,-5.8,(0, 3, 1, 0),False,0.2,WARN(CAL),0.00,-0.42,True,79.9,
1769847688.289,35.888568,139.825993,OK,20,0.6,-0.4,9.89,0.09,STABLE,-2.4,-5.8,(0, 3, 1, 0),False,0.2,WARN(CAL),0.00,-0.48,True,81.0,
1769847689.321,35.888568,139.825992,OK,19,0.6,-0.4,9.65,0.16,STABLE,-2.4,-5.8,(2, 3, 1, 0),False,0.2,WARN(CAL),0.00,-0.43,True,82.0,
1769847690.350,35.888568,139.825993,OK,19,0.6,-0.4,9.91,0.11,STABLE,-2.4,-5.8,(0, 3, 1, 0),False,0.2,WARN(CAL),0.00,-0.49,True,83.0,
1769847691.380,35.888568,139.825992,OK,18,0.6,-0.5,9.68,0.13,STABLE,-2.4,-5.8,(2, 3, 1, 0),False,0.2,WARN(CAL),0.00,-0.43,True,84.1,
1769847692.457,35.888568,139.825992,OK,19,0.6,-0.4,9.81,0.00,STABLE,-2.4,-5.8,(0, 3, 1, 0),False,0.0,WARN(CAL),0.00,-0.43,True,85.1,
1769847693.488,35.888567,139.825992,OK,19,0.6,-0.4,9.77,0.04,STABLE,-2.4,-5.8,(2, 3, 1, 0),False,0.2,WARN(CAL),0.00,-0.43,True,86.2,
1769847694.518,35.888568,139.825992,OK,19,0.6,-0.5,9.72,0.09,STABLE,-2.4,-5.7,(2, 3, 1, 0),False,0.2,WARN(CAL),0.00,-0.45,True,87.2,
1769847695.550,35.888568,139.825992,OK,18,0.6,-0.5,9.76,0.05,STABLE,-2.4,-5.7,(2, 3, 1, 0),False,0.0,WARN(CAL),0.00,-0.42,True,88.2,
1769847696.574,35.888568,139.825992,OK,18,0.6,-0.5,9.87,0.06,STABLE,-2.4,-5.7,(2, 3, 1, 0),False,0.0,WARN(CAL),0.00,-0.50,True,89.3,
1769847697.638,35.888572,139.825992,OK,18,0.6,-0.4,9.96,0.15,STABLE,-2.4,-5.6,(2, 3, 1, 0),False,0.4,WARN(CAL),0.00,-0.40,True,90.3,
1769847698.671,35.888575,139.825992,OK,19,0.6,-0.4,9.93,0.12,STABLE,-2.4,-5.6,(2, 3, 1, 0),False,0.4,WARN(CAL),0.00,-0.40,True,91.4,
1769847699.699,35.888573,139.825992,OK,19,0.6,-0.4,9.99,0.19,STABLE,-2.4,-5.6,(2, 3, 1, 0),False,0.2,WARN(CAL),0.00,-0.44,True,92.4,
1769847700.730,35.888578,139.825992,OK,19,0.6,-0.3,9.98,0.17,STABLE,-2.4,-5.6,(2, 3, 1, 0),False,0.6,WARN(CAL),0.00,-0.42,True,93.4,
1769847701.758,35.888578,139.825992,OK,19,0.6,-0.3,9.75,0.06,STABLE,-2.4,-5.6,(0, 3, 1, 0),False,0.0,WARN(CAL),0.00,-0.45,True,94.4,
1769847702.835,35.888580,139.825992,OK,18,0.6,-0.3,9.61,0.20,STABLE,-2.4,-5.5,(2, 3, 1, 0),False,0.2,WARN(CAL),0.00,-0.51,True,95.5,
1769847703.921,35.888578,139.825990,OK,20,0.6,-0.3,9.94,0.14,STABLE,-2.4,-5.5,(2, 3, 1, 0),False,0.2,WARN(CAL),0.00,-0.44,True,96.6,
1769847704.947,35.888578,139.825990,OK,20,0.6,-0.3,9.70,0.10,STABLE,-2.4,-5.5,(2, 3, 1, 0),False,0.0,WARN(CAL),0.00,-0.50,True,97.6,
1769847705.974,35.888577,139.825990,OK,20,0.6,-0.3,9.74,0.06,STABLE,-2.4,-5.8,(0, 3, 1, 0),False,0.2,WARN(CAL),0.00,-0.51,True,98.7,
1769847707.003,35.888578,139.825988,OK,20,0.6,-0.4,9.85,0.04,STABLE,-2.4,-5.8,(0, 3, 1, 0),False,0.2,WARN(CAL),0.00,-0.38,True,99.7,
1769847708.032,35.888580,139.825985,OK,20,0.6,-0.4,10.05,0.25,STABLE,-2.8,-7.2,(2, 3, 1, 0),False,0.4,WARN(CAL),0.00,-0.65,True,100.7,
1769847709.121,35.888577,139.825983,OK,20,0.6,-0.3,9.83,0.03,STABLE,-3.1,-8.5,(2, 3, 1, 0),False,0.4,WARN(CAL),0.00,-0.69,True,101.8,
1769847710.195,35.888573,139.825980,OK,20,0.6,-0.3,10.06,0.26,STABLE,-3.2,-9.1,(0, 3, 1, 0),False,0.5,WARN(CAL),0.00,-0.58,True,102.9,
1769847711.223,35.888555,139.825978,OK,20,0.6,-0.4,9.59,0.22,STABLE,-2.7,-7.4,(0, 3, 1, 0),False,2.0,WARN(CAL),0.00,-0.37,True,103.9,
1769847712.257,35.888530,139.825977,OK,20,0.6,-0.4,9.29,0.52,SHAKE,-2.7,-7.1,(2, 3, 1, 0),False,2.8,WARN(CAL),0.00,-0.38,True,104.9,
1769847713.286,35.888497,139.825973,OK,20,0.6,-0.5,9.60,0.21,STABLE,-3.0,-8.8,(0, 3, 1, 0),False,3.7,WARN(CAL),0.00,-0.60,True,106.0,
1769847714.314,35.888452,139.825970,OK,20,0.6,-0.5,10.21,0.40,STABLE,-3.6,-9.0,(2, 3, 1, 0),False,5.0,WARN(CAL),0.00,-0.59,True,107.0,
1769847715.383,35.888400,139.825970,OK,20,0.6,-0.5,11.02,1.21,SHAKE,-3.6,-8.7,(0, 3, 1, 0),False,5.7,WARN(CAL),0.00,-0.50,True,108.1,
1769847716.463,35.888343,139.825968,OK,21,0.6,-0.5,9.50,0.30,STABLE,-3.5,-8.7,(2, 3, 1, 0),False,6.3,WARN(CAL),0.00,-0.53,True,109.2,
1769847717.554,35.888280,139.825967,OK,21,0.6,-0.4,9.64,0.17,STABLE,-2.9,-8.4,(2, 3, 1, 0),False,7.0,WARN(CAL),0.00,0.40,False,0.0,STOP_END
1769847718.628,35.888215,139.825968,OK,19,0.6,-0.4,9.25,0.55,SHAKE,-3.0,-8.1,(3, 3, 1, 0),False,7.2,WARN(CAL),0.00,1.14,True,0.0,STOP_START
1769847719.700,35.888148,139.825970,OK,19,0.6,-0.5,10.12,0.31,STABLE,-3.5,-6.8,(2, 3, 1, 0),False,7.4,WARN(CAL),0.00,0.80,False,0.0,STOP_END
1769847720.776,35.888090,139.825972,OK,20,0.6,-0.5,8.43,1.37,SHAKE,-1.8,-7.8,(2, 3, 1, 0),False,6.5,WARN(CAL),0.00,0.73,True,0.0,STOP_START
1769847721.867,35.888038,139.825980,OK,20,0.6,-0.6,8.70,1.10,SHAKE,-2.5,-8.8,(2, 3, 1, 0),False,5.8,WARN(CAL),0.00,-0.43,True,1.1,
1769847722.895,35.887993,139.825987,OK,19,0.7,-0.6,8.93,0.87,SHAKE,-2.2,-8.9,(2, 3, 1, 0),False,5.0,WARN(CAL),0.00,-1.18,True,2.1,
1769847723.927,35.887948,139.826005,OK,19,0.7,-0.5,9.15,0.66,SHAKE,-2.2,-8.8,(2, 3, 1, 0),False,5.3,WARN(CAL),0.00,-0.89,True,3.2,
1769847724.960,35.887912,139.826028,OK,18,0.7,-0.4,10.28,0.47,STABLE,-2.4,-8.6,(2, 3, 1, 0),False,4.6,WARN(CAL),0.00,0.25,True,4.2,
1769847725.994,35.887878,139.826063,OK,20,0.6,-0.2,10.61,0.81,SHAKE,-2.4,-8.6,(2, 3, 1, 0),False,4.9,WARN(CAL),0.00,-0.23,True,5.2,
1769847727.078,35.887847,139.826115,OK,20,0.6,-0.2,10.57,0.76,SHAKE,-2.4,-8.2,(2, 3, 1, 0),False,5.8,WARN(CAL),0.00,-0.28,True,6.3,
1769847728.113,35.887815,139.826175,OK,19,0.6,-0.2,10.64,0.83,SHAKE,-2.1,-8.6,(0, 3, 1, 0),False,6.5,WARN(CAL),0.00,-0.31,True,7.3,
1769847729.138,35.887780,139.826250,OK,18,0.7,-0.2,8.57,1.24,SHAKE,-1.9,-8.7,(2, 3, 1, 0),False,7.8,WARN(CAL),0.00,-0.87,True,8.4,
1769847730.170,35.887745,139.826335,OK,20,0.7,-0.3,9.23,0.57,SHAKE,-2.2,-8.6,(0, 3, 1, 0),False,8.6,WARN(CAL),0.00,-0.23,True,9.4,
1769847731.201,35.887702,139.826422,OK,20,0.7,-0.3,9.76,0.05,STABLE,-2.2,-8.3,(2, 3, 1, 0),False,9.2,WARN(CAL),0.00,-0.93,True,10.4,
1769847732.284,35.887655,139.826515,OK,20,0.7,-0.6,10.35,0.55,SHAKE,-2.1,-8.2,(2, 3, 1, 0),False,9.9,WARN(CAL),0.00,-0.68,True,11.5,
1769847733.320,35.887615,139.826610,OK,20,0.7,-0.4,8.58,1.22,SHAKE,-1.9,-8.3,(2, 3, 1, 0),False,9.6,WARN(CAL),0.00,-0.58,True,12.5,
1769847734.345,35.887575,139.826715,OK,19,0.7,-0.4,10.12,0.31,STABLE,-1.8,-8.2,(2, 3, 1, 0),False,10.5,WARN(CAL),0.00,-1.07,True,13.6,
1769847735.377,35.887543,139.826833,OK,19,0.7,-0.9,9.77,0.03,STABLE,-1.8,-8.1,(2, 3, 1, 0),False,11.2,WARN(CAL),0.00,-0.73,True,14.6,
1769847736.404,35.887507,139.826948,OK,19,0.7,-1.2,10.29,0.48,STABLE,-1.8,-7.6,(2, 3, 1, 0),False,11.1,WARN(CAL),0.00,0.03,True,15.6,
1769847737.493,35.887475,139.827083,OK,20,0.7,-1.3,9.23,0.57,SHAKE,-1.9,-7.8,(2, 3, 1, 0),False,12.7,WARN(CAL),0.00,-0.63,True,16.7,
1769847738.521,35.887438,139.827188,OK,20,0.7,-1.4,7.86,1.95,SHAKE,-1.9,-7.4,(2, 3, 1, 0),False,10.3,WARN(CAL),0.00,0.23,True,17.7,
1769847739.555,35.887408,139.827288,OK,20,0.7,-1.4,9.06,0.74,SHAKE,-1.9,-6.8,(2, 3, 1, 0),False,9.6,WARN(CAL),0.00,0.00,True,18.8,
1769847740.579,35.887390,139.827378,OK,20,0.7,-1.5,9.80,0.01,STABLE,-1.9,-6.1,(2, 3, 1, 0),False,8.4,WARN(CAL),0.00,-0.26,True,19.8,
1769847741.609,35.887375,139.827470,OK,20,0.7,-1.4,9.72,0.08,STABLE,,,(2, 3, 1, 0),False,8.4,WARN(CAL),0.00,-0.68,True,20.8,
1769847742.684,35.887358,139.827553,OK,19,0.7,-1.5,9.68,0.12,STABLE,-2.1,-4.6,(3, 3, 1, 0),False,7.7,WARN(CAL),0.00,-0.41,True,21.9,
1769847743.718,35.887340,139.827633,OK,20,0.7,-1.9,9.89,0.08,STABLE,-2.1,-4.4,(3, 3, 1, 0),False,7.5,WARN(CAL),0.00,-0.40,True,22.9,
1769847744.753,35.887320,139.827712,OK,20,0.7,-2.3,9.58,0.23,STABLE,-2.2,-4.2,(3, 3, 1, 0),False,7.4,WARN(CAL),0.00,-0.44,True,24.0,
1769847745.776,35.887305,139.827790,OK,21,0.6,-2.6,9.75,0.05,STABLE,-2.2,-4.2,(3, 3, 1, 0),False,7.3,WARN(CAL),0.00,-0.35,True,25.0,
1769847746.813,35.887285,139.827865,OK,20,0.6,-2.7,9.77,0.03,STABLE,-2.2,-4.2,(3, 3, 1, 0),False,7.1,WARN(CAL),0.00,-0.45,True,26.0,
1769847747.905,35.887275,139.827937,OK,20,0.6,-2.5,9.78,0.02,STABLE,-2.4,-5.2,(1, 3, 1, 0),False,6.6,WARN(CAL),0.00,-0.45,True,27.1,
1769847748.994,35.887263,139.828003,OK,20,0.6,-2.4,9.79,0.02,STABLE,-2.4,-5.3,(1, 3, 1, 0),False,6.1,WARN(CAL),0.00,-0.46,True,28.2,
1769847750.029,35.887253,139.828068,OK,20,0.6,-2.1,9.77,0.03,STABLE,-2.4,-5.3,(3, 3, 1, 0),False,6.0,WARN(CAL),0.00,-0.47,True,29.3,
1769847751.060,35.887238,139.828130,OK,20,0.6,-2.0,9.80,0.01,STABLE,-2.4,-5.3,(3, 3, 1, 0),False,5.8,WARN(CAL),0.00,-0.47,True,30.3,
1769847752.083,35.887227,139.828182,OK,21,0.6,-2.3,9.80,0.01,STABLE,-2.4,-5.3,(3, 3, 1, 0),False,4.8,WARN(CAL),0.00,-0.46,True,31.3,
1769847753.116,35.887220,139.828225,OK,21,0.6,-2.4,9.75,0.06,STABLE,-2.4,-5.3,(3, 3, 1, 0),False,4.0,WARN(CAL),0.00,-0.44,True,32.3,
1769847754.200,35.887217,139.828252,OK,21,0.6,-2.7,9.69,0.11,STABLE,-2.4,-5.3,(3, 3, 1, 0),False,2.4,WARN(CAL),0.00,-0.45,True,33.4,
1769847755.231,35.887213,139.828265,OK,21,0.6,-3.1,9.70,0.10,STABLE,-2.4,-5.3,(3, 3, 1, 0),False,1.3,WARN(CAL),0.00,-0.46,True,34.5,
1769847756.266,35.887210,139.828270,OK,22,0.6,-3.6,9.53,0.28,STABLE,-2.5,-5.6,(3, 3, 1, 0),False,0.6,WARN(CAL),0.00,-0.45,True,35.5,
1769847757.300,35.887207,139.828272,OK,21,0.6,-3.6,10.09,0.28,STABLE,-2.6,-5.6,(1, 3, 1, 0),False,0.4,WARN(CAL),0.00,-0.50,True,36.5,
1769847758.329,35.887207,139.828272,OK,22,0.6,-3.6,9.75,0.05,STABLE,-2.6,-5.5,(3, 3, 1, 0),False,0.0,WARN(CAL),0.00,-0.38,True,37.6,
1769847759.422,35.887210,139.828268,OK,22,0.6,-3.7,9.75,0.06,STABLE,-2.6,-5.5,(3, 3, 1, 0),False,0.5,WARN(CAL),0.00,-0.46,True,38.6,
1769847760.492,35.887210,139.828268,OK,22,0.6,-3.7,9.75,0.05,STABLE,-2.6,-5.5,(3, 3, 1, 0),False,0.0,WARN(CAL),0.00,-0.46,True,39.7,
1769847761.567,35.887212,139.828267,OK,21,0.6,-3.6,9.87,0.06,STABLE,-2.9,-7.0,(3, 3, 1, 0),False,0.2,WARN(CAL),0.00,-0.65,True,40.8,
1769847762.634,35.887212,139.828267,OK,20,0.7,-3.6,9.48,0.32,STABLE,-4.2,-12.8,(3, 3, 1, 0),False,0.0,WARN(CAL),0.00,-0.91,True,41.9,
1769847763.665,35.887212,139.828265,OK,21,0.6,-3.6,10.06,0.26,STABLE,-4.2,-13.0,(3, 3, 1, 0),False,0.2,WARN(CAL),0.00,-1.26,True,42.9,
1769847764.699,35.887208,139.828263,OK,20,0.7,-3.6,9.81,0.00,STABLE,-4.0,-12.8,(2, 3, 1, 0),False,0.4,WARN(CAL),0.00,-0.77,True,43.9,
1769847765.730,35.887208,139.828262,OK,20,0.7,-3.7,10.12,0.32,STABLE,-3.8,-12.8,(2, 3, 1, 0),False,0.2,WARN(CAL),0.00,-0.29,True,45.0,
1769847766.765,35.887207,139.828258,OK,20,0.7,-3.7,9.54,0.27,STABLE,-3.1,-12.2,(2, 3, 1, 0),False,0.4,WARN(CAL),0.00,-0.41,True,46.0,
1769847767.849,35.887205,139.828258,OK,20,0.7,-3.7,9.68,0.13,STABLE,-3.6,-11.3,(2, 3, 1, 0),False,0.2,WARN(CAL),0.00,-0.69,True,47.1,
1769847768.940,35.887203,139.828257,OK,20,0.7,-3.8,10.94,1.13,SHAKE,-3.7,-10.8,(2, 3, 1, 0),False,0.2,WARN(CAL),0.00,-0.32,True,48.2,
1769847770.013,35.887205,139.828257,OK,20,0.7,-3.7,10.64,0.83,SHAKE,-3.2,-9.4,(2, 3, 1, 0),False,0.2,WARN(CAL),0.00,-0.31,True,49.2,
1769847771.044,35.887203,139.828262,OK,20,0.7,-3.8,12.07,2.26,IMPACT,-3.2,-9.4,(2, 3, 1, 0),False,0.5,WARN(CAL),0.00,0.32,False,0.0,STOP_END
1769847772.072,35.887202,139.828282,OK,20,0.7,-3.8,9.57,0.23,STABLE,-3.2,-8.7,(2, 3, 1, 0),False,1.8,WARN(CAL),0.00,-0.12,True,0.0,STOP_START
1769847773.100,35.887198,139.828310,OK,20,0.7,-3.7,10.79,0.98,SHAKE,-2.9,-8.3,(2, 3, 1, 0),False,2.6,WARN(CAL),0.00,-0.53,True,1.0,
1769847774.131,35.887197,139.828342,OK,20,0.7,-3.8,9.58,0.23,STABLE,-3.0,-7.7,(0, 3, 1, 0),False,2.9,WARN(CAL),0.00,-0.62,True,2.1,
1769847775.200,35.887190,139.828378,OK,20,0.7,-3.8,9.37,0.44,STABLE,-2.9,-7.4,(2, 3, 1, 0),False,3.4,WARN(CAL),0.00,-0.48,True,3.1,
1769847776.282,35.887182,139.828425,OK,20,0.7,-3.9,9.66,0.15,STABLE,-3.1,-7.2,(2, 3, 1, 0),False,4.3,WARN(CAL),0.00,-0.37,True,4.2,
1769847777.310,35.887175,139.828473,OK,20,0.7,-3.9,10.23,0.42,STABLE,-3.0,-6.9,(2, 3, 1, 0),False,4.4,WARN(CAL),0.00,-0.50,True,5.2,
1769847778.339,35.887165,139.828527,OK,20,0.7,-4.2,9.40,0.41,STABLE,-2.5,-6.8,(2, 3, 1, 0),False,4.9,WARN(CAL),0.00,-0.89,True,6.3,
1769847779.372,35.887153,139.828587,OK,20,0.7,-4.4,9.57,0.23,STABLE,-2.4,-6.8,(3, 3, 1, 0),False,5.6,WARN(CAL),0.00,-0.29,True,7.3,
1769847780.400,35.887145,139.828647,OK,20,0.7,-4.6,10.42,0.61,SHAKE,-2.4,-6.2,(2, 3, 1, 0),False,5.5,WARN(CAL),0.00,-1.07,True,8.3,
1769847781.491,35.887135,139.828707,OK,20,0.7,-4.8,9.69,0.11,STABLE,-2.2,-5.8,(2, 3, 1, 0),False,5.5,WARN(CAL),0.00,-0.60,True,9.4,
1769847782.524,35.887122,139.828767,OK,20,0.8,-4.9,11.35,1.55,SHAKE,-2.2,-5.1,(2, 3, 1, 0),False,5.6,WARN(CAL),0.00,0.12,True,10.5,
1769847783.558,35.887112,139.828827,OK,21,0.7,-5.2,9.41,0.39,STABLE,-2.6,-5.2,(2, 3, 1, 0),False,5.5,WARN(CAL),0.00,0.35,False,0.0,STOP_END
1769847784.590,35.887105,139.828883,OK,20,0.7,-5.3,10.84,1.03,SHAKE,-2.7,-5.1,(2, 3, 1, 0),False,5.2,WARN(CAL),0.00,-0.32,True,0.0,STOP_START
1769847785.619,35.887098,139.828932,OK,20,0.7,-5.4,,,?,-2.2,-4.6,(3, 3, 1, 0),False,4.4,WARN(CAL),0.00,,True,1.0,
1769847786.706,35.887093,139.828972,OK,19,0.7,-5.6,9.61,0.20,STABLE,-2.3,-4.1,(2, 3, 1, 0),False,3.6,WARN(CAL),0.00,-0.61,True,2.1,
1769847787.734,35.887085,139.829008,OK,19,0.7,-5.6,9.60,0.21,STABLE,-2.1,-3.9,(2, 3, 1, 0),False,3.4,WARN(CAL),0.00,-0.62,True,3.1,
1769847788.768,35.887080,139.829040,OK,21,0.6,-5.7,9.93,0.12,STABLE,-2.2,-4.0,(3, 3, 1, 0),False,2.9,WARN(CAL),0.00,-1.03,True,4.2,
1769847789.801,35.887077,139.829067,OK,21,0.6,-5.7,9.12,0.68,SHAKE,-1.7,-3.7,(2, 3, 1, 0),False,2.4,WARN(CAL),0.00,-0.47,True,5.2,
1769847790.833,35.887073,139.829090,OK,21,0.6,-5.7,10.52,0.71,SHAKE,-1.8,-3.9,(2, 3, 1, 0),False,2.1,WARN(CAL),0.00,-0.36,True,6.2,
1769847791.918,35.887070,139.829112,OK,21,0.6,-5.6,9.13,0.68,SHAKE,-1.8,-4.0,(2, 3, 1, 0),False,2.0,WARN(CAL),0.00,-0.14,True,7.3,
1769847792.998,35.887065,139.829125,OK,21,0.6,-5.5,9.32,0.48,STABLE,-1.3,-3.7,(2, 3, 1, 0),False,1.3,WARN(CAL),0.00,-0.01,True,8.4,
1769847794.085,35.887063,139.829132,OK,21,0.6,-5.2,9.43,0.38,STABLE,-1.1,-4.0,(2, 3, 1, 0),False,0.6,WARN(CAL),0.00,-0.63,True,9.5,
1769847795.113,35.887062,139.829133,OK,20,0.6,-5.0,9.78,0.03,STABLE,-0.9,-3.9,(2, 3, 1, 0),False,0.2,WARN(CAL),0.00,-0.07,True,10.5,
1769847796.144,35.887060,139.829133,OK,21,0.6,-5.0,10.50,0.70,SHAKE,-0.9,-3.4,(3, 3, 1, 0),False,0.2,WARN(CAL),0.00,-0.29,True,11.6,
1769847797.177,35.887058,139.829133,OK,21,0.6,-4.9,10.28,0.47,STABLE,-1.4,-4.1,(2, 3, 1, 0),False,0.2,WARN(CAL),0.00,-0.64,True,12.6,
1769847798.208,35.887058,139.829135,OK,21,0.6,-4.9,9.31,0.50,STABLE,-1.4,-3.3,(2, 3, 1, 0),False,0.2,WARN(CAL),0.00,-0.48,True,13.6,
1769847799.288,35.887060,139.829137,OK,21,0.6,-5.0,8.86,0.94,SHAKE,-1.5,-3.3,(2, 3, 1, 0),False,0.2,WARN(CAL),0.00,-0.17,True,14.7,
1769847800.357,35.887058,139.829137,OK,19,0.7,-5.0,9.99,0.18,STABLE,-2.3,-4.4,(3, 3, 1, 0),False,0.2,WARN(CAL),0.00,-0.62,True,15.8,
1769847801.435,35.887060,139.829138,OK,19,0.7,-5.0,9.49,0.31,STABLE,-1.8,-4.6,(2, 3, 1, 0),False,0.2,WARN(CAL),0.00,-0.35,True,16.8,
1769847802.456,35.887058,139.829138,OK,20,0.6,-5.0,10.19,0.39,STABLE,-1.4,-5.6,(2, 3, 1, 0),False,0.2,WARN(CAL),0.00,-0.44,True,17.9,
1769847803.485,35.887058,139.829140,OK,21,0.6,-5.0,9.80,0.00,STABLE,-2.0,-5.1,(3, 3, 1, 0),False,0.2,WARN(CAL),0.00,-0.31,True,18.9,
1769847804.514,35.887057,139.829142,OK,21,0.6,-5.0,9.96,0.15,STABLE,-2.3,-4.5,(3, 3, 1, 0),False,0.2,WARN(CAL),0.00,0.02,True,19.9,
1769847805.536,35.887055,139.829143,OK,20,0.7,-5.0,9.43,0.37,STABLE,,,(2, 3, 1, 0),False,0.2,WARN(CAL),0.00,-0.05,True,20.9,
1769847806.627,35.887058,139.829145,OK,20,0.7,-5.1,11.01,1.21,SHAKE,-1.6,-4.7,(3, 3, 1, 0),False,0.4,WARN(CAL),0.00,-0.38,True,22.0,
1769847807.704,35.887060,139.829147,OK,20,0.7,-5.1,9.10,0.71,SHAKE,-1.8,-4.3,(2, 3, 1, 0),False,0.2,WARN(CAL),0.00,-0.01,True,23.1,
1769847808.729,35.887060,139.829143,OK,20,0.7,-5.1,8.92,0.89,SHAKE,-1.8,-2.3,(2, 3, 1, 0),False,0.3,WARN(CAL),0.00,-0.07,True,24.1,
1769847809.758,35.887060,139.829147,OK,20,0.7,-5.1,8.54,1.26,SHAKE,-1.8,-1.9,(2, 3, 1, 0),False,0.3,WARN(CAL),0.00,-0.40,True,25.2,
1769847810.796,35.887062,139.829143,OK,20,0.7,-5.1,10.90,1.09,SHAKE,-2.2,-3.2,(0, 3, 1, 0),False,0.4,WARN(CAL),0.00,-0.36,True,26.2,
1769847811.837,35.887062,139.829145,OK,20,0.6,-5.1,10.42,0.61,SHAKE,-2.2,-3.4,(2, 3, 1, 0),False,0.2,WARN(CAL),0.00,-0.62,True,27.2,
1769847812.924,35.887060,139.829143,OK,20,0.6,-5.0,10.37,0.56,SHAKE,-2.1,-3.8,(2, 3, 1, 0),False,0.2,WARN(CAL),0.00,-0.26,True,28.3,
1769847813.956,35.887058,139.829145,OK,20,0.6,-5.0,9.75,0.06,STABLE,-2.1,-3.6,(0, 3, 1, 0),False,0.2,WARN(CAL),0.00,-0.69,True,29.4,
1769847814.988,35.887058,139.829145,OK,20,0.6,-5.0,10.38,0.57,SHAKE,-2.6,-3.4,(2, 3, 1, 0),False,0.0,WARN(CAL),0.00,0.10,True,30.4,
1769847816.023,35.887060,139.829145,OK,20,0.6,-5.0,10.17,0.37,STABLE,-2.2,-3.0,(2, 3, 1, 0),False,0.2,WARN(CAL),0.00,-0.31,True,31.4,
1769847817.057,35.887060,139.829145,OK,21,0.6,-5.0,10.53,0.73,SHAKE,-1.8,-2.8,(2, 3, 1, 0),False,0.0,WARN(CAL),0.00,-0.39,True,32.5,
1769847818.142,35.887062,139.829147,OK,21,0.6,-5.0,10.17,0.36,STABLE,-1.1,-2.3,(2, 3, 1, 0),False,0.2,WARN(CAL),0.00,-0.55,True,33.6,
1769847819.217,35.887063,139.829148,OK,21,0.6,-5.0,9.61,0.19,STABLE,-0.8,-2.4,(2, 3, 1, 0),False,0.2,WARN(CAL),0.00,-0.07,True,34.6,
1769847820.290,35.887060,139.829150,OK,21,0.6,-5.0,9.24,0.56,SHAKE,-0.9,-1.7,(2, 3, 1, 0),False,0.4,WARN(CAL),0.00,0.34,False,0.0,STOP_END
1769847821.372,35.887062,139.829150,OK,21,0.6,-5.0,10.13,0.32,STABLE,-0.6,-1.6,(2, 3, 1, 0),False,0.2,WARN(CAL),0.00,0.03,True,0.0,STOP_START
1769847822.460,35.887062,139.829153,OK,21,0.6,-5.0,9.64,0.17,STABLE,-0.4,-1.3,(0, 3, 1, 0),False,0.3,WARN(CAL),0.00,0.20,True,1.1,
1769847823.488,35.887063,139.829153,OK,21,0.6,-5.0,10.06,0.25,STABLE,-0.4,-1.8,(2, 3, 1, 0),False,0.2,WARN(CAL),0.00,-0.22,True,2.1,
1769847824.510,35.887063,139.829153,OK,21,0.6,-5.1,10.23,0.42,STABLE,-0.3,-1.9,(2, 3, 1, 0),False,0.0,WARN(CAL),0.00,-0.08,True,3.1,
1769847825.546,35.887065,139.829155,OK,20,0.7,-5.1,9.88,0.07,STABLE,-0.2,-2.1,(2, 3, 1, 0),False,0.2,WARN(CAL),0.00,-0.02,True,4.2,
1769847826.582,35.887065,139.829155,OK,20,0.7,-5.0,10.41,0.60,SHAKE,-0.3,-2.1,(2, 3, 1, 0),False,0.0,WARN(CAL),0.00,-0.02,True,5.2,
1769847827.657,35.887067,139.829155,OK,19,0.7,-5.1,10.24,0.43,STABLE,-0.2,-2.0,(2, 3, 1, 0),False,0.2,WARN(CAL),0.00,-0.22,True,6.3,
1769847828.731,35.887070,139.829155,OK,19,0.7,-5.1,10.24,0.43,STABLE,-0.6,-2.9,(2, 3, 1, 0),False,0.4,WARN(CAL),0.00,-0.24,True,7.4,
1769847829.805,35.887070,139.829157,OK,19,0.7,-5.1,9.67,0.14,STABLE,-0.8,-2.9,(2, 3, 1, 0),False,0.2,WARN(CAL),0.00,-0.03,True,8.4,
1769847830.896,35.887072,139.829155,OK,19,0.7,-5.1,10.10,0.30,STABLE,-0.8,-2.0,(2, 3, 1, 0),False,0.2,WARN(CAL),0.00,-0.21,True,9.5,
1769847831.983,35.887068,139.829153,OK,19,0.7,-5.1,10.05,0.24,STABLE,-0.6,-1.8,(2, 3, 1, 0),False,0.4,WARN(CAL),0.00,-0.21,True,10.6,
1769847833.038,35.887068,139.829152,OK,19,0.7,-5.1,10.14,0.33,STABLE,-0.6,-2.3,(3, 3, 1, 0),False,0.2,WARN(CAL),0.00,-0.11,True,11.7,
1769847834.069,35.887067,139.829152,OK,19,0.7,-5.1,9.64,0.17,STABLE,-0.6,-2.4,(2, 3, 1, 0),False,0.2,WARN(CAL),0.00,-0.01,True,12.7,
1769847835.098,35.887067,139.829150,OK,19,0.7,-5.1,10.06,0.25,STABLE,-0.6,-2.9,(0, 3, 1, 0),False,0.2,WARN(CAL),0.00,-0.12,True,13.7,
1769847836.129,35.887068,139.829150,OK,19,0.7,-5.1,9.70,0.10,STABLE,-0.5,-3.1,(0, 3, 1, 0),False,0.2,WARN(CAL),0.00,-0.06,True,14.8,
1769847837.162,35.887068,139.829152,OK,20,0.6,-5.1,9.75,0.06,STABLE,-0.5,-3.2,(2, 3, 1, 0),False,0.2,WARN(CAL),0.00,-0.12,True,15.8,
1769847838.232,35.887068,139.829152,OK,20,0.6,-5.1,9.77,0.03,STABLE,-0.8,-4.9,(2, 3, 1, 0),False,0.0,WARN(CAL),0.00,-0.14,True,16.9,
1769847839.316,35.887070,139.829153,OK,21,0.6,-5.0,9.78,0.02,STABLE,-0.8,-5.2,(0, 3, 1, 0),False,0.2,WARN(CAL),0.00,-0.15,True,17.9,
1769847840.405,35.887070,139.829155,OK,21,0.6,-5.1,9.76,0.04,STABLE,-0.8,-5.2,(0, 3, 1, 0),False,0.2,WARN(CAL),0.00,-0.15,True,19.0,
1769847841.492,35.887070,139.829158,OK,21,0.6,-5.0,9.75,0.06,STABLE,-0.8,-5.2,(2, 3, 1, 0),False,0.3,WARN(CAL),0.00,-0.14,True,20.1,
1769847842.520,35.887070,139.829163,OK,21,0.6,-5.0,9.79,0.02,STABLE,-0.8,-5.2,(2, 3, 1, 0),False,0.5,WARN(CAL),0.00,-0.15,True,21.1,
1769847843.552,35.887070,139.829165,OK,21,0.6,-5.0,9.76,0.04,STABLE,-0.8,-5.2,(2, 3, 1, 0),False,0.2,WARN(CAL),0.00,-0.14,True,22.2,
1769847844.580,35.887072,139.829167,OK,21,0.6,-5.1,9.76,0.04,STABLE,-0.8,-5.2,(0, 3, 1, 0),False,0.2,WARN(CAL),0.00,-0.17,True,23.2,
1769847845.612,35.887073,139.829167,OK,21,0.6,-5.1,9.73,0.07,STABLE,-0.8,-5.2,(0, 3, 1, 0),False,0.2,WARN(CAL),0.00,-0.15,True,24.2,
1769847846.701,35.887077,139.829163,OK,20,0.6,-5.1,9.77,0.03,STABLE,-0.8,-5.4,(2, 3, 1, 0),False,0.5,WARN(CAL),0.00,-0.19,True,25.3,
1769847847.779,35.887077,139.829167,OK,20,0.6,-5.1,9.50,0.30,STABLE,-0.8,-5.5,(2, 3, 1, 0),False,0.3,WARN(CAL),0.00,-0.07,True,26.4,
1769847848.862,35.887080,139.829168,OK,20,0.6,-5.1,9.58,0.22,STABLE,-0.8,-5.5,(2, 3, 1, 0),False,0.4,WARN(CAL),0.00,-0.11,True,27.5,
1769847849.946,35.887080,139.829168,OK,20,0.6,-5.1,9.76,0.04,STABLE,-0.8,-5.5,(2, 3, 1, 0),False,0.0,WARN(CAL),0.00,-0.16,True,28.6,
1769847850.976,35.887080,139.829168,OK,20,0.6,-5.1,9.85,0.04,STABLE,-0.8,-5.5,(2, 3, 1, 0),False,0.0,WARN(CAL),0.00,-0.17,True,29.6,
1769847852.005,35.887078,139.829170,OK,20,0.6,-5.1,9.78,0.02,STABLE,-0.8,-5.5,(2, 3, 1, 0),False,0.2,WARN(CAL),0.00,-0.14,True,30.6,
1769847853.037,35.887078,139.829173,OK,19,0.7,-5.1,9.86,0.06,STABLE,-0.8,-5.5,(2, 3, 1, 0),False,0.3,WARN(CAL),0.00,-0.18,True,31.7,
1769847854.071,35.887080,139.829177,OK,19,0.7,-5.1,9.90,0.10,STABLE,-0.8,-5.5,(3, 3, 1, 0),False,0.4,WARN(CAL),0.00,-0.10,True,32.7,
1769847855.164,35.887083,139.829175,OK,21,0.6,-5.1,10.03,0.22,STABLE,-0.8,-5.5,(3, 3, 1, 0),False,0.4,WARN(CAL),0.00,-0.15,True,33.8,
1769847856.248,35.887087,139.829173,OK,21,0.6,-5.1,9.74,0.06,STABLE,-0.8,-5.5,(3, 3, 1, 0),False,0.4,WARN(CAL),0.00,-0.15,True,34.9,
1769847857.315,35.887085,139.829175,OK,21,0.6,-5.1,9.46,0.34,STABLE,-0.8,-5.6,(3, 3, 1, 0),False,0.2,WARN(CAL),0.00,-0.05,True,35.9,
1769847858.396,35.887087,139.829175,OK,20,0.6,-5.1,9.71,0.09,STABLE,-0.8,-5.6,(3, 3, 1, 0),False,0.2,WARN(CAL),0.00,-0.12,True,37.0,
1769847859.486,35.887085,139.829175,OK,20,0.6,-5.1,9.74,0.07,STABLE,-0.8,-5.6,(3, 3, 1, 0),False,0.2,WARN(CAL),0.00,-0.24,True,38.1,
1769847860.554,35.887083,139.829182,OK,20,0.6,-5.2,9.60,0.20,STABLE,-0.8,-5.6,(3, 3, 1, 0),False,0.6,WARN(CAL),0.00,-0.13,True,39.2,
1769847861.629,35.887082,139.829195,OK,21,0.6,-5.3,9.92,0.11,STABLE,-0.8,-5.6,(3, 3, 1, 0),False,1.2,WARN(CAL),0.00,-0.15,True,40.3,
1769847862.701,35.887080,139.829203,OK,21,0.6,-5.4,9.79,0.01,STABLE,-0.8,2042.4,(3, 3, 1, 0),False,0.8,WARN(CAL),0.00,-0.04,True,41.3,
1769847863.788,35.887078,139.829215,OK,21,0.6,-5.6,9.71,0.10,STABLE,-0.8,-5.5,(3, 3, 1, 0),False,1.1,WARN(CAL),0.00,-0.03,True,42.4,
1769847864.819,35.887077,139.829228,OK,21,0.6,-5.5,9.68,0.12,STABLE,-0.8,-5.5,(3, 3, 1, 0),False,1.2,WARN(CAL),0.00,-0.04,True,43.4,
1769847865.853,35.887070,139.829252,OK,20,0.6,-5.5,9.52,0.28,STABLE,-0.8,-5.5,(3, 3, 1, 0),False,2.2,WARN(CAL),0.00,-0.15,True,44.5,
1769847866.882,35.887065,139.829282,OK,21,0.6,-5.5,9.59,0.21,STABLE,-0.8,-5.5,(3, 3, 1, 0),False,2.8,WARN(CAL),0.00,-0.20,True,45.5,
1769847867.911,35.887062,139.829317,OK,21,0.6,-5.5,9.60,0.20,STABLE,-0.8,-5.4,(3, 3, 1, 0),False,3.2,WARN(CAL),0.00,-0.08,True,46.5,
1769847868.989,35.887058,139.829355,OK,21,0.6,-5.5,9.81,0.01,STABLE,-0.8,-5.5,(3, 3, 1, 0),False,3.5,WARN(CAL),0.00,-0.18,True,47.6,
1769847870.020,35.887043,139.829397,OK,22,0.6,-5.3,9.56,0.24,STABLE,-0.8,-5.4,(3, 3, 1, 0),False,4.1,WARN(CAL),0.00,-0.11,True,48.6,
1769847871.052,35.887018,139.829435,OK,22,0.6,-5.3,9.60,0.20,STABLE,-0.8,-5.4,(3, 3, 1, 0),False,4.4,WARN(CAL),0.00,-0.12,True,49.7,
1769847872.081,35.886978,139.829468,OK,22,0.6,-4.9,9.58,0.23,STABLE,-0.8,-5.4,(3, 3, 1, 0),False,5.4,WARN(CAL),0.00,-0.11,True,50.7,
1769847873.111,35.886932,139.829492,OK,22,0.6,-4.6,9.71,0.10,STABLE,-0.8,-5.4,(3, 3, 1, 0),False,5.6,WARN(CAL),0.00,-0.09,True,51.7,
1769847874.188,35.886878,139.829502,OK,21,0.6,-4.2,10.06,0.26,STABLE,-0.8,-5.4,(3, 3, 1, 0),False,6.0,WARN(CAL),0.00,-0.21,True,52.8,
1769847875.271,35.886818,139.829510,OK,21,0.6,-3.9,9.68,0.13,STABLE,-0.8,-5.3,(3, 3, 1, 0),False,6.7,WARN(CAL),0.00,-0.18,True,53.9,
1769847876.345,35.886757,139.829522,OK,21,0.6,-3.4,9.84,0.03,STABLE,-0.8,-5.4,(3, 3, 1, 0),False,6.9,WARN(CAL),0.00,-0.23,True,55.0,
1769847877.436,35.886693,139.829535,OK,21,0.6,-3.0,9.87,0.07,STABLE,-0.8,-5.3,(3, 3, 1, 0),False,7.1,WARN(CAL),0.00,-0.11,True,56.1,
1769847878.463,35.886635,139.829547,OK,21,0.6,-2.4,9.66,0.15,STABLE,-0.8,-5.3,(3, 3, 1, 0),False,6.6,WARN(CAL),0.00,-0.22,True,57.1,
1769847879.486,35.886577,139.829557,OK,21,0.6,-2.0,9.91,0.10,STABLE,-0.8,-5.4,(3, 3, 1, 0),False,6.5,WARN(CAL),0.00,-0.08,True,58.1,
1769847880.518,35.886518,139.829567,OK,21,0.6,-1.6,9.79,0.02,STABLE,-0.8,-5.4,(3, 3, 1, 0),False,6.5,WARN(CAL),0.00,-0.12,True,59.1,
1769847881.549,35.886462,139.829575,OK,21,0.6,-1.1,9.69,0.11,STABLE,-0.8,-5.4,(3, 3, 1, 0),False,6.3,WARN(CAL),0.00,-0.13,True,60.2,
1769847882.629,35.886407,139.829583,OK,22,0.6,-0.4,9.86,0.06,STABLE,-0.8,-5.4,(3, 3, 1, 0),False,6.2,WARN(CAL),0.00,-0.23,True,61.3,
1769847883.662,35.886350,139.829590,OK,21,0.6,-0.2,9.88,0.08,STABLE,-0.8,-5.4,(3, 3, 1, 0),False,6.3,WARN(CAL),0.00,-0.24,True,62.3,
1769847884.693,35.886293,139.829602,OK,20,0.6,-0.1,9.83,0.03,STABLE,-0.8,-5.4,(3, 3, 1, 0),False,6.4,WARN(CAL),0.00,-0.09,True,63.3,
1769847885.724,35.886237,139.829612,OK,20,0.6,0.3,9.99,0.19,STABLE,-0.8,-5.4,(3, 3, 1, 0),False,6.4,WARN(CAL),0.00,-0.26,True,64.4,
1769847886.754,35.886177,139.829622,OK,20,0.6,0.6,9.77,0.04,STABLE,-0.8,-5.4,(3, 3, 1, 0),False,6.7,WARN(CAL),0.00,-0.21,True,65.4,
1769847887.843,35.886120,139.829630,OK,20,0.6,1.0,9.76,0.05,STABLE,-0.8,-5.4,(3, 3, 1, 0),False,6.3,WARN(CAL),0.00,-0.12,True,66.5,
1769847888.873,35.886067,139.829640,OK,20,0.6,1.0,9.80,0.00,STABLE,-1.9,-10.2,(3, 3, 1, 0),False,6.0,WARN(CAL),0.00,-0.41,True,67.5,
1769847889.907,35.886018,139.829648,OK,20,0.6,0.8,10.10,0.30,STABLE,-2.4,-13.1,(3, 3, 1, 0),False,5.4,WARN(CAL),0.00,-0.21,True,68.5,
1769847890.930,35.885973,139.829653,OK,20,0.6,0.9,9.75,0.06,STABLE,-2.2,-13.4,(3, 3, 1, 0),False,5.0,WARN(CAL),0.00,-0.05,True,69.6,
1769847891.958,35.885842,139.829667,OK,21,0.6,2.5,9.68,0.13,STABLE,-2.5,-13.5,(3, 3, 1, 0),False,14.7,WARN(CAL),0.00,-0.67,True,70.6,
1769847893.014,35.885840,139.829667,OK,21,0.6,2.4,9.37,0.44,STABLE,-2.8,-13.3,(2, 3, 1, 0),False,0.2,WARN(CAL),0.00,-0.23,True,71.6,
1769847894.083,35.885842,139.829667,OK,21,0.6,2.5,9.78,0.03,STABLE,-3.1,-12.6,(2, 3, 1, 0),False,0.2,WARN(CAL),0.00,-0.60,True,72.7,
1769847895.158,35.885842,139.829667,OK,22,0.6,2.5,10.22,0.41,STABLE,-3.8,-11.9,(2, 3, 1, 0),False,0.0,WARN(CAL),0.00,-0.55,True,73.8,
1769847896.192,35.885840,139.829667,OK,22,0.6,2.5,9.26,0.55,SHAKE,-2.5,-11.4,(2, 3, 1, 0),False,0.2,WARN(CAL),0.00,0.21,True,74.8,
1769847897.226,35.885842,139.829668,OK,22,0.6,2.5,10.61,0.80,SHAKE,-1.4,-10.3,(3, 3, 1, 0),False,0.2,WARN(CAL),0.00,0.36,False,0.0,STOP_END
1769847898.258,35.885840,139.829667,OK,22,0.6,2.5,9.75,0.05,STABLE,-0.9,-6.8,(3, 3, 1, 0),False,0.2,WARN(CAL),0.00,0.00,True,0.0,STOP_START
1769847899.292,35.885840,139.829667,OK,22,0.6,2.5,10.67,0.86,SHAKE,-9.0,-5.6,(3, 3, 1, 0),False,0.0,WARN(CAL),0.00,0.06,True,1.0,
1769847900.377,35.885838,139.829667,OK,22,0.6,2.5,9.04,0.77,SHAKE,-1.3,-5.3,(3, 3, 1, 0),False,0.2,WARN(CAL),0.00,-0.06,True,2.1,
1769847901.458,35.885838,139.829667,OK,22,0.6,2.6,10.63,0.82,SHAKE,-1.5,-5.3,(2, 3, 1, 0),False,0.0,WARN(CAL),0.00,-0.56,True,3.2,
1769847902.489,35.885840,139.829665,OK,22,0.6,2.5,9.84,0.04,STABLE,-1.8,-4.9,(2, 3, 1, 0),False,0.2,WARN(CAL),0.00,-0.25,True,4.2,
1769847903.517,35.885840,139.829663,OK,22,0.6,2.6,10.11,0.30,STABLE,-2.4,-4.8,(2, 3, 1, 0),False,0.2,WARN(CAL),0.00,-0.37,True,5.3,
1769847904.542,35.885838,139.829662,OK,22,0.6,2.6,9.93,0.12,STABLE,-2.8,-4.2,(2, 3, 1, 0),False,0.2,WARN(CAL),0.00,-0.69,True,6.3,
1769847905.576,35.885835,139.829660,OK,22,0.6,2.6,10.13,0.32,STABLE,-2.8,-4.2,(2, 3, 1, 0),False,0.4,WARN(CAL),0.00,-0.61,True,7.3,
1769847906.666,35.885830,139.829658,OK,22,0.6,2.6,10.73,0.92,SHAKE,-3.0,-4.2,(3, 3, 1, 0),False,0.6,WARN(CAL),0.00,-0.65,True,8.4,
1769847907.751,35.885800,139.829657,OK,22,0.6,2.6,10.24,0.43,STABLE,-3.1,-5.2,(3, 3, 1, 0),False,3.3,WARN(CAL),0.00,-0.30,True,9.5,
1769847908.823,35.885762,139.829658,OK,22,0.6,2.6,10.16,0.35,STABLE,-3.5,-6.8,(2, 3, 1, 0),False,4.3,WARN(CAL),0.00,-1.52,True,10.6,
1769847909.911,35.885710,139.829665,OK,22,0.6,2.6,10.44,0.63,SHAKE,-3.4,-6.8,(2, 3, 1, 0),False,5.8,WARN(CAL),0.00,-0.33,True,11.7,
1769847910.945,35.885648,139.829675,OK,21,0.6,2.6,9.52,0.28,STABLE,-3.6,-6.4,(3, 3, 1, 0),False,6.9,WARN(CAL),0.00,-0.90,True,12.7,
1769847911.973,35.885582,139.829683,OK,21,0.6,2.5,9.80,0.01,STABLE,-3.6,-6.4,(3, 3, 1, 0),False,7.5,WARN(CAL),0.00,-0.23,True,13.7,
1769847913.005,35.885513,139.829692,OK,21,0.6,2.5,10.97,1.17,SHAKE,-2.9,-5.4,(3, 3, 1, 0),False,7.6,WARN(CAL),0.00,0.30,True,14.7,
1769847914.040,35.885447,139.829700,OK,21,0.6,2.4,9.97,0.16,STABLE,-2.9,-4.9,(3, 3, 1, 0),False,7.5,WARN(CAL),0.00,-0.34,True,15.8,
1769847915.118,35.885373,139.829708,OK,21,0.6,2.6,9.59,0.22,STABLE,-2.8,-4.7,(3, 3, 1, 0),False,8.2,WARN(CAL),0.00,-0.46,True,16.9,
1769847916.198,35.885297,139.829718,OK,21,0.6,2.3,9.51,0.30,STABLE,-3.1,-4.8,(3, 3, 1, 0),False,8.6,WARN(CAL),0.00,-0.86,True,17.9,
1769847917.273,35.885218,139.829725,OK,22,0.6,2.0,9.55,0.25,STABLE,-3.0,-4.6,(0, 3, 1, 0),False,8.7,WARN(CAL),0.00,-0.61,True,19.0,
1769847918.352,35.885137,139.829735,OK,21,0.6,1.8,9.70,0.11,STABLE,-2.9,-4.5,(3, 3, 1, 0),False,9.1,WARN(CAL),0.00,-0.49,True,20.1,
1769847919.446,35.885053,139.829747,OK,22,0.6,1.9,9.52,0.28,STABLE,-2.7,-4.4,(3, 3, 1, 0),False,9.3,WARN(CAL),0.00,-0.28,True,21.2,
1769847920.520,35.884965,139.829758,OK,22,0.6,1.7,9.50,0.30,STABLE,-2.5,-4.2,(3, 3, 1, 0),False,9.9,WARN(CAL),0.00,-0.22,True,22.3,
1769847921.580,35.884877,139.829772,OK,22,0.6,1.6,9.79,0.02,STABLE,-2.6,-4.2,(3, 3, 1, 0),False,9.9,WARN(CAL),0.00,-0.35,True,23.3,
1769847922.652,35.884780,139.829785,OK,21,0.6,1.8,9.90,0.10,STABLE,-2.4,-4.1,(3, 3, 1, 0),False,10.8,WARN(CAL),0.00,-0.37,True,24.4,
1769847923.733,35.884682,139.829800,OK,21,0.6,3.3,9.80,0.01,STABLE,-2.3,-4.0,(3, 3, 1, 0),False,11.0,WARN(CAL),0.00,-0.50,True,25.5,
1769847924.813,35.884582,139.829805,OK,20,0.6,3.7,9.59,0.22,STABLE,-2.3,-3.8,(3, 3, 1, 0),False,11.1,WARN(CAL),0.00,-0.36,True,26.6,
1769847925.890,35.884482,139.829815,OK,21,0.6,3.6,9.84,0.03,STABLE,-2.1,-3.4,(3, 3, 1, 0),False,11.2,WARN(CAL),0.00,-0.25,True,27.6,
1769847926.971,35.884380,139.829827,OK,21,0.6,3.8,9.86,0.05,STABLE,-2.1,-3.3,(3, 3, 1, 0),False,11.4,WARN(CAL),0.00,-0.36,True,28.7,
1769847928.054,35.884275,139.829840,OK,19,0.7,3.4,9.72,0.08,STABLE,-2.1,-3.9,(3, 3, 1, 0),False,11.7,WARN(CAL),0.00,-0.36,True,29.8,
1769847929.085,35.884168,139.829845,OK,19,0.7,3.6,9.77,0.04,STABLE,-2.2,-5.1,(2, 3, 1, 0),False,11.9,WARN(CAL),0.00,-0.40,True,30.8,
1769847930.113,35.884063,139.829850,OK,18,0.7,3.5,9.81,0.00,STABLE,-2.2,-5.3,(2, 3, 1, 0),False,11.7,WARN(CAL),0.00,-0.43,True,31.9,
1769847931.147,35.883970,139.829853,OK,20,0.7,3.0,9.78,0.03,STABLE,-2.2,-5.3,(3, 3, 1, 0),False,10.4,WARN(CAL),0.00,-0.41,True,32.9,
1769847932.180,35.883878,139.829877,OK,20,0.7,2.7,9.73,0.07,STABLE,-2.2,-5.3,(3, 3, 1, 0),False,10.4,WARN(CAL),0.00,-0.40,True,33.9,
1769847933.253,35.883788,139.829897,OK,19,0.8,4.1,9.76,0.04,STABLE,-2.2,-5.3,(3, 3, 1, 0),False,10.2,WARN(CAL),0.00,-0.40,True,35.0,
1769847934.330,35.883703,139.829898,OK,19,0.8,5.1,9.74,0.06,STABLE,-2.2,-5.3,(3, 3, 1, 0),False,9.5,WARN(CAL),0.00,-0.42,True,36.1,
1769847935.415,35.883607,139.829915,OK,19,0.7,5.7,9.80,0.00,STABLE,-2.2,-5.3,(3, 3, 1, 0),False,10.9,WARN(CAL),0.00,-0.43,True,37.2,
1769847936.496,35.883508,139.829932,OK,19,0.7,3.3,9.80,0.01,STABLE,-2.2,-5.3,(3, 3, 1, 0),False,11.0,WARN(CAL),0.00,-0.39,True,38.2,
1769847937.572,35.883423,139.829937,OK,20,0.7,2.5,9.66,0.15,STABLE,,,(3, 3, 1, 0),False,9.5,WARN(CAL),0.00,-0.72,True,39.3,
1769847938.650,35.883348,139.829953,OK,19,0.7,2.1,10.22,0.41,STABLE,-3.8,-12.6,(3, 3, 1, 0),False,8.5,WARN(CAL),0.00,-0.76,True,40.4,
1769847939.737,35.883243,139.829982,OK,19,0.7,2.7,9.45,0.36,STABLE,-3.7,-12.4,(2, 3, 1, 0),False,12.0,WARN(CAL),0.00,-0.67,True,41.5,
1769847940.831,35.883135,139.830008,OK,19,0.7,2.1,9.87,0.07,STABLE,-3.4,-10.7,(2, 3, 1, 0),False,12.3,WARN(CAL),0.00,-0.72,True,42.6,
1769847941.859,35.883043,139.830035,OK,19,0.7,2.0,9.61,0.19,STABLE,,,(3, 3, 1, 0),False,10.5,WARN(CAL),0.00,-0.45,True,43.6,
1769847942.888,35.882942,139.830055,OK,19,0.7,2.7,9.54,0.26,STABLE,-3.1,-9.8,(3, 3, 1, 0),False,11.4,WARN(CAL),0.00,-0.30,True,44.6,
1769847943.922,35.882855,139.830063,OK,19,0.7,2.9,9.44,0.36,STABLE,-3.2,-9.6,(3, 3, 1, 0),False,9.7,WARN(CAL),0.00,-0.48,True,45.7,
1769847944.951,35.882755,139.830073,OK,19,0.7,2.8,9.84,0.03,STABLE,-2.4,-8.5,(3, 3, 1, 0),False,11.2,WARN(CAL),0.00,-0.39,True,46.7,
1769847946.044,35.882660,139.830073,OK,20,0.7,2.8,9.95,0.14,STABLE,-2.3,-7.2,(3, 3, 1, 0),False,10.6,WARN(CAL),0.00,-0.49,True,47.8,
1769847947.128,35.882552,139.830075,OK,20,0.7,2.6,9.50,0.30,STABLE,-1.6,-6.4,(3, 3, 1, 0),False,12.0,WARN(CAL),0.00,-0.41,True,48.9,
1769847948.158,35.882442,139.830087,OK,19,0.7,2.1,9.69,0.12,STABLE,-1.8,-7.1,(3, 3, 1, 0),False,12.3,WARN(CAL),0.00,-0.04,True,49.9,
1769847949.195,35.882323,139.830095,OK,20,0.7,1.3,9.97,0.17,STABLE,-2.2,-7.6,(2, 3, 1, 0),False,13.2,WARN(CAL),0.00,-0.53,True,50.9,
1769847950.222,35.882217,139.830108,OK,20,0.6,1.3,9.54,0.27,STABLE,-2.1,-8.0,(3, 3, 1, 0),False,11.9,WARN(CAL),0.00,-0.48,True,52.0,
1769847951.248,35.882103,139.830122,OK,20,0.7,0.5,10.45,0.65,SHAKE,-2.1,-8.0,(2, 3, 1, 0),False,12.7,WARN(CAL),0.00,-0.38,True,53.0,
1769847952.329,35.882007,139.830137,OK,20,0.7,0.0,9.26,0.55,SHAKE,-2.2,-8.7,(2, 3, 1, 0),False,10.8,WARN(CAL),0.00,-1.07,True,54.1,
1769847953.395,35.881917,139.830148,OK,21,0.6,0.1,9.72,0.08,STABLE,-2.9,-8.3,(3, 3, 2, 2),True,10.1,OK,0.00,-0.80,True,55.1,
1769847954.482,35.881828,139.830157,OK,21,0.6,-0.1,10.04,0.24,STABLE,-2.8,-7.5,(3, 3, 1, 0),False,9.9,WARN(CAL),0.00,-0.13,True,56.2,
1769847955.517,35.881742,139.830168,OK,20,0.7,-0.4,9.06,0.75,SHAKE,-2.8,-7.3,(3, 3, 1, 0),False,9.7,WARN(CAL),0.00,-0.51,True,57.3,
1769847956.545,35.881657,139.830182,OK,19,0.7,-0.9,9.81,0.00,STABLE,-3.0,-6.1,(3, 3, 1, 0),False,9.5,WARN(CAL),0.00,-0.52,True,58.3,
1769847957.570,35.881572,139.830193,OK,20,0.7,-1.1,10.00,0.20,STABLE,-3.0,-5.8,(3, 3, 1, 0),False,9.5,WARN(CAL),0.00,-0.33,True,59.3,
1769847958.601,35.881487,139.830207,OK,20,0.7,-1.4,9.59,0.21,STABLE,-2.7,-5.1,(3, 3, 1, 0),False,9.5,WARN(CAL),0.00,-0.32,True,60.3,
1769847959.686,35.881403,139.830218,OK,20,0.7,-1.6,9.33,0.47,STABLE,-2.6,-4.6,(3, 3, 1, 0),False,9.3,WARN(CAL),0.00,-0.21,True,61.4,
1769847960.776,35.881318,139.830228,OK,20,0.7,-1.9,9.93,0.13,STABLE,-2.7,-4.2,(2, 3, 1, 0),False,9.5,WARN(CAL),0.00,-0.36,True,62.5,
1769847961.806,35.881230,139.830235,OK,20,0.7,-2.4,9.61,0.20,STABLE,-2.2,-4.3,(3, 3, 1, 0),False,9.8,WARN(CAL),0.00,-0.26,True,63.5,
1769847962.838,35.881143,139.830245,OK,19,0.7,-2.6,9.95,0.15,STABLE,-2.6,-4.5,(3, 3, 1, 0),False,9.7,WARN(CAL),0.00,-0.66,True,64.6,
1769847963.863,35.881058,139.830253,OK,20,0.7,-2.9,8.93,0.88,SHAKE,-2.6,-4.6,(3, 3, 1, 0),False,9.5,WARN(CAL),0.00,-0.74,True,65.6,
1769847964.889,35.880975,139.830263,OK,20,0.7,-2.9,10.15,0.34,STABLE,-2.8,-5.6,(3, 3, 1, 0),False,9.3,WARN(CAL),0.00,-0.56,True,66.6,
1769847965.992,35.880895,139.830273,OK,20,0.7,-3.0,10.23,0.43,STABLE,-3.2,-5.9,(3, 3, 1, 0),False,8.9,WARN(CAL),0.00,-0.67,True,67.7,
1769847967.024,35.880820,139.830283,OK,20,0.7,-2.8,9.90,0.09,STABLE,-2.9,-5.6,(3, 3, 1, 0),False,8.4,WARN(CAL),0.00,-0.14,True,68.8,
1769847968.054,35.880748,139.830290,OK,20,0.7,-2.8,9.51,0.30,STABLE,-2.9,-5.6,(2, 3, 1, 0),False,8.0,WARN(CAL),0.00,-0.74,True,69.8,
1769847969.089,35.880682,139.830298,OK,21,0.6,-2.8,8.86,0.95,SHAKE,-2.7,-5.1,(3, 3, 1, 0),False,7.5,WARN(CAL),0.00,-0.47,True,70.8,
1769847970.117,35.880618,139.830307,OK,20,0.6,-2.7,10.15,0.35,STABLE,-2.1,-5.4,(2, 3, 1, 0),False,7.1,WARN(CAL),0.00,-0.37,True,71.9,
1769847971.205,35.880560,139.830315,OK,22,0.6,-2.8,9.10,0.71,SHAKE,-2.2,-5.7,(3, 3, 1, 0),False,6.5,WARN(CAL),0.00,0.32,False,0.0,STOP_END
1769847972.240,35.880505,139.830323,OK,22,0.6,-3.2,9.67,0.14,STABLE,-2.2,-5.0,(2, 3, 1, 0),False,6.2,WARN(CAL),0.00,-0.42,True,0.0,STOP_START
1769847973.268,35.880453,139.830328,OK,22,0.6,-3.3,9.18,0.63,SHAKE,-1.4,-4.8,(2, 3, 1, 0),False,5.8,WARN(CAL),0.00,-0.94,True,1.0,
1769847974.294,35.880408,139.830335,OK,22,0.6,-3.2,10.24,0.43,STABLE,-1.4,-5.0,(3, 3, 1, 0),False,5.0,WARN(CAL),0.00,-0.63,True,2.1,
1769847975.327,35.880370,139.830338,OK,21,0.6,-2.9,9.87,0.06,STABLE,-2.4,-4.8,(2, 3, 1, 0),False,4.3,WARN(CAL),0.00,-0.40,True,3.1,
1769847976.413,35.880332,139.830345,OK,20,0.6,-2.6,10.06,0.25,STABLE,-2.5,-4.8,(2, 3, 1, 0),False,4.3,WARN(CAL),0.00,-0.19,True,4.2,
1769847977.442,35.880297,139.830347,OK,20,0.6,-2.4,9.99,0.18,STABLE,-2.6,-4.8,(1, 3, 1, 0),False,3.9,WARN(CAL),0.00,-0.56,True,5.2,
1769847978.462,35.880268,139.830347,OK,21,0.6,-2.4,10.55,0.74,SHAKE,-2.7,-4.8,(2, 3, 1, 0),False,3.2,WARN(CAL),0.00,-0.48,True,6.2,
1769847979.498,35.880245,139.830348,OK,20,0.6,-2.3,9.94,0.13,STABLE,-2.7,-4.8,(3, 3, 1, 0),False,2.6,WARN(CAL),0.00,-0.68,True,7.3,
1769847980.535,35.880228,139.830353,OK,20,0.6,-1.8,10.01,0.20,STABLE,-2.4,-4.2,(3, 3, 1, 0),False,1.9,WARN(CAL),0.00,-0.26,True,8.3,
1769847981.622,35.880217,139.830355,OK,20,0.6,-1.6,9.42,0.39,STABLE,-2.4,-3.9,(3, 3, 1, 0),False,1.3,WARN(CAL),0.00,-0.36,True,9.4,
1769847982.655,35.880210,139.830353,OK,20,0.6,-1.4,10.50,0.70,SHAKE,-1.8,-3.9,(3, 3, 1, 0),False,0.8,WARN(CAL),0.00,-0.16,True,10.4,
1769847983.688,35.880203,139.830353,OK,19,0.6,-1.3,9.94,0.13,STABLE,-1.4,-3.8,(3, 3, 1, 0),False,0.7,WARN(CAL),0.00,-0.38,True,11.4,
1769847984.712,35.880202,139.830353,OK,19,0.6,-1.2,9.53,0.27,STABLE,-1.4,-3.7,(3, 3, 1, 0),False,0.2,WARN(CAL),0.00,0.02,True,12.5,
1769847985.746,35.880200,139.830352,OK,19,0.6,-1.1,9.44,0.36,STABLE,-1.1,-3.7,(3, 3, 1, 0),False,0.2,WARN(CAL),0.00,-0.35,True,13.5,
1769847986.833,35.880202,139.830350,OK,19,0.6,-1.0,9.90,0.10,STABLE,-1.1,-3.4,(3, 3, 1, 0),False,0.2,WARN(CAL),0.00,-0.16,True,14.6,
1769847987.916,35.880198,139.830352,OK,18,0.7,-1.0,10.08,0.27,STABLE,-1.4,-3.1,(3, 3, 1, 0),False,0.4,WARN(CAL),0.00,-0.44,True,15.7,
1769847988.944,35.880197,139.830353,OK,18,0.7,-1.0,9.55,0.25,STABLE,-1.8,-2.9,(2, 3, 1, 0),False,0.2,WARN(CAL),0.00,-0.67,True,16.7,
1769847989.973,35.880197,139.830355,OK,18,0.7,-1.0,10.91,1.10,SHAKE,-1.5,-2.5,(3, 3, 1, 0),False,0.2,WARN(CAL),0.00,0.16,True,17.7,
1769847990.999,35.880200,139.830355,OK,18,0.7,-1.0,10.19,0.38,STABLE,-1.6,-2.4,(3, 3, 1, 0),False,0.4,WARN(CAL),0.00,-0.31,True,18.8,
1769847992.026,35.880200,139.830357,OK,18,0.7,-1.1,10.64,0.84,SHAKE,-1.9,-2.2,(3, 3, 1, 0),False,0.2,WARN(CAL),0.00,-0.85,True,19.8,
1769847993.106,35.880200,139.830357,OK,19,0.6,-1.0,8.83,0.98,SHAKE,-1.6,-1.8,(3, 3, 1, 0),False,0.0,WARN(CAL),0.00,0.08,True,20.9,
1769847994.179,35.880200,139.830358,OK,19,0.6,-1.1,10.63,0.82,SHAKE,-1.5,-1.4,(3, 3, 1, 0),False,0.2,WARN(CAL),0.00,-0.63,True,21.9,
1769847995.258,35.880200,139.830358,OK,18,0.7,-1.1,9.20,0.60,SHAKE,-1.1,-1.1,(2, 3, 1, 0),False,0.0,WARN(CAL),0.00,-0.77,True,23.0,
1769847996.340,35.880202,139.830358,OK,17,0.7,-1.1,10.84,1.03,SHAKE,-0.1,-0.3,(2, 3, 1, 0),False,0.2,WARN(CAL),0.00,0.35,False,0.0,STOP_END
1769847997.370,35.880202,139.830358,OK,18,0.7,-1.1,9.90,0.09,STABLE,0.8,-0.8,(2, 3, 1, 0),False,0.0,WARN(CAL),0.00,-0.49,True,0.0,STOP_START
1769847998.408,35.880200,139.830358,OK,18,0.7,-1.1,10.58,0.77,SHAKE,1.4,-1.8,(2, 3, 1, 0),False,0.2,WARN(CAL),0.00,0.56,False,0.0,STOP_END
1769847999.440,35.880202,139.830357,OK,17,0.7,-1.1,7.08,2.73,IMPACT,1.9,-2.1,(2, 3, 1, 0),False,0.2,WARN(CAL),0.00,-0.22,True,0.0,STOP_START
1769848000.465,35.880205,139.830355,OK,18,0.6,-1.0,10.31,0.50,SHAKE,2.1,-2.5,(3, 3, 1, 0),False,0.4,WARN(CAL),0.00,0.96,False,0.0,STOP_END
1769848001.549,35.880207,139.830353,OK,18,0.6,-0.9,9.76,0.05,STABLE,0.6,-2.3,(3, 3, 1, 0),False,0.2,WARN(CAL),0.00,0.18,True,0.0,STOP_START
1769848002.622,35.880207,139.830353,OK,17,0.7,-0.9,11.51,1.71,SHAKE,-0.6,-2.6,(3, 3, 1, 0),False,0.0,WARN(CAL),0.00,0.51,False,0.0,STOP_END
1769848003.701,35.880207,139.830353,OK,17,0.7,-0.9,9.56,0.25,STABLE,-1.3,-2.4,(2, 3, 1, 0),False,0.0,WARN(CAL),0.00,0.31,True,0.0,STOP_START
1769848004.791,35.880207,139.830352,OK,18,0.6,-0.9,9.54,0.27,STABLE,-1.8,-1.4,(3, 3, 1, 0),False,0.2,WARN(CAL),0.00,-0.41,True,1.1,
1769848005.825,35.880208,139.830350,OK,18,0.6,-1.0,9.77,0.03,STABLE,-2.4,-2.3,(3, 3, 1, 0),False,0.2,WARN(CAL),0.00,-0.49,True,2.1,
1769848006.858,35.880210,139.830350,OK,18,0.6,-0.9,9.92,0.11,STABLE,-2.5,-2.3,(3, 3, 1, 0),False,0.2,WARN(CAL),0.00,-0.61,True,3.2,
1769848007.882,35.880210,139.830350,OK,18,0.6,-0.9,10.39,0.59,SHAKE,-2.4,-2.1,(3, 3, 1, 0),False,0.0,WARN(CAL),0.00,-0.07,True,4.2,
1769848008.916,35.880212,139.830348,OK,18,0.6,-1.0,10.19,0.39,STABLE,-2.4,-1.7,(3, 3, 1, 0),False,0.2,WARN(CAL),0.00,-0.08,True,5.2,
1769848010.002,35.880212,139.830348,OK,18,0.6,-0.9,10.28,0.48,STABLE,-2.6,-1.8,(3, 3, 1, 0),False,0.0,WARN(CAL),0.00,-0.40,True,6.3,
1769848011.095,35.880212,139.830350,OK,17,0.7,-1.0,9.96,0.15,STABLE,-1.6,-1.1,(3, 3, 1, 0),False,0.2,WARN(CAL),0.00,-0.59,True,7.4,
1769848012.128,35.880210,139.830350,OK,17,0.7,-1.0,10.20,0.39,STABLE,-0.8,-1.7,(3, 3, 1, 0),False,0.2,WARN(CAL),0.00,0.15,True,8.4,
1769848013.154,35.880212,139.830348,OK,17,0.7,-1.0,10.10,0.30,STABLE,-1.0,-1.4,(2, 3, 1, 0),False,0.2,WARN(CAL),0.00,-0.27,True,9.5,
1769848014.182,35.880212,139.830350,OK,18,0.7,-1.0,9.69,0.12,STABLE,-1.2,-1.2,(2, 3, 1, 0),False,0.2,WARN(CAL),0.00,-0.16,True,10.5,
1769848015.216,35.880213,139.830350,OK,17,0.7,-1.0,9.90,0.09,STABLE,-1.4,-0.9,(3, 3, 1, 0),False,0.2,WARN(CAL),0.00,-0.03,True,11.5,
1769848016.305,35.880212,139.830350,OK,17,0.7,-1.0,8.72,1.09,SHAKE,-1.3,-1.7,(3, 3, 1, 0),False,0.2,WARN(CAL),0.00,-0.41,True,12.6,
1769848017.339,35.880213,139.830350,OK,17,0.7,-0.9,9.70,0.11,STABLE,-1.6,-3.8,(3, 3, 1, 0),False,0.2,WARN(CAL),0.00,-0.20,True,13.6,
1769848018.370,35.880212,139.830352,OK,18,0.7,-0.9,9.79,0.02,STABLE,-1.9,-5.3,(3, 3, 1, 0),False,0.2,WARN(CAL),0.00,-0.37,True,14.7,
1769848019.405,35.880213,139.830352,OK,19,0.7,-0.9,9.82,0.02,STABLE,-1.9,-5.7,(3, 3, 2, 2),True,0.2,OK,0.00,-0.36,True,15.7,
1769848020.437,35.880212,139.830352,OK,18,0.7,-0.9,9.83,0.03,STABLE,-1.9,-5.6,(3, 3, 1, 0),False,0.2,WARN(CAL),0.00,-0.45,True,16.7,
1769848021.526,35.880213,139.830352,OK,18,0.7,-0.9,9.83,0.02,STABLE,-2.2,-6.6,(3, 3, 1, 0),False,0.2,WARN(CAL),0.00,-0.51,True,17.8,
1769848022.587,35.880213,139.830353,OK,17,0.7,-0.9,9.93,0.13,STABLE,-3.2,-11.6,(3, 3, 1, 0),False,0.2,WARN(CAL),0.00,-0.71,True,18.9,
1769848023.622,35.880212,139.830355,OK,17,0.7,-0.9,10.36,0.55,SHAKE,-3.4,-12.9,(3, 3, 1, 0),False,0.2,WARN(CAL),0.00,-0.74,True,19.9,
1769848024.656,35.880212,139.830355,OK,17,0.7,-0.9,9.62,0.18,STABLE,-3.4,-13.1,(3, 3, 1, 0),False,0.0,WARN(CAL),0.00,-0.32,True,21.0,
1769848025.690,35.880210,139.830355,OK,17,0.7,-0.9,10.04,0.23,STABLE,-3.4,-13.1,(3, 3, 1, 0),False,0.2,WARN(CAL),0.00,-0.41,True,22.0,
1769848026.719,35.880210,139.830355,OK,17,0.7,-0.9,10.49,0.68,SHAKE,-3.7,-12.6,(2, 3, 1, 0),False,0.0,WARN(CAL),0.00,-0.84,True,23.0,
1769848027.808,35.880210,139.830355,OK,17,0.7,-0.8,9.42,0.39,STABLE,-3.6,-12.1,(2, 3, 1, 0),False,0.0,WARN(CAL),0.00,-0.86,True,24.1,
1769848028.883,35.880208,139.830357,OK,18,0.7,-0.8,9.94,0.14,STABLE,-3.3,-11.9,(2, 3, 1, 0),False,0.2,WARN(CAL),0.00,-0.31,True,25.2,
1769848029.969,35.880207,139.830358,OK,18,0.7,-0.7,10.53,0.73,SHAKE,-3.7,-11.9,(2, 3, 1, 0),False,0.2,WARN(CAL),0.00,-1.24,True,26.3,
1769848031.055,35.880205,139.830360,OK,18,0.7,-0.7,6.64,3.16,IMPACT,-2.7,-10.6,(2, 3, 1, 0),False,0.2,WARN(CAL),0.00,-0.89,True,27.4,
1769848032.086,35.880205,139.830358,OK,18,0.7,-0.7,10.57,0.77,SHAKE,-3.6,-10.8,(2, 3, 1, 0),False,0.2,WARN(CAL),0.00,-0.04,True,28.4,
1769848033.120,35.880205,139.830360,OK,18,0.7,-0.7,9.86,0.05,STABLE,-3.2,-10.2,(2, 3, 1, 0),False,0.2,WARN(CAL),0.00,-0.43,True,29.4,
1769848034.154,35.880205,139.830360,OK,18,0.7,-0.7,9.70,0.11,STABLE,-3.2,-10.1,(3, 3, 1, 0),False,0.0,WARN(CAL),0.00,-0.24,True,30.5,
1769848035.187,35.880205,139.830360,OK,18,0.7,-0.7,9.29,0.51,SHAKE,-2.9,-9.6,(3, 3, 1, 0),False,0.0,WARN(CAL),0.00,0.12,True,31.5,
1769848036.276,35.880205,139.830362,OK,18,0.7,-0.7,8.78,1.03,SHAKE,-3.1,-9.1,(3, 3, 1, 0),False,0.2,WARN(CAL),0.00,-0.38,True,32.6,
1769848037.366,35.880205,139.830362,OK,18,0.7,-0.6,9.43,0.37,STABLE,-3.8,-8.9,(3, 3, 1, 0),False,0.0,WARN(CAL),0.00,-0.73,True,33.7,
1769848038.448,35.880205,139.830360,OK,18,0.7,-0.6,9.90,0.09,STABLE,-3.7,-8.3,(3, 3, 1, 0),False,0.2,WARN(CAL),0.00,-0.68,True,34.7,
1769848039.474,35.880202,139.830358,OK,18,0.7,-0.6,9.72,0.09,STABLE,-4.8,-8.0,(3, 3, 1, 0),False,0.4,WARN(CAL),0.00,-0.68,True,35.8,
1769848040.493,35.880192,139.830357,OK,18,0.7,-0.6,10.32,0.51,SHAKE,-4.8,-7.6,(2, 3, 1, 0),False,1.1,WARN(CAL),0.00,0.20,True,36.8,
1769848041.523,35.880175,139.830355,OK,18,0.7,-0.5,8.77,1.04,SHAKE,-5.1,-7.0,(2, 3, 1, 0),False,1.9,WARN(CAL),0.00,-1.06,True,37.8,
1769848042.549,35.880143,139.830360,OK,18,0.7,-0.5,10.13,0.33,STABLE,-4.8,-6.8,(3, 3, 1, 0),False,3.5,WARN(CAL),0.00,0.33,False,0.0,STOP_END
1769848043.618,35.880097,139.830365,OK,18,0.7,-0.4,9.44,0.37,STABLE,-4.2,-6.6,(2, 3, 1, 0),False,5.2,WARN(CAL),0.00,-0.24,True,0.0,STOP_START
1769848044.702,35.880037,139.830372,OK,19,0.6,-0.2,9.84,0.03,STABLE,-3.9,-6.4,(2, 3, 1, 0),False,6.7,WARN(CAL),0.00,-0.62,True,1.1,
1769848045.789,35.879972,139.830383,OK,19,0.6,-0.1,10.64,0.84,SHAKE,-3.2,-6.6,(2, 3, 1, 0),False,7.3,WARN(CAL),0.00,0.10,True,2.2,
1769848046.819,35.879903,139.830392,OK,19,0.6,0.1,10.06,0.26,STABLE,-3.8,-6.2,(2, 3, 1, 0),False,7.6,WARN(CAL),0.00,-1.06,True,3.2,
1769848047.848,35.879840,139.830395,OK,19,0.6,0.3,10.02,0.21,STABLE,-3.4,-5.7,(3, 3, 1, 0),False,7.0,WARN(CAL),0.00,0.48,False,0.0,STOP_END
1769848048.874,35.879782,139.830400,OK,19,0.6,0.4,11.05,1.24,SHAKE,-2.9,-6.5,(3, 3, 1, 0),False,6.5,WARN(CAL),0.00,-1.12,True,0.0,STOP_START
1769848049.904,35.879725,139.830403,OK,19,0.6,0.5,9.03,0.77,SHAKE,-1.6,-5.5,(2, 3, 1, 0),False,6.3,WARN(CAL),0.00,-0.24,True,1.0,
1769848050.985,35.879668,139.830408,OK,20,0.6,0.8,8.83,0.98,SHAKE,-1.5,-5.0,(2, 3, 1, 0),False,6.3,WARN(CAL),0.00,-0.28,True,2.1,
1769848052.019,35.879613,139.830413,OK,21,0.6,1.1,9.62,0.18,STABLE,-1.8,-5.2,(2, 3, 1, 0),False,6.1,WARN(CAL),0.00,-0.75,True,3.1,
1769848053.054,35.879562,139.830420,OK,20,0.6,1.0,10.39,0.58,SHAKE,-1.3,-5.1,(2, 3, 1, 0),False,5.8,WARN(CAL),0.00,-1.94,True,4.2,
1769848054.083,35.879515,139.830423,OK,20,0.6,1.1,9.29,0.52,SHAKE,-0.4,-5.2,(1, 3, 1, 0),False,5.2,WARN(CAL),0.00,-0.43,True,5.2,
1769848055.119,35.879472,139.830430,OK,19,0.7,1.2,10.02,0.22,STABLE,-1.2,-5.0,(1, 3, 1, 0),False,4.9,WARN(CAL),0.00,-0.14,True,6.2,
1769848056.208,35.879433,139.830433,OK,19,0.7,1.3,10.49,0.69,SHAKE,-1.6,-5.2,(2, 3, 1, 0),False,4.3,WARN(CAL),0.00,-0.87,True,7.3,
1769848057.242,35.879397,139.830440,OK,19,0.7,1.6,11.85,2.04,IMPACT,-1.6,-5.1,(2, 3, 1, 0),False,4.1,WARN(CAL),0.00,-0.41,True,8.4,
1769848058.274,35.879360,139.830447,OK,19,0.7,1.6,9.74,0.06,STABLE,-1.2,-4.9,(2, 3, 1, 0),False,4.1,WARN(CAL),0.00,-0.08,True,9.4,
1769848059.303,35.879320,139.830450,OK,21,0.6,1.3,10.77,0.96,SHAKE,-1.2,-4.8,(0, 3, 1, 0),False,4.5,WARN(CAL),0.00,-0.16,True,10.4,
1769848060.339,35.879272,139.830455,OK,21,0.6,1.4,11.32,1.51,SHAKE,-1.8,-4.5,(2, 3, 1, 0),False,5.4,WARN(CAL),0.00,-0.10,True,11.5,
1769848061.435,35.879222,139.830458,OK,21,0.6,1.3,9.89,0.08,STABLE,-2.9,-4.0,(2, 3, 1, 0),False,5.6,WARN(CAL),0.00,-0.10,True,12.6,
1769848062.516,35.879168,139.830465,OK,21,0.6,0.9,10.29,0.49,STABLE,-2.9,-4.0,(1, 3, 1, 0),False,6.0,WARN(CAL),0.00,-0.05,True,13.6,
1769848063.592,35.879113,139.830473,OK,21,0.6,0.7,11.24,1.44,SHAKE,-3.0,-4.2,(3, 3, 1, 0),False,6.2,WARN(CAL),0.00,-0.46,True,14.7,
1769848064.671,35.879065,139.830482,OK,21,0.6,0.3,10.10,0.29,STABLE,-3.1,-4.0,(3, 3, 1, 0),False,5.4,WARN(CAL),0.00,-0.64,True,15.8,
1769848065.744,35.879020,139.830485,OK,21,0.6,0.5,9.31,0.50,STABLE,-2.8,-4.6,(2, 3, 1, 0),False,5.0,WARN(CAL),0.00,0.02,True,16.9,
1769848066.828,35.878980,139.830485,OK,21,0.6,0.3,9.68,0.12,STABLE,-2.9,-3.9,(3, 3, 1, 0),False,4.4,WARN(CAL),0.00,-0.13,True,18.0,
1769848067.919,35.878947,139.830485,OK,21,0.6,0.0,9.67,0.14,STABLE,-2.2,-2.5,(2, 3, 2, 2),True,3.7,OK,0.00,-0.06,True,19.0,
1769848069.012,35.878913,139.830487,OK,21,0.6,0.2,9.38,0.43,STABLE,-1.9,-0.9,(2, 3, 1, 0),False,3.7,WARN(CAL),0.00,0.16,True,20.1,
1769848070.096,35.878882,139.830488,OK,21,0.6,-0.1,10.12,0.31,STABLE,-1.4,0.0,(2, 3, 1, 0),False,3.5,WARN(CAL),0.00,-0.43,True,21.2,
1769848071.161,35.878853,139.830492,OK,21,0.6,-0.2,9.31,0.50,STABLE,-1.2,0.9,(2, 3, 1, 0),False,3.2,WARN(CAL),0.00,-0.22,True,22.3,
1769848072.248,35.878825,139.830495,OK,20,0.7,-0.2,10.00,0.19,STABLE,-1.1,1.4,(2, 3, 1, 0),False,3.2,WARN(CAL),0.00,-0.09,True,23.4,
1769848073.340,35.878803,139.830495,OK,21,0.6,-0.6,9.73,0.08,STABLE,-0.9,1.4,(2, 3, 1, 0),False,2.4,WARN(CAL),0.00,-0.29,True,24.5,
1769848074.417,35.878780,139.830497,OK,19,0.7,-1.0,9.89,0.09,STABLE,-1.1,1.1,(2, 3, 1, 0),False,2.6,WARN(CAL),0.00,-0.08,True,25.5,
1769848075.490,35.878762,139.830500,OK,20,0.6,-1.3,9.88,0.08,STABLE,-1.0,1.3,(3, 3, 1, 0),False,2.1,WARN(CAL),0.00,-0.24,True,26.6,
1769848076.564,35.878750,139.830502,OK,20,0.6,-1.5,9.80,0.00,STABLE,-1.2,0.3,(2, 3, 1, 0),False,1.3,WARN(CAL),0.00,-0.21,True,27.7,
1769848077.595,35.878740,139.830503,OK,20,0.6,-1.9,9.76,0.04,STABLE,-2.1,-4.1,(2, 3, 1, 0),False,1.1,WARN(CAL),0.00,-0.39,True,28.7,
1769848078.621,35.878737,139.830505,OK,20,0.6,-1.9,9.78,0.03,STABLE,-2.3,-5.1,(2, 3, 1, 0),False,0.4,WARN(CAL),0.00,-0.44,True,29.7,
1769848079.652,35.878735,139.830505,OK,22,0.6,-2.0,9.82,0.02,STABLE,-2.3,-5.4,(2, 3, 1, 0),False,0.2,WARN(CAL),0.00,-0.40,True,30.8,
1769848080.687,35.878732,139.830503,OK,22,0.6,-2.2,9.75,0.05,STABLE,,,(2, 3, 1, 0),False,0.4,WARN(CAL),0.00,-0.45,True,31.8,
1769848081.770,35.878732,139.830503,OK,21,0.6,-2.0,9.79,0.01,STABLE,-2.3,-5.4,(2, 3, 1, 0),False,0.0,WARN(CAL),0.00,-0.43,True,32.9,
1769848082.806,35.878732,139.830502,OK,20,0.6,-1.8,9.75,0.05,STABLE,-2.3,-5.4,(2, 3, 1, 0),False,0.2,WARN(CAL),0.00,-0.41,True,33.9,
1769848083.841,35.878730,139.830500,OK,20,0.6,-1.9,9.77,0.03,STABLE,-2.3,-5.4,(2, 3, 1, 0),False,0.2,WARN(CAL),0.00,-0.42,True,35.0,
1769848084.875,35.878730,139.830503,OK,21,0.6,-1.9,9.81,0.00,STABLE,-2.3,-5.4,(3, 3, 1, 0),False,0.3,WARN(CAL),0.00,-0.45,True,36.0,
1769848085.903,35.878730,139.830503,OK,21,0.6,-1.9,9.75,0.06,STABLE,-2.3,-5.4,(2, 3, 1, 0),False,0.0,WARN(CAL),0.00,-0.44,True,37.0,
1769848086.993,35.878730,139.830505,OK,21,0.6,-1.9,9.77,0.04,STABLE,-2.3,-5.4,(2, 3, 1, 0),False,0.2,WARN(CAL),0.00,-0.43,True,38.1,
1769848088.027,35.878730,139.830505,OK,21,0.6,-1.9,9.76,0.04,STABLE,-2.3,-5.4,(1, 3, 1, 0),False,0.0,WARN(CAL),0.00,-0.41,True,39.2,
1769848089.058,35.878730,139.830505,OK,21,0.6,-2.0,9.79,0.02,STABLE,-2.3,-5.4,(2, 3, 1, 0),False,0.0,WARN(CAL),0.00,-0.45,True,40.2,
1769848090.093,35.878730,139.830507,OK,20,0.6,-2.0,9.73,0.07,STABLE,-2.3,-5.4,(3, 3, 1, 0),False,0.2,WARN(CAL),0.00,-0.41,True,41.2,
1769848091.122,35.878725,139.830507,OK,20,0.6,-2.0,9.97,0.17,STABLE,-3.6,-10.9,(2, 3, 1, 0),False,0.6,WARN(CAL),0.00,-0.70,True,42.2,
1769848092.204,35.878703,139.830512,OK,20,0.6,-2.1,9.52,0.29,STABLE,-3.5,-10.5,(3, 3, 1, 0),False,2.5,WARN(CAL),0.00,-0.52,True,43.3,
1769848093.232,35.878677,139.830517,OK,21,0.6,-2.1,9.97,0.17,STABLE,-3.3,-9.6,(2, 3, 1, 0),False,3.0,WARN(CAL),0.00,-0.59,True,44.4,
1769848094.270,35.878640,139.830523,OK,21,0.6,-2.1,9.48,0.33,STABLE,-3.3,-9.2,(3, 3, 1, 0),False,4.1,WARN(CAL),0.00,-0.58,True,45.4,
1769848095.300,35.878600,139.830532,OK,20,0.6,-2.1,9.81,0.00,STABLE,-3.8,-11.5,(3, 3, 1, 0),False,4.5,WARN(CAL),0.00,-0.65,True,46.4,
1769848096.329,35.878553,139.830540,OK,19,0.7,-2.3,9.62,0.19,STABLE,-4.1,-13.0,(3, 3, 1, 0),False,5.2,WARN(CAL),0.00,-0.55,True,47.5,
1769848097.412,35.878500,139.830552,OK,18,0.7,-2.6,9.83,0.02,STABLE,-4.2,-12.8,(3, 3, 1, 0),False,6.0,WARN(CAL),0.00,-0.79,True,48.5,
1769848098.438,35.878445,139.830558,OK,19,0.7,-3.1,9.29,0.52,SHAKE,-3.9,-10.5,(3, 3, 1, 0),False,6.1,WARN(CAL),0.00,-0.65,True,49.6,
1769848099.479,35.878388,139.830567,OK,20,0.7,-3.2,8.93,0.88,SHAKE,-3.1,-9.6,(3, 3, 1, 0),False,6.3,WARN(CAL),0.00,-0.68,True,50.6,
1769848100.504,35.878337,139.830577,OK,20,0.7,-3.4,9.68,0.13,STABLE,-3.5,-9.8,(3, 3, 1, 0),False,5.8,WARN(CAL),0.00,-0.35,True,51.6,
1769848101.537,35.878285,139.830582,OK,19,0.7,-3.4,11.02,1.22,SHAKE,-3.3,-9.7,(3, 3, 1, 0),False,5.8,WARN(CAL),0.00,-0.01,True,52.7,
1769848102.621,35.878230,139.830583,OK,19,0.7,-3.4,10.30,0.49,STABLE,-3.4,-9.4,(3, 3, 1, 0),False,6.1,WARN(CAL),0.00,-0.74,True,53.7,
1769848103.704,35.878167,139.830590,OK,18,0.7,-3.4,9.28,0.52,SHAKE,-3.2,-9.3,(3, 3, 1, 0),False,7.1,WARN(CAL),0.00,-0.95,True,54.8,
1769848104.777,35.878098,139.830602,OK,18,0.7,-3.5,10.15,0.35,STABLE,-3.3,-8.6,(2, 3, 1, 0),False,7.7,WARN(CAL),0.00,-0.46,True,55.9,
1769848105.863,35.878023,139.830613,OK,19,0.7,-3.5,9.76,0.05,STABLE,-3.0,-8.1,(3, 3, 1, 0),False,8.4,WARN(CAL),0.00,-0.83,True,57.0,
1769848106.890,35.877942,139.830625,OK,19,0.7,-3.7,10.37,0.57,SHAKE,-2.6,-8.1,(3, 3, 1, 0),False,9.1,WARN(CAL),0.00,-0.66,True,58.0,
1769848107.918,35.877858,139.830638,OK,19,0.7,-4.1,10.46,0.65,SHAKE,-2.8,-8.1,(3, 3, 1, 0),False,9.3,WARN(CAL),0.00,-0.35,True,59.0,
1769848108.950,35.877773,139.830653,OK,19,0.7,-4.5,9.37,0.43,STABLE,-2.8,-7.8,(3, 3, 1, 0),False,9.5,WARN(CAL),0.00,-0.45,True,60.1,
1769848109.981,35.877687,139.830665,OK,19,0.7,-4.5,9.62,0.19,STABLE,-2.7,-7.5,(3, 3, 1, 0),False,9.7,WARN(CAL),0.00,-0.66,True,61.1,
1769848111.065,35.877600,139.830677,OK,15,0.8,-4.4,9.97,0.16,STABLE,-2.8,-7.4,(3, 3, 1, 0),False,9.7,WARN(CAL),0.00,-0.18,True,62.2,
1769848112.147,35.877515,139.830685,OK,13,1.1,-4.4,9.96,0.15,STABLE,-2.8,-7.1,(3, 3, 1, 0),False,9.5,WARN(CAL),0.00,-0.94,True,63.3,
1769848113.221,35.877433,139.830693,OK,13,1.5,-4.6,10.06,0.26,STABLE,-2.7,-6.9,(3, 3, 1, 0),False,9.1,WARN(CAL),0.00,-0.17,True,64.3,
1769848114.295,35.877352,139.830707,OK,14,1.4,-4.8,10.91,1.11,SHAKE,-2.8,-6.6,(2, 3, 1, 0),False,9.2,WARN(CAL),0.00,-0.41,True,65.4,
1769848115.328,35.877273,139.830710,OK,15,1.2,-4.7,9.84,0.04,STABLE,-2.7,-6.4,(2, 3, 1, 0),False,8.7,WARN(CAL),0.00,-0.28,True,66.5,
1769848116.360,35.877197,139.830720,OK,15,0.9,-4.7,10.09,0.29,STABLE,-2.9,-6.1,(3, 3, 1, 0),False,8.6,WARN(CAL),0.00,-0.41,True,67.5,
1769848117.396,35.877122,139.830730,OK,15,1.2,-4.5,10.56,0.75,SHAKE,-2.8,-5.7,(3, 3, 1, 0),False,8.4,WARN(CAL),0.00,0.06,True,68.5,
1769848118.431,35.877043,139.830742,OK,15,1.2,-4.2,9.57,0.23,STABLE,-2.8,-4.9,(3, 3, 1, 0),False,8.8,WARN(CAL),0.00,-0.55,True,69.6,
1769848119.504,35.876963,139.830745,OK,14,1.3,-3.8,9.69,0.11,STABLE,-2.6,-4.6,(3, 3, 1, 0),False,8.9,WARN(CAL),0.00,-0.47,True,70.6,
1769848120.533,35.876882,139.830748,OK,14,1.0,-3.5,10.34,0.54,SHAKE,-2.2,-2.8,(3, 3, 1, 0),False,9.1,WARN(CAL),0.00,-0.12,True,71.7,
1769848121.564,35.876798,139.830755,OK,15,1.1,-3.5,9.40,0.41,STABLE,-2.1,-2.1,(3, 3, 1, 0),False,9.3,WARN(CAL),0.00,-0.54,True,72.7,
1769848122.598,35.876713,139.830765,OK,15,1.1,-3.7,10.37,0.57,SHAKE,-1.7,-0.8,(2, 3, 1, 0),False,9.5,WARN(CAL),0.00,-0.16,True,73.7,
1769848123.632,35.876632,139.830770,OK,14,1.2,-3.8,10.37,0.57,SHAKE,-1.9,-0.9,(2, 3, 1, 0),False,9.1,WARN(CAL),0.00,-0.43,True,74.8,
1769848124.704,35.876550,139.830777,OK,13,1.1,-3.9,9.53,0.28,STABLE,-1.8,-0.4,(3, 3, 1, 0),False,9.1,WARN(CAL),0.00,-0.42,True,75.8,
1769848125.791,35.876465,139.830787,OK,13,1.3,-3.8,9.72,0.09,STABLE,-1.6,-0.1,(3, 3, 1, 0),False,9.5,WARN(CAL),0.00,-0.38,True,76.9,
1769848126.823,35.876377,139.830802,OK,12,1.3,-3.8,9.85,0.05,STABLE,-1.6,0.0,(3, 3, 1, 0),False,9.9,WARN(CAL),0.00,-0.23,True,77.9,
1769848127.853,35.876288,139.830818,OK,13,1.0,-3.8,9.58,0.22,STABLE,-1.6,-0.6,(2, 3, 1, 0),False,9.9,WARN(CAL),0.00,-0.19,True,79.0,
1769848128.890,35.876215,139.830825,OK,15,1.0,-4.0,9.84,0.03,STABLE,-1.8,-1.6,(2, 3, 1, 0),False,8.2,WARN(CAL),0.00,-0.37,True,80.0,
1769848129.922,35.876128,139.830832,OK,16,1.0,-4.2,9.75,0.05,STABLE,-2.0,-2.4,(2, 3, 1, 0),False,9.7,WARN(CAL),0.00,-0.35,True,81.0,
1769848131.009,35.876043,139.830845,OK,15,0.9,-4.0,10.06,0.25,STABLE,-2.3,-4.2,(2, 3, 1, 0),False,9.5,WARN(CAL),0.00,-0.57,True,82.1,
1769848132.041,35.875955,139.830863,OK,16,1.0,-4.7,9.70,0.11,STABLE,-2.5,-5.1,(2, 3, 1, 0),False,10.0,WARN(CAL),0.00,-0.48,True,83.2,
1769848133.076,35.875867,139.830877,OK,16,1.0,-4.6,9.74,0.07,STABLE,-2.6,-5.2,(2, 3, 1, 0),False,9.9,WARN(CAL),0.00,-0.46,True,84.2,
1769848134.107,35.875778,139.830888,OK,18,0.7,-4.9,317.86,308.06,IMPACT,-2.6,-5.2,(2, 3, 1, 0),False,9.9,WARN(CAL),0.00,-0.46,True,85.2,
1769848135.140,35.875687,139.830895,OK,17,0.7,-5.2,9.85,0.04,STABLE,-2.6,-5.1,(2, 3, 1, 0),False,10.2,WARN(CAL),0.00,-0.39,True,86.3,
1769848136.227,35.875598,139.830907,OK,19,0.7,-5.4,10.16,0.36,STABLE,-2.6,-5.7,(2, 3, 1, 0),False,9.9,WARN(CAL),0.00,-0.72,True,87.4,
1769848137.302,35.875512,139.830917,OK,19,0.7,-5.5,9.68,0.13,STABLE,-3.1,-7.3,(2, 3, 1, 0),False,9.7,WARN(CAL),0.00,-0.68,True,88.4,
1769848138.376,35.875428,139.830923,OK,20,0.7,-5.7,9.36,0.45,STABLE,-3.4,-8.6,(3, 3, 1, 0),False,9.3,WARN(CAL),0.00,-0.75,True,89.5,
1769848139.470,35.875343,139.830932,OK,21,0.6,-6.0,9.94,0.13,STABLE,-4.4,-12.8,(3, 3, 1, 0),False,9.5,WARN(CAL),0.00,-0.86,True,90.6,
1769848140.495,35.875265,139.830940,OK,21,0.6,-6.0,8.23,1.58,SHAKE,-4.2,-12.8,(2, 3, 1, 0),False,8.7,WARN(CAL),0.00,-1.05,True,91.6,
1769848141.528,35.875192,139.830950,OK,21,0.6,-5.9,9.73,0.08,STABLE,-4.2,-12.8,(1, 3, 1, 0),False,8.2,WARN(CAL),0.00,-0.31,True,92.7,
1769848142.560,35.875122,139.830960,OK,21,0.6,-6.0,8.92,0.89,SHAKE,-4.3,-12.2,(1, 3, 1, 0),False,7.8,WARN(CAL),0.00,-1.00,True,93.7,
1769848143.591,35.875055,139.830968,OK,21,0.6,-5.6,9.99,0.18,STABLE,-3.8,-12.2,(2, 3, 1, 0),False,7.5,WARN(CAL),0.00,-0.75,True,94.7,
1769848144.681,35.874993,139.830980,OK,21,0.6,-5.5,10.37,0.56,SHAKE,-4.4,-11.4,(2, 3, 1, 0),False,6.9,WARN(CAL),0.00,-0.88,True,95.8,
1769848145.763,35.874933,139.830988,OK,21,0.6,-5.3,9.09,0.71,SHAKE,-2.9,-10.4,(2, 3, 1, 0),False,6.7,WARN(CAL),0.00,-0.56,True,96.9,
1769848146.831,35.874882,139.830997,OK,21,0.6,-4.7,10.35,0.54,SHAKE,-2.8,-10.2,(2, 3, 1, 0),False,5.8,WARN(CAL),0.00,-0.89,True,98.0,
1769848147.920,35.874828,139.831003,OK,21,0.6,-4.9,9.41,0.39,STABLE,-2.9,-10.0,(2, 3, 1, 0),False,6.0,WARN(CAL),0.00,-0.23,True,99.0,
1769848149.008,35.874773,139.831015,OK,21,0.6,-4.9,10.14,0.34,STABLE,-2.8,-9.9,(3, 3, 1, 0),False,6.2,WARN(CAL),0.00,-0.60,True,100.1,
1769848150.091,35.874715,139.831025,OK,21,0.6,-5.1,9.77,0.03,STABLE,-3.1,-9.6,(2, 3, 1, 0),False,6.5,WARN(CAL),0.00,-0.72,True,101.2,
1769848151.125,35.874655,139.831038,OK,21,0.6,-4.7,10.03,0.22,STABLE,-3.2,-9.4,(1, 3, 1, 0),False,6.8,WARN(CAL),0.00,-0.48,True,102.3,
1769848152.162,35.874595,139.831053,OK,21,0.6,-4.2,10.20,0.39,STABLE,-3.1,-9.2,(3, 3, 1, 0),False,6.8,WARN(CAL),0.00,-0.42,True,103.3,
1769848153.197,35.874535,139.831068,OK,21,0.6,-3.9,9.98,0.17,STABLE,-3.1,-9.1,(2, 3, 1, 0),False,6.8,WARN(CAL),0.00,-0.32,True,104.3,
1769848154.228,35.874475,139.831078,OK,21,0.6,-3.9,9.38,0.43,STABLE,-3.1,-8.9,(1, 3, 1, 0),False,6.7,WARN(CAL),0.00,-0.38,True,105.4,
1769848155.308,35.874412,139.831090,OK,21,0.6,-3.5,8.91,0.90,SHAKE,-2.8,-8.8,(3, 3, 1, 0),False,7.1,WARN(CAL),0.00,-0.78,True,106.4,
1769848156.389,35.874347,139.831098,OK,21,0.6,-3.4,9.83,0.03,STABLE,-2.7,-8.8,(3, 3, 1, 0),False,7.3,WARN(CAL),0.00,0.03,True,107.5,
1769848157.468,35.874282,139.831107,OK,21,0.6,-3.3,10.39,0.58,SHAKE,-2.6,-8.8,(3, 3, 1, 0),False,7.3,WARN(CAL),0.00,-0.57,True,108.6,
1769848158.553,35.874215,139.831112,OK,21,0.6,-3.3,11.32,1.51,SHAKE,-2.9,-8.6,(2, 3, 1, 0),False,7.4,WARN(CAL),0.00,-0.42,True,109.7,
1769848159.644,35.874148,139.831118,OK,21,0.6,-3.4,9.15,0.66,SHAKE,-2.2,-8.6,(3, 3, 1, 0),False,7.4,WARN(CAL),0.00,-0.38,True,110.8,
1769848160.713,35.874080,139.831127,OK,21,0.6,-3.6,9.65,0.16,STABLE,-2.8,-8.3,(3, 3, 1, 0),False,7.6,WARN(CAL),0.00,-0.60,True,111.8,
1769848161.797,35.874010,139.831133,OK,20,0.7,-3.6,10.69,0.89,SHAKE,-2.4,-8.1,(3, 3, 1, 0),False,7.8,WARN(CAL),0.00,-0.12,True,112.9,
1769848162.881,35.873943,139.831140,OK,20,0.7,-3.7,10.10,0.29,STABLE,-2.7,-7.8,(3, 3, 1, 0),False,7.4,WARN(CAL),0.00,-0.51,True,114.0,
1769848163.917,35.873880,139.831147,OK,20,0.7,-4.4,9.55,0.26,STABLE,-2.1,-7.9,(3, 3, 1, 0),False,7.1,WARN(CAL),0.00,-0.65,True,115.0,
1769848164.946,35.873823,139.831155,OK,20,0.7,-4.2,11.18,1.37,SHAKE,-1.8,-7.8,(2, 3, 1, 0),False,6.3,WARN(CAL),0.00,0.07,True,116.1,
1769848165.980,35.873772,139.831163,OK,20,0.7,-4.2,9.68,0.12,STABLE,-1.7,-7.5,(2, 3, 1, 0),False,5.8,WARN(CAL),0.00,-0.63,True,117.1,
1769848167.004,35.873722,139.831175,OK,20,0.7,-4.0,9.10,0.70,SHAKE,-2.0,-7.4,(1, 3, 1, 0),False,5.7,WARN(CAL),0.00,0.09,True,118.1,
1769848168.091,35.873680,139.831187,OK,19,0.7,-3.8,11.82,2.01,IMPACT,-2.6,-7.2,(2, 3, 1, 0),False,4.8,WARN(CAL),0.00,-0.56,True,119.2,
1769848169.174,35.873645,139.831195,OK,18,0.7,-3.7,9.91,0.10,STABLE,-2.4,-7.0,(2, 3, 1, 0),False,4.0,WARN(CAL),0.00,-0.18,True,120.3,
1769848170.208,35.873617,139.831202,OK,19,0.7,-3.5,11.58,1.77,SHAKE,-3.2,-7.3,(2, 3, 1, 0),False,3.2,WARN(CAL),0.00,-0.34,True,121.3,
1769848171.238,35.873597,139.831205,OK,19,0.7,-3.0,9.02,0.79,SHAKE,-2.9,-6.9,(3, 3, 1, 0),False,2.2,WARN(CAL),0.00,-0.81,True,122.4,
1769848172.273,35.873583,139.831207,OK,19,0.7,-2.8,9.14,0.67,SHAKE,-2.8,-6.9,(2, 3, 1, 0),False,1.5,WARN(CAL),0.00,-0.51,True,123.4,
1769848173.305,35.873577,139.831207,OK,19,0.7,-2.6,10.57,0.76,SHAKE,-2.9,-6.8,(2, 3, 1, 0),False,0.7,WARN(CAL),0.00,-0.18,True,124.4,
1769848174.395,35.873572,139.831208,OK,19,0.7,-2.6,10.02,0.21,STABLE,-2.2,-6.8,(3, 3, 1, 0),False,0.6,WARN(CAL),0.00,-1.24,True,125.5,
1769848175.423,35.873572,139.831208,OK,19,0.7,-2.5,10.87,1.06,SHAKE,-1.9,-6.8,(2, 3, 1, 0),False,0.0,WARN(CAL),0.00,-0.20,True,126.5,
1769848176.453,35.873573,139.831207,OK,19,0.7,-2.5,9.35,0.46,STABLE,-2.0,-6.8,(2, 3, 1, 0),False,0.2,WARN(CAL),0.00,0.21,True,127.6,
1769848177.492,35.873573,139.831208,OK,19,0.7,-2.5,9.07,0.74,SHAKE,-2.2,-6.8,(2, 3, 1, 0),False,0.2,WARN(CAL),0.00,0.07,True,128.6,
1769848178.514,35.873573,139.831208,OK,18,0.7,-2.5,10.42,0.61,SHAKE,-2.2,-7.0,(2, 3, 1, 0),False,0.0,WARN(CAL),0.00,0.31,False,0.0,STOP_END
1769848179.602,35.873573,139.831207,OK,18,0.7,-2.4,8.14,1.66,SHAKE,-2.9,-6.1,(2, 3, 1, 0),False,0.2,WARN(CAL),0.00,-0.62,True,0.0,STOP_START
1769848180.666,35.873563,139.831210,OK,18,0.7,-2.4,10.83,1.02,SHAKE,-3.5,-6.1,(3, 3, 1, 0),False,1.2,WARN(CAL),0.00,0.12,True,1.1,
1769848181.751,35.873540,139.831213,OK,18,0.7,-2.3,9.70,0.10,STABLE,-3.7,-5.9,(3, 3, 1, 0),False,2.6,WARN(CAL),0.00,-0.57,True,2.1,
1769848182.779,35.873515,139.831215,OK,18,0.7,-2.3,9.70,0.11,STABLE,-3.4,-6.1,(2, 3, 1, 0),False,2.8,WARN(CAL),0.00,0.52,False,0.0,STOP_END
1769848183.808,35.873477,139.831218,OK,18,0.7,-2.3,10.02,0.21,STABLE,-1.7,-6.2,(2, 3, 1, 0),False,4.3,WARN(CAL),0.00,0.64,True,0.0,STOP_START
1769848184.835,35.873422,139.831223,OK,18,0.7,-2.3,10.13,0.33,STABLE,0.2,-6.9,(2, 3, 1, 0),False,6.1,WARN(CAL),0.00,1.16,False,0.0,STOP_END
1769848185.866,35.873360,139.831227,OK,19,0.7,-2.4,10.35,0.55,SHAKE,0.1,-6.9,(2, 3, 1, 0),False,6.9,WARN(CAL),0.00,-0.82,True,0.0,STOP_START
1769848186.955,35.873292,139.831238,OK,19,0.7,-2.4,11.10,1.29,SHAKE,0.0,-6.9,(3, 3, 1, 0),False,7.7,WARN(CAL),0.00,-1.09,True,1.1,
1769848187.983,35.873222,139.831247,OK,18,0.7,-2.2,10.34,0.54,SHAKE,-0.1,-6.6,(2, 3, 1, 0),False,7.8,WARN(CAL),0.00,0.54,False,0.0,STOP_END
1769848189.016,35.873145,139.831257,OK,18,0.7,-2.4,9.79,0.01,STABLE,0.4,-6.5,(2, 3, 1, 0),False,8.6,WARN(CAL),0.00,-0.38,True,0.0,STOP_START
1769848190.046,35.873060,139.831268,OK,18,0.7,-2.4,9.83,0.03,STABLE,0.3,-5.4,(2, 3, 1, 0),False,9.5,WARN(CAL),0.00,-0.15,True,1.0,
1769848191.081,35.872975,139.831277,OK,19,0.7,-2.4,9.68,0.12,STABLE,-1.2,-3.0,(3, 3, 1, 0),False,9.5,WARN(CAL),0.00,-0.22,True,2.1,
1769848192.162,35.872888,139.831288,OK,18,0.7,-2.5,9.47,0.33,STABLE,-1.9,-0.8,(3, 3, 1, 0),False,9.7,WARN(CAL),0.00,-0.23,True,3.1,
1769848193.240,35.872798,139.831300,OK,18,0.7,-2.4,10.25,0.44,STABLE,-2.1,2.3,(2, 3, 1, 0),False,10.1,WARN(CAL),0.00,-0.20,True,4.2,
1769848194.311,35.872703,139.831310,OK,18,0.7,-1.9,10.17,0.37,STABLE,-2.3,2.6,(3, 3, 1, 0),False,10.6,WARN(CAL),0.00,-0.40,True,5.3,
1769848195.396,35.872610,139.831320,OK,18,0.7,-1.8,9.72,0.09,STABLE,-2.4,2.0,(3, 3, 1, 0),False,10.4,WARN(CAL),0.00,-0.45,True,6.4,
1769848196.423,35.872513,139.831325,OK,18,0.7,-1.9,8.99,0.81,SHAKE,-2.3,1.4,(1, 3, 1, 0),False,10.8,WARN(CAL),0.00,-0.22,True,7.4,
1769848197.454,35.872412,139.831325,OK,18,0.7,-1.7,9.78,0.02,STABLE,-2.3,-0.2,(1, 3, 1, 0),False,11.3,WARN(CAL),0.00,-0.41,True,8.4,
1769848198.488,35.872313,139.831323,OK,18,0.6,-1.6,9.79,0.01,STABLE,-2.7,-3.1,(3, 3, 1, 0),False,10.9,WARN(CAL),0.00,-0.61,True,9.5,
1769848199.524,35.872215,139.831320,OK,19,0.6,-1.4,9.81,0.01,STABLE,-3.0,-4.8,(3, 3, 1, 0),False,10.9,WARN(CAL),0.00,-0.54,True,10.5,
1769848200.597,35.872112,139.831327,OK,19,0.6,-0.8,9.86,0.05,STABLE,-3.1,-5.1,(3, 3, 1, 0),False,11.5,WARN(CAL),0.00,-0.57,True,11.6,
1769848201.631,35.872013,139.831330,OK,19,0.6,-0.3,9.81,0.00,STABLE,-3.1,-5.1,(2, 3, 1, 0),False,10.9,WARN(CAL),0.00,-0.55,True,12.6,
1769848202.664,35.871915,139.831328,OK,19,0.6,-1.3,9.81,0.00,STABLE,-3.1,-5.1,(2, 3, 1, 0),False,10.9,WARN(CAL),0.00,-0.56,True,13.6,
1769848203.699,35.871803,139.831318,OK,19,0.6,-1.3,9.70,0.10,STABLE,-3.1,-5.1,(2, 3, 1, 0),False,12.4,WARN(CAL),0.00,-0.55,True,14.7,
1769848204.731,35.871690,139.831315,OK,19,0.6,-1.4,9.71,0.09,STABLE,-3.1,-5.1,(2, 3, 1, 0),False,12.6,WARN(CAL),0.00,-0.52,True,15.7,
1769848205.817,35.871573,139.831300,OK,19,0.6,-1.3,9.75,0.05,STABLE,-3.1,-5.1,(2, 3, 1, 0),False,13.0,WARN(CAL),0.00,-0.53,True,16.8,
1769848206.853,35.871455,139.831265,OK,18,0.6,-0.7,9.71,0.10,STABLE,-3.1,-5.1,(3, 3, 1, 0),False,13.5,WARN(CAL),0.00,-0.55,True,17.8,
1769848207.887,35.871353,139.831248,OK,19,0.6,-0.2,9.77,0.04,STABLE,-3.1,-5.1,(3, 3, 1, 0),False,11.4,WARN(CAL),0.00,-0.54,True,18.9,
1769848208.920,35.871238,139.831232,OK,20,0.6,-0.7,9.79,0.01,STABLE,-3.1,-5.1,(1, 3, 1, 0),False,12.9,WARN(CAL),0.00,-0.57,True,19.9,
1769848209.949,35.871118,139.831212,OK,19,0.6,0.3,9.89,0.08,STABLE,-3.1,-5.1,(3, 3, 1, 0),False,13.5,WARN(CAL),0.00,-0.56,True,20.9,
1769848211.027,35.871010,139.831203,OK,20,0.6,-0.2,9.76,0.05,STABLE,-3.1,-5.1,(3, 3, 1, 0),False,12.1,WARN(CAL),0.00,-0.53,True,22.0,
1769848212.121,35.870888,139.831200,OK,19,0.6,0.8,9.70,0.11,STABLE,-3.1,-5.1,(2, 3, 1, 0),False,13.5,WARN(CAL),0.00,-0.53,True,23.1,
1769848213.153,35.870757,139.831180,OK,20,0.6,0.1,9.81,0.00,STABLE,-3.1,-5.1,(2, 3, 1, 0),False,14.8,WARN(CAL),0.00,-0.51,True,24.1,
1769848214.188,35.870633,139.831190,OK,19,0.6,2.0,9.76,0.05,STABLE,-3.1,-5.1,(2, 3, 1, 0),False,13.7,WARN(CAL),0.00,-0.57,True,25.2,
1769848215.221,35.870567,139.831192,OK,20,0.6,0.0,9.75,0.06,STABLE,-3.1,-5.1,(3, 3, 1, 0),False,7.4,WARN(CAL),0.00,-0.57,True,26.2,
1769848216.256,35.870458,139.831188,OK,18,0.6,0.1,9.74,0.06,STABLE,-3.1,-5.1,(2, 3, 1, 0),False,12.0,WARN(CAL),0.00,-0.52,True,27.2,
1769848217.343,35.870347,139.831197,OK,19,0.6,0.2,9.77,0.04,STABLE,-3.1,-5.1,(2, 3, 1, 0),False,12.4,WARN(CAL),0.00,-0.56,True,28.3,
1769848218.438,35.870233,139.831208,OK,19,0.6,0.2,9.74,0.06,STABLE,-3.1,-5.1,(2, 3, 1, 0),False,12.6,WARN(CAL),0.00,-0.50,True,29.4,
1769848219.468,35.870123,139.831228,OK,20,0.6,0.5,9.76,0.04,STABLE,-3.1,-5.1,(3, 3, 1, 0),False,12.4,WARN(CAL),0.00,-0.54,True,30.5,
1769848220.494,35.870012,139.831238,OK,19,0.6,0.4,9.79,0.01,STABLE,-3.1,-5.1,(1, 3, 1, 0),False,12.4,WARN(CAL),0.00,-0.54,True,31.5,
1769848221.528,35.869898,139.831258,OK,20,0.6,0.5,9.75,0.06,STABLE,-3.1,-5.1,(3, 3, 1, 0),False,12.7,WARN(CAL),0.00,-0.56,True,32.5,
1769848222.559,35.869783,139.831278,OK,19,0.7,0.8,9.72,0.08,STABLE,-3.1,-5.1,(3, 3, 1, 0),False,12.9,WARN(CAL),0.00,-0.53,True,33.5,
1769848223.652,35.869665,139.831297,OK,18,0.7,0.7,9.72,0.08,STABLE,,,(2, 3, 1, 0),False,13.3,WARN(CAL),0.00,-0.63,True,34.6,
1769848224.743,35.869550,139.831320,OK,18,0.7,0.8,9.61,0.20,STABLE,-3.5,-7.3,(2, 3, 1, 0),False,13.0,WARN(CAL),0.00,-0.56,True,35.7,
1769848225.777,35.869432,139.831345,OK,18,0.7,0.6,9.97,0.16,STABLE,-3.5,-7.2,(2, 3, 1, 0),False,13.3,WARN(CAL),0.00,-0.60,True,36.8,
1769848226.804,35.869317,139.831365,OK,19,0.6,0.5,9.97,0.17,STABLE,-3.6,-7.4,(3, 3, 1, 0),False,12.9,WARN(CAL),0.00,-0.69,True,37.8,
1769848227.838,35.869208,139.831378,OK,19,0.6,0.5,10.25,0.44,STABLE,-4.7,-12.6,(3, 3, 1, 0),False,12.1,WARN(CAL),0.00,-0.83,True,38.8,
1769848228.862,35.869112,139.831390,OK,18,0.7,0.8,10.33,0.53,SHAKE,-4.8,-13.1,(3, 3, 1, 0),False,10.8,WARN(CAL),0.00,-0.89,True,39.8,
1769848229.947,35.869027,139.831400,OK,18,0.7,0.8,9.55,0.26,STABLE,-4.4,-12.2,(3, 3, 1, 0),False,9.5,WARN(CAL),0.00,-0.35,True,40.9,
1769848230.979,35.868958,139.831410,OK,19,0.6,0.7,9.68,0.12,STABLE,-1.8,-10.2,(3, 3, 1, 0),False,7.7,WARN(CAL),0.00,0.89,False,0.0,STOP_END
1769848232.007,35.868900,139.831420,OK,18,0.7,0.2,9.78,0.03,STABLE,4.8,-7.5,(2, 3, 1, 0),False,6.5,WARN(CAL),0.00,1.88,True,0.0,STOP_START
1769848233.038,35.868853,139.831425,OK,18,0.7,0.2,9.99,0.19,STABLE,6.1,-9.3,(2, 3, 1, 0),False,5.2,WARN(CAL),0.00,1.11,False,0.0,STOP_END
1769848234.058,35.868823,139.831430,OK,18,0.7,0.1,9.90,0.09,STABLE,4.6,-4.6,(2, 3, 1, 0),False,3.4,WARN(CAL),0.00,0.40,True,0.0,STOP_START
1769848235.136,35.868805,139.831433,OK,19,0.6,0.1,9.88,0.08,STABLE,1.0,0.0,(2, 3, 1, 0),False,2.1,WARN(CAL),0.00,-0.20,True,1.1,
1769848236.209,35.868795,139.831433,OK,19,0.6,0.1,9.78,0.02,STABLE,-1.4,-3.9,(0, 3, 1, 0),False,1.1,WARN(CAL),0.00,-0.35,True,2.2,
1769848237.290,35.868793,139.831430,OK,18,0.7,0.3,10.12,0.32,STABLE,-4.1,-11.4,(2, 3, 1, 0),False,0.4,WARN(CAL),0.00,-0.78,True,3.2,
1769848238.372,35.868792,139.831428,OK,19,0.6,0.3,9.75,0.05,STABLE,-4.9,-15.4,(2, 3, 1, 0),False,0.2,WARN(CAL),0.00,-1.03,True,4.3,
1769848239.400,35.868792,139.831428,OK,19,0.6,0.3,9.71,0.09,STABLE,-4.5,-14.9,(2, 3, 1, 0),False,0.0,WARN(CAL),0.00,-0.97,True,5.3,
1769848240.423,35.868792,139.831428,OK,18,0.7,0.3,9.47,0.33,STABLE,-4.8,-14.1,(2, 3, 1, 0),False,0.0,WARN(CAL),0.00,-0.98,True,6.4,
1769848241.457,35.868793,139.831427,OK,19,0.6,0.4,10.52,0.71,SHAKE,-3.9,-13.1,(2, 3, 1, 0),False,0.2,WARN(CAL),0.00,-0.70,True,7.4,
1769848242.486,35.868792,139.831425,OK,20,0.6,0.5,9.69,0.12,STABLE,-3.1,-12.8,(2, 3, 1, 0),False,0.2,WARN(CAL),0.00,-0.22,True,8.4,
1769848243.573,35.868792,139.831420,OK,20,0.6,0.6,10.07,0.27,STABLE,-3.3,-11.9,(2, 3, 1, 0),False,0.5,WARN(CAL),0.00,-0.40,True,9.5,
1769848244.641,35.868792,139.831417,OK,20,0.6,0.7,9.26,0.55,SHAKE,-4.2,-11.7,(2, 3, 1, 0),False,0.3,WARN(CAL),0.00,-0.42,True,10.6,
1769848245.714,35.868793,139.831413,OK,19,0.6,0.7,9.44,0.37,STABLE,-4.6,-11.4,(2, 3, 1, 0),False,0.4,WARN(CAL),0.00,-0.63,True,11.7,
1769848246.798,35.868793,139.831413,OK,20,0.6,0.7,8.54,1.26,SHAKE,-4.1,-10.1,(2, 3, 1, 0),False,0.0,WARN(CAL),0.00,-0.46,True,12.7,
1769848247.868,35.868792,139.831412,OK,20,0.6,0.8,10.12,0.32,STABLE,-3.9,-9.9,(2, 3, 1, 0),False,0.2,WARN(CAL),0.00,-0.31,True,13.8,
1769848248.895,35.868793,139.831408,OK,19,0.6,0.8,9.95,0.14,STABLE,-4.2,-8.5,(0, 3, 1, 0),False,0.4,WARN(CAL),0.00,-0.59,True,14.8,
1769848249.926,35.868792,139.831407,OK,20,0.6,0.9,11.00,1.19,SHAKE,-3.1,-5.4,(2, 3, 1, 0),False,0.2,WARN(CAL),0.00,-0.99,True,15.9,
1769848250.954,35.868792,139.831407,OK,20,0.6,0.8,9.90,0.10,STABLE,-2.1,-5.6,(0, 3, 1, 0),False,0.0,WARN(CAL),0.00,-0.23,True,16.9,
1769848251.984,35.868790,139.831405,OK,20,0.6,0.8,9.71,0.09,STABLE,-2.2,-4.8,(2, 3, 1, 0),False,0.2,WARN(CAL),0.00,-0.04,True,17.9,
1769848253.058,35.868780,139.831407,OK,19,0.6,0.8,9.09,0.71,SHAKE,-2.1,-2.9,(2, 3, 1, 0),False,1.1,WARN(CAL),0.00,-0.10,True,19.0,
1769848254.143,35.868760,139.831413,OK,19,0.6,0.8,9.62,0.18,STABLE,-2.3,-2.4,(2, 3, 1, 0),False,2.3,WARN(CAL),0.00,-0.20,True,20.1,
1769848255.178,35.868743,139.831420,OK,19,0.6,0.8,9.86,0.05,STABLE,-1.8,-1.7,(2, 3, 1, 0),False,1.9,WARN(CAL),0.00,-0.07,True,21.1,
1769848256.212,35.868720,139.831425,OK,20,0.6,0.8,9.74,0.07,STABLE,-1.6,-1.4,(2, 3, 1, 0),False,2.6,WARN(CAL),0.00,-0.07,True,22.2,
1769848257.237,35.868687,139.831432,OK,19,0.7,0.8,9.63,0.18,STABLE,-1.5,-1.8,(2, 3, 1, 0),False,3.8,WARN(CAL),0.00,-0.42,True,23.2,
1769848258.269,35.868640,139.831440,OK,19,0.7,0.7,9.83,0.02,STABLE,-1.6,-2.0,(0, 3, 1, 0),False,5.2,WARN(CAL),0.00,-0.31,True,24.2,
1769848259.356,35.868587,139.831455,OK,19,0.7,0.7,9.77,0.03,STABLE,-1.8,-2.9,(2, 3, 1, 0),False,6.1,WARN(CAL),0.00,-0.36,True,25.3,
1769848260.450,35.868530,139.831468,OK,20,0.6,0.5,9.76,0.04,STABLE,-1.9,-3.3,(2, 3, 1, 0),False,6.4,WARN(CAL),0.00,-0.37,True,26.4,
1769848261.480,35.868468,139.831485,OK,20,0.6,0.4,9.82,0.01,STABLE,-2.0,-3.8,(2, 3, 1, 0),False,7.0,WARN(CAL),0.00,-0.44,True,27.4,
1769848262.509,35.868398,139.831500,OK,20,0.6,0.5,9.80,0.01,STABLE,-2.3,-4.9,(2, 3, 1, 0),False,7.9,WARN(CAL),0.00,-0.43,True,28.5,
1769848263.538,35.868322,139.831520,OK,20,0.6,0.4,9.74,0.07,STABLE,-2.4,-5.4,(2, 3, 1, 0),False,8.7,WARN(CAL),0.00,-0.47,True,29.5,
1769848264.571,35.868240,139.831540,OK,20,0.6,0.5,9.51,0.30,STABLE,-2.4,-5.6,(2, 3, 1, 0),False,9.3,WARN(CAL),0.00,-0.35,True,30.5,
1769848265.647,35.868157,139.831563,OK,20,0.6,0.6,9.48,0.33,STABLE,-2.4,-5.5,(2, 3, 1, 0),False,9.5,WARN(CAL),0.00,-0.38,True,31.6,
1769848266.681,35.868072,139.831588,OK,20,0.6,0.6,9.75,0.06,STABLE,-2.4,-5.5,(2, 3, 1, 0),False,9.7,WARN(CAL),0.00,-0.46,True,32.6,
1769848267.712,35.867983,139.831612,OK,19,0.6,0.7,9.74,0.06,STABLE,-2.4,-5.5,(0, 3, 1, 0),False,10.0,WARN(CAL),0.00,-0.44,True,33.7,
1769848268.743,35.867898,139.831660,OK,19,0.6,1.5,9.77,0.04,STABLE,-2.4,-5.5,(2, 3, 1, 0),False,10.4,WARN(CAL),0.00,-0.44,True,34.7,
1769848269.771,35.867802,139.831697,OK,19,0.6,-0.2,9.77,0.03,STABLE,-2.4,-5.5,(2, 3, 1, 0),False,11.2,WARN(CAL),0.00,-0.42,True,35.7,
1769848270.863,35.867703,139.831718,OK,20,0.6,-0.5,9.77,0.03,STABLE,-2.4,-5.5,(2, 3, 1, 0),False,11.1,WARN(CAL),0.00,-0.46,True,36.8,
1769848271.892,35.867598,139.831743,OK,20,0.6,-0.1,9.77,0.03,STABLE,-2.4,-5.5,(0, 3, 1, 0),False,11.9,WARN(CAL),0.00,-0.40,True,37.8,
1769848272.917,35.867493,139.831767,OK,20,0.6,-0.4,9.78,0.02,STABLE,-2.4,-5.5,(2, 3, 1, 0),False,11.9,WARN(CAL),0.00,-0.44,True,38.9,
1769848273.949,35.867387,139.831800,OK,19,0.6,-0.6,9.79,0.01,STABLE,-2.4,-5.5,(2, 3, 1, 0),False,12.2,WARN(CAL),0.00,-0.45,True,39.9,
1769848274.980,35.867283,139.831833,OK,19,0.6,-1.4,9.79,0.02,STABLE,-2.4,-5.5,(2, 3, 1, 0),False,11.9,WARN(CAL),0.00,-0.43,True,40.9,
1769848276.075,35.867177,139.831863,OK,18,0.7,-1.4,9.77,0.03,STABLE,-2.4,-5.5,(2, 3, 1, 0),False,12.2,WARN(CAL),0.00,-0.46,True,42.0,
1769848277.158,35.867058,139.831877,OK,20,0.6,-1.0,9.74,0.06,STABLE,-2.4,-5.5,(2, 3, 1, 0),False,13.2,WARN(CAL),0.00,-0.44,True,43.1,
1769848278.192,35.866948,139.831897,OK,20,0.6,-1.0,9.79,0.01,STABLE,-2.4,-5.5,(2, 3, 1, 0),False,12.4,WARN(CAL),0.00,-0.43,True,44.1,
1769848279.220,35.866848,139.831917,OK,19,0.6,-0.3,9.78,0.03,STABLE,-2.4,-5.5,(0, 3, 1, 0),False,11.3,WARN(CAL),0.00,-0.43,True,45.2,
1769848280.257,35.866750,139.831953,OK,20,0.6,0.8,9.78,0.02,STABLE,-2.4,-5.5,(2, 3, 1, 0),False,11.4,WARN(CAL),0.00,-0.44,True,46.2,
1769848281.293,35.866660,139.831973,OK,20,0.6,0.6,9.70,0.11,STABLE,-2.5,-5.7,(2, 3, 1, 0),False,10.2,WARN(CAL),0.00,-0.49,True,47.2,
1769848282.382,35.866580,139.832002,OK,19,0.7,0.7,9.94,0.13,STABLE,-3.9,-12.2,(2, 3, 1, 0),False,9.3,WARN(CAL),0.00,-0.81,True,48.3,
1769848283.411,35.866505,139.832027,OK,19,0.7,0.6,9.83,0.03,STABLE,-4.1,-13.0,(2, 3, 1, 0),False,8.6,WARN(CAL),0.00,-0.96,True,49.4,
1769848284.443,35.866440,139.832045,OK,19,0.7,0.3,9.25,0.56,SHAKE,-3.8,-12.2,(2, 3, 1, 0),False,7.4,WARN(CAL),0.00,-0.70,True,50.4,
1769848285.478,35.866380,139.832067,OK,20,0.6,0.2,10.67,0.87,SHAKE,-3.9,-12.2,(2, 3, 1, 0),False,7.0,WARN(CAL),0.00,-0.79,True,51.4,
1769848286.513,35.866332,139.832075,OK,20,0.6,0.1,9.48,0.32,STABLE,-3.9,-11.6,(2, 3, 1, 0),False,5.4,WARN(CAL),0.00,-0.97,True,52.5,
1769848287.586,35.866292,139.832075,OK,19,0.7,-0.1,9.79,0.01,STABLE,-3.8,-11.1,(2, 3, 1, 0),False,4.4,WARN(CAL),0.00,-0.58,True,53.5,
1769848288.614,35.866262,139.832077,OK,19,0.7,-0.2,10.76,0.95,SHAKE,-4.2,-10.4,(2, 3, 1, 0),False,3.3,WARN(CAL),0.00,-1.26,True,54.6,
1769848289.643,35.866242,139.832077,OK,19,0.7,-0.3,9.29,0.52,SHAKE,-4.2,-10.1,(2, 3, 1, 0),False,2.2,WARN(CAL),0.00,-1.02,True,55.6,
1769848290.678,35.866233,139.832082,OK,18,0.7,0.1,12.17,2.36,IMPACT,-4.5,-9.9,(2, 3, 1, 0),False,1.0,WARN(CAL),0.00,-0.70,True,56.6,
1769848291.710,35.866230,139.832083,OK,18,0.7,0.0,7.93,1.87,SHAKE,-5.2,-9.9,(0, 3, 1, 0),False,0.4,WARN(CAL),0.00,-0.19,True,57.7,
1769848292.799,35.866227,139.832083,OK,18,0.7,-0.1,9.44,0.36,STABLE,-4.9,-10.3,(2, 3, 1, 0),False,0.4,WARN(CAL),0.00,-0.64,True,58.7,
1769848293.831,35.866228,139.832082,OK,19,0.7,-0.2,7.78,2.03,IMPACT,-4.7,-8.7,(2, 3, 1, 0),False,0.2,WARN(CAL),0.00,-3.52,True,59.8,
1769848294.864,35.866228,139.832080,OK,21,0.6,-0.2,10.68,0.87,SHAKE,-4.9,-7.9,(0, 3, 1, 0),False,0.2,WARN(CAL),0.00,0.55,False,0.0,STOP_END
1769848295.893,35.866228,139.832080,OK,21,0.6,-0.2,8.63,1.18,SHAKE,-3.5,-5.4,(2, 3, 1, 0),False,0.0,WARN(CAL),0.00,0.27,True,0.0,STOP_START
1769848296.929,35.866228,139.832078,OK,21,0.6,-0.2,9.97,0.16,STABLE,-2.6,-3.6,(0, 3, 1, 0),False,0.2,WARN(CAL),0.00,0.43,False,0.0,STOP_END
1769848298.020,35.866228,139.832078,OK,20,0.6,-0.2,9.76,0.04,STABLE,-2.4,-2.3,(2, 3, 1, 0),False,0.0,WARN(CAL),0.00,-0.18,True,0.0,STOP_START
1769848299.048,35.866227,139.832078,OK,19,0.6,-0.2,9.89,0.08,STABLE,-1.9,-1.9,(2, 3, 1, 0),False,0.2,WARN(CAL),0.00,-0.39,True,1.0,
1769848300.079,35.866225,139.832080,OK,19,0.6,-0.1,10.25,0.44,STABLE,-2.0,-1.8,(0, 3, 1, 0),False,0.2,WARN(CAL),0.00,-0.60,True,2.1,
1769848301.108,35.866208,139.832085,OK,19,0.6,-0.1,10.07,0.26,STABLE,-2.8,-2.1,(2, 3, 1, 0),False,1.9,WARN(CAL),0.00,-0.18,True,3.1,
1769848302.138,35.866185,139.832095,OK,20,0.6,0.3,10.38,0.57,SHAKE,-4.2,-10.6,(2, 3, 1, 0),False,2.7,WARN(CAL),0.00,-0.73,True,4.1,
1769848303.225,35.866145,139.832102,OK,21,0.6,0.5,9.07,0.74,SHAKE,-3.8,-11.6,(2, 3, 1, 0),False,4.5,WARN(CAL),0.00,-0.99,True,5.2,
1769848304.257,35.866090,139.832112,OK,20,0.6,0.6,8.43,1.38,SHAKE,-3.8,-11.2,(2, 3, 1, 0),False,6.2,WARN(CAL),0.00,0.00,True,6.2,
1769848305.289,35.866025,139.832130,OK,18,0.7,0.8,10.45,0.64,SHAKE,-4.1,-10.8,(2, 3, 1, 0),False,7.4,WARN(CAL),0.00,-0.35,True,7.3,
1769848306.322,35.865950,139.832152,OK,19,0.6,1.1,9.58,0.23,STABLE,-3.9,-10.6,(0, 3, 1, 0),False,8.6,WARN(CAL),0.00,-0.77,True,8.3,
1769848307.354,35.865870,139.832170,OK,20,0.6,1.3,9.66,0.15,STABLE,-4.1,-10.3,(0, 3, 1, 0),False,9.0,WARN(CAL),0.00,-0.41,True,9.3,
1769848308.443,35.865783,139.832190,OK,20,0.6,1.7,9.17,0.63,SHAKE,-3.8,-9.4,(2, 3, 1, 0),False,9.8,WARN(CAL),0.00,-0.20,True,10.4,
1769848309.465,35.865693,139.832212,OK,20,0.6,1.9,9.06,0.75,SHAKE,-3.8,-8.6,(2, 3, 1, 0),False,10.2,WARN(CAL),0.00,-0.66,True,11.4,
1769848310.497,35.865595,139.832237,OK,20,0.6,2.4,10.74,0.93,SHAKE,-3.4,-7.6,(2, 3, 1, 0),False,11.2,WARN(CAL),0.00,-0.37,True,12.5,
1769848311.531,35.865495,139.832263,OK,21,0.6,1.8,12.94,3.13,IMPACT,-3.9,-7.1,(2, 3, 1, 0),False,11.4,WARN(CAL),0.00,0.54,False,0.0,STOP_END
1769848312.557,35.865397,139.832285,OK,20,0.6,1.6,9.06,0.75,SHAKE,-3.8,-6.1,(2, 3, 1, 0),False,11.1,WARN(CAL),0.00,-0.70,True,0.0,STOP_START
1769848313.649,35.865302,139.832315,OK,20,0.6,1.5,9.67,0.13,STABLE,-3.1,-5.0,(2, 3, 1, 0),False,10.9,WARN(CAL),0.00,-0.13,True,1.1,
1769848314.739,35.865200,139.832337,OK,20,0.6,1.2,7.59,2.22,IMPACT,-3.5,-4.2,(2, 3, 1, 0),False,11.5,WARN(CAL),0.00,1.57,False,0.0,STOP_END
1769848315.817,35.865095,139.832350,OK,20,0.6,1.2,9.89,0.08,STABLE,-3.2,-4.0,(2, 3, 1, 0),False,11.7,WARN(CAL),0.00,-0.23,True,0.0,STOP_START
1769848316.850,35.864987,139.832360,OK,20,0.6,1.6,9.36,0.44,STABLE,-3.1,-3.4,(2, 3, 1, 0),False,12.1,WARN(CAL),0.00,-0.49,True,1.0,
1769848317.884,35.864875,139.832372,OK,20,0.6,2.2,10.65,0.84,SHAKE,-2.8,-3.3,(2, 3, 1, 0),False,12.5,WARN(CAL),0.00,0.19,True,2.1,
1769848318.912,35.864765,139.832387,OK,19,0.7,2.5,10.28,0.48,STABLE,-3.6,-2.4,(2, 3, 1, 0),False,12.3,WARN(CAL),0.00,0.31,False,0.0,STOP_END
1769848319.942,35.864650,139.832395,OK,19,0.7,1.5,10.41,0.60,SHAKE,-3.0,-1.9,(2, 3, 1, 0),False,12.8,WARN(CAL),0.00,-0.29,True,0.0,STOP_START
1769848321.007,35.864533,139.832413,OK,19,0.7,1.8,9.07,0.74,SHAKE,-2.8,-0.8,(2, 3, 1, 0),False,13.1,WARN(CAL),0.00,-0.35,True,1.1,
1769848322.081,35.864420,139.832435,OK,19,0.7,1.6,9.73,0.07,STABLE,-2.4,-0.6,(2, 3, 1, 0),False,12.8,WARN(CAL),0.00,-0.17,True,2.1,
1769848323.175,35.864312,139.832457,OK,20,0.6,1.2,10.53,0.73,SHAKE,-2.1,-0.5,(0, 3, 1, 0),False,12.2,WARN(CAL),0.00,0.08,True,3.2,
1769848324.265,35.864200,139.832475,OK,20,0.6,1.3,9.19,0.61,SHAKE,-2.2,-0.3,(0, 3, 1, 0),False,12.5,WARN(CAL),0.00,-0.10,True,4.3,
1769848325.298,35.864090,139.832502,OK,20,0.6,0.5,9.87,0.06,STABLE,,,(2, 3, 1, 0),False,12.5,WARN(CAL),0.00,-0.18,True,5.4,
1769848326.333,35.863982,139.832527,OK,21,0.6,-0.2,9.75,0.05,STABLE,-1.9,-0.1,(2, 3, 1, 0),False,12.3,WARN(CAL),0.00,-0.49,True,6.4,
1769848327.360,35.863868,139.832555,OK,21,0.6,-0.1,9.64,0.16,STABLE,-1.6,-1.0,(2, 3, 1, 0),False,12.9,WARN(CAL),0.00,-0.43,True,7.4,
1769848328.392,35.863752,139.832585,OK,20,0.6,-0.1,9.81,0.01,STABLE,-1.6,-2.4,(0, 3, 1, 0),False,13.3,WARN(CAL),0.00,-0.30,True,8.5,
1769848329.481,35.863637,139.832618,OK,19,0.6,0.1,9.69,0.12,STABLE,-1.8,-3.5,(0, 3, 1, 0),False,13.1,WARN(CAL),0.00,-0.28,True,9.5,
1769848330.515,35.863523,139.832650,OK,19,0.6,0.4,9.74,0.07,STABLE,-1.8,-4.1,(0, 3, 1, 0),False,12.9,WARN(CAL),0.00,-0.32,True,10.6,
1769848331.549,35.863410,139.832682,OK,19,0.6,0.7,9.82,0.01,STABLE,-2.1,-5.6,(2, 3, 1, 0),False,12.9,WARN(CAL),0.00,-0.37,True,11.6,
1769848332.587,35.863297,139.832705,OK,19,0.6,0.8,9.78,0.02,STABLE,-2.1,-5.9,(2, 3, 1, 0),False,12.8,WARN(CAL),0.00,-0.37,True,12.6,
1769848333.615,35.863183,139.832730,OK,19,0.6,0.9,9.76,0.05,STABLE,-2.1,-5.9,(0, 3, 1, 0),False,12.8,WARN(CAL),0.00,-0.40,True,13.7,
1769848334.701,35.863078,139.832765,OK,17,0.7,1.0,9.77,0.03,STABLE,-2.1,-5.9,(2, 3, 1, 0),False,12.1,WARN(CAL),0.00,-0.38,True,14.8,
1769848335.789,35.862965,139.832795,OK,17,0.7,0.5,9.80,0.01,STABLE,-2.2,-6.6,(2, 3, 1, 0),False,12.9,WARN(CAL),0.00,-0.46,True,15.8,
1769848336.878,35.862845,139.832827,OK,17,0.7,0.0,10.12,0.31,STABLE,-3.8,-13.8,(0, 3, 1, 0),False,13.6,WARN(CAL),0.00,-0.77,True,16.9,
1769848337.912,35.862723,139.832845,OK,17,0.7,0.4,9.48,0.32,STABLE,-4.1,-15.5,(0, 3, 1, 0),False,13.6,WARN(CAL),0.00,-0.21,True,18.0,
1769848338.948,35.862602,139.832870,OK,17,0.7,1.2,9.81,0.00,STABLE,-4.0,-15.2,(2, 3, 1, 0),False,13.7,WARN(CAL),0.00,-0.57,True,19.0,
1769848339.984,35.862478,139.832887,OK,18,0.7,1.3,10.00,0.20,STABLE,-3.9,-14.7,(0, 3, 1, 0),False,13.8,WARN(CAL),0.00,-0.11,True,20.0,
1769848341.015,35.862358,139.832905,OK,19,0.6,1.2,10.02,0.22,STABLE,-3.8,-13.2,(2, 3, 1, 0),False,13.4,WARN(CAL),0.00,-0.90,True,21.1,
1769848342.106,35.862242,139.832922,OK,19,0.6,1.4,9.29,0.51,SHAKE,-2.9,-9.3,(2, 3, 1, 0),False,13.1,WARN(CAL),0.00,-0.48,True,22.2,
1769848343.137,35.862123,139.832950,OK,19,0.6,1.8,10.05,0.25,STABLE,-2.4,-7.9,(2, 3, 1, 0),False,13.4,WARN(CAL),0.00,0.00,True,23.2,
1769848344.172,35.862003,139.832965,OK,18,0.7,1.5,9.97,0.17,STABLE,-1.4,-3.4,(0, 3, 1, 0),False,13.4,WARN(CAL),0.00,-0.22,True,24.2,
1769848345.203,35.861888,139.832977,OK,18,0.6,1.5,10.01,0.20,STABLE,-1.9,-5.6,(2, 3, 1, 0),False,12.8,WARN(CAL),0.00,-0.54,True,25.3,
1769848346.230,35.861772,139.832982,OK,18,0.6,1.4,9.81,0.01,STABLE,-3.4,-10.4,(2, 3, 1, 0),False,13.0,WARN(CAL),0.00,0.10,True,26.3,
1769848347.316,35.861657,139.832978,OK,19,0.6,1.7,9.05,0.76,SHAKE,-3.5,-10.1,(2, 3, 1, 0),False,12.8,WARN(CAL),0.00,-0.42,True,27.4,
1769848348.388,35.861543,139.832972,OK,19,0.6,2.0,9.79,0.02,STABLE,-2.2,-7.2,(2, 3, 1, 0),False,12.6,WARN(CAL),0.00,-0.18,True,28.4,
1769848349.469,35.861432,139.832957,OK,20,0.6,2.0,10.22,0.41,STABLE,-0.9,-1.1,(2, 3, 1, 0),False,12.5,WARN(CAL),0.00,-0.03,True,29.5,
1769848350.553,35.861315,139.832937,OK,19,0.6,2.6,10.33,0.53,SHAKE,-1.6,-0.7,(0, 3, 1, 0),False,13.1,WARN(CAL),0.00,-1.19,True,30.6,
1769848351.628,35.861193,139.832903,OK,20,0.6,4.5,9.23,0.58,SHAKE,-3.4,-0.9,(2, 3, 1, 0),False,13.9,WARN(CAL),0.00,-2.07,True,31.7,
1769848352.712,35.861082,139.832847,OK,20,0.6,5.0,10.62,0.81,SHAKE,-7.5,-3.4,(2, 3, 1, 0),False,13.4,WARN(CAL),0.00,-3.32,True,32.8,
1769848353.804,35.860965,139.832835,OK,20,0.6,3.8,10.11,0.31,STABLE,-7.9,-9.2,(0, 3, 1, 0),False,13.0,WARN(CAL),0.00,-2.39,True,33.9,
1769848354.835,35.860863,139.832783,OK,19,0.6,3.9,10.20,0.40,STABLE,-7.1,-9.8,(2, 3, 1, 0),False,12.2,WARN(CAL),0.00,-0.51,True,34.9,
1769848355.863,35.860762,139.832745,OK,19,0.7,3.5,11.77,1.96,SHAKE,-7.4,-8.8,(2, 3, 1, 0),False,11.8,WARN(CAL),0.00,0.17,True,35.9,
1769848356.895,35.860693,139.832715,OK,18,0.7,2.9,10.39,0.58,SHAKE,-7.4,-8.5,(0, 3, 1, 0),False,8.1,WARN(CAL),0.00,-0.78,True,37.0,
1769848357.926,35.860647,139.832672,OK,19,0.7,4.7,9.97,0.17,STABLE,-7.4,-8.4,(2, 3, 1, 0),False,6.5,WARN(CAL),0.00,-0.99,True,38.0,
1769848359.013,35.860597,139.832652,OK,18,0.7,4.9,10.05,0.24,STABLE,-7.2,-8.0,(2, 3, 1, 0),False,5.8,WARN(CAL),0.00,-0.46,True,39.1,
1769848360.100,35.860555,139.832637,OK,19,0.7,4.4,10.63,0.83,SHAKE,-6.9,-7.8,(2, 3, 1, 0),False,4.8,WARN(CAL),0.00,-0.03,True,40.2,
1769848361.128,35.860523,139.832628,OK,19,0.7,3.8,10.21,0.40,STABLE,-6.9,-7.5,(2, 3, 1, 0),False,3.6,WARN(CAL),0.00,-0.91,True,41.2,
1769848362.164,35.860503,139.832617,OK,19,0.7,3.3,9.93,0.12,STABLE,-6.8,-7.1,(0, 3, 1, 0),False,2.5,WARN(CAL),0.00,0.03,True,42.2,
1769848363.195,35.860488,139.832613,OK,19,0.7,3.0,11.00,1.19,SHAKE,-6.4,-6.7,(2, 3, 1, 0),False,1.7,WARN(CAL),0.00,-0.43,True,43.3,
1769848364.229,35.860490,139.832607,OK,18,0.7,3.4,10.76,0.95,SHAKE,-5.8,-6.6,(2, 3, 1, 0),False,0.6,WARN(CAL),0.00,-0.39,True,44.3,
1769848365.319,35.860490,139.832608,OK,17,0.7,3.3,9.65,0.16,STABLE,-5.2,-5.6,(0, 3, 1, 0),False,0.2,WARN(CAL),0.00,-0.26,True,45.4,
1769848366.348,35.860490,139.832608,OK,15,0.8,3.2,8.59,1.21,SHAKE,-5.1,-5.3,(0, 3, 1, 0),False,0.0,WARN(CAL),0.00,-0.60,True,46.4,
1769848367.377,35.860490,139.832610,OK,16,0.8,3.1,9.17,0.64,SHAKE,-5.2,-5.2,(0, 3, 1, 0),False,0.2,WARN(CAL),0.00,-0.57,True,47.4,
1769848368.405,35.860492,139.832610,OK,17,0.7,3.0,10.72,0.92,SHAKE,-5.1,-5.1,(2, 3, 1, 0),False,0.2,WARN(CAL),0.00,0.26,True,48.5,
1769848369.432,35.860492,139.832612,OK,18,0.7,2.9,10.84,1.04,SHAKE,-4.8,-4.8,(2, 3, 1, 0),False,0.2,WARN(CAL),0.00,-0.05,True,49.5,
1769848370.518,35.860490,139.832613,OK,18,0.7,2.8,8.37,1.43,SHAKE,-4.8,-4.4,(2, 3, 1, 0),False,0.2,WARN(CAL),0.00,-0.93,True,50.6,
1769848371.548,35.860487,139.832615,OK,17,0.7,2.7,8.98,0.83,SHAKE,-4.2,-3.9,(2, 3, 1, 0),False,0.4,WARN(CAL),0.00,-0.32,True,51.6,
1769848372.584,35.860483,139.832618,OK,16,0.8,2.7,9.66,0.14,STABLE,-4.2,-3.6,(2, 3, 1, 0),False,0.5,WARN(CAL),0.00,-0.26,True,52.6,
1769848373.607,35.860480,139.832620,OK,16,0.8,2.6,8.86,0.95,SHAKE,-3.4,-3.5,(2, 3, 1, 0),False,0.4,WARN(CAL),0.00,-0.22,True,53.7,
1769848374.640,35.860480,139.832625,OK,16,0.8,2.6,10.25,0.45,STABLE,-2.9,-2.8,(0, 3, 1, 0),False,0.5,WARN(CAL),0.00,0.18,True,54.7,
1769848375.732,35.860485,139.832628,OK,15,0.8,2.4,10.12,0.32,STABLE,-2.4,-2.3,(0, 3, 1, 0),False,0.6,WARN(CAL),0.00,-0.22,True,55.8,
1769848376.761,35.860483,139.832630,OK,15,0.8,2.4,10.38,0.58,SHAKE,-2.5,-2.1,(2, 3, 1, 0),False,0.2,WARN(CAL),0.00,-0.03,True,56.8,
1769848377.793,35.860482,139.832630,OK,15,0.8,2.3,9.62,0.18,STABLE,-2.1,-2.0,(2, 3, 1, 0),False,0.2,WARN(CAL),0.00,-0.19,True,57.9,
1769848378.825,35.860478,139.832630,OK,16,0.8,2.2,9.99,0.19,STABLE,-1.8,-1.6,(2, 3, 1, 0),False,0.4,WARN(CAL),0.00,-0.14,True,58.9,
1769848379.859,35.860475,139.832630,OK,16,0.8,2.1,9.62,0.19,STABLE,-1.4,-1.4,(2, 3, 1, 0),False,0.4,WARN(CAL),0.00,-0.16,True,59.9,
1769848380.937,35.860473,139.832632,OK,15,0.8,2.1,9.25,0.55,SHAKE,-1.4,-1.9,(2, 3, 1, 0),False,0.2,WARN(CAL),0.00,-0.24,True,61.0,
1769848381.970,35.860475,139.832632,OK,14,0.8,2.1,10.00,0.19,STABLE,-1.7,-3.2,(2, 3, 1, 0),False,0.2,WARN(CAL),0.00,-0.33,True,62.0,
1769848383.001,35.860477,139.832632,OK,13,0.9,2.0,9.23,0.57,SHAKE,-1.8,-3.9,(2, 3, 1, 0),False,0.2,WARN(CAL),0.00,-0.15,True,63.1,
1769848384.034,35.860477,139.832630,OK,13,0.9,2.0,10.13,0.32,STABLE,-1.9,-5.3,(2, 3, 1, 0),False,0.2,WARN(CAL),0.00,-0.57,True,64.1,
1769848385.060,35.860477,139.832630,OK,14,0.8,2.1,9.90,0.09,STABLE,-1.9,-6.5,(2, 3, 1, 0),False,0.0,WARN(CAL),0.00,-0.31,True,65.1,
1769848386.144,35.860475,139.832628,OK,14,0.8,2.2,9.81,0.01,STABLE,-1.8,-7.3,(0, 3, 1, 0),False,0.2,WARN(CAL),0.00,-0.74,True,66.2,
1769848387.175,35.860473,139.832627,OK,14,0.8,2.3,9.99,0.19,STABLE,-1.9,-7.6,(2, 3, 1, 0),False,0.2,WARN(CAL),0.00,-0.41,True,67.2,
1769848388.201,35.860472,139.832627,OK,14,0.8,2.3,9.14,0.67,SHAKE,-2.2,-7.2,(2, 3, 1, 0),False,0.2,WARN(CAL),0.00,-0.36,True,68.3,
1769848389.233,35.860468,139.832628,OK,15,0.8,2.3,10.07,0.26,STABLE,-2.2,-6.9,(2, 3, 1, 0),False,0.4,WARN(CAL),0.00,-0.51,True,69.3,
1769848390.268,35.860467,139.832628,OK,15,0.8,2.4,9.32,0.48,STABLE,-2.2,-6.9,(2, 3, 1, 0),False,0.2,WARN(CAL),0.00,-0.55,True,70.3,
1769848391.350,35.860467,139.832630,OK,15,0.8,2.4,9.71,0.09,STABLE,-2.1,-6.8,(2, 3, 1, 0),False,0.2,WARN(CAL),0.00,-0.67,True,71.4,
1769848392.388,35.860463,139.832632,OK,15,0.8,2.4,9.86,0.06,STABLE,-1.9,-6.9,(2, 3, 1, 0),False,0.4,WARN(CAL),0.00,-0.37,True,72.4,
1769848393.418,35.860452,139.832628,OK,15,0.8,2.5,9.73,0.08,STABLE,-2.3,-6.6,(2, 3, 1, 0),False,1.3,WARN(CAL),0.00,-0.54,True,73.5,
1769848394.438,35.860438,139.832620,OK,15,0.8,2.5,9.37,0.43,STABLE,-2.6,-6.4,(2, 3, 1, 0),False,1.7,WARN(CAL),0.00,-1.06,True,74.5,
1769848395.475,35.860418,139.832612,OK,15,0.8,2.6,8.22,1.59,SHAKE,-2.8,-6.1,(2, 3, 1, 0),False,2.3,WARN(CAL),0.00,-0.60,True,75.5,
1769848396.560,35.860383,139.832605,OK,17,0.7,2.7,10.64,0.83,SHAKE,-2.2,-5.8,(2, 3, 1, 0),False,3.9,WARN(CAL),0.00,-0.76,True,76.6,
1769848397.592,35.860345,139.832600,OK,17,0.7,2.8,10.23,0.42,STABLE,-1.6,-5.6,(0, 3, 1, 0),False,4.3,WARN(CAL),0.00,-0.62,True,77.7,
1769848398.621,35.860308,139.832588,OK,20,0.6,2.7,10.83,1.03,SHAKE,-1.7,-5.8,(2, 3, 1, 0),False,4.2,WARN(CAL),0.00,-1.36,True,78.7,
1769848399.653,35.860275,139.832567,OK,20,0.6,2.7,9.58,0.22,STABLE,-1.8,-5.6,(2, 3, 1, 0),False,4.2,WARN(CAL),0.00,-0.59,True,79.7,
1769848400.685,35.860248,139.832535,OK,20,0.6,2.7,9.39,0.42,STABLE,-1.8,-5.4,(3, 3, 1, 0),False,4.1,WARN(CAL),0.00,-0.32,True,80.7,
1769848401.776,35.860233,139.832505,OK,21,0.6,2.8,11.92,2.12,IMPACT,-1.8,-5.4,(2, 3, 1, 0),False,3.2,WARN(CAL),0.00,-0.83,True,81.8,
1769848402.862,35.860220,139.832483,OK,21,0.6,3.0,7.58,2.23,IMPACT,-1.4,-5.2,(2, 3, 1, 0),False,2.5,WARN(CAL),0.00,-0.06,True,82.9,
1769848403.896,35.860215,139.832463,OK,20,0.6,2.7,10.12,0.32,STABLE,-1.5,-4.6,(1, 3, 1, 0),False,1.9,WARN(CAL),0.00,-0.14,True,84.0,
1769848404.924,35.860212,139.832438,OK,20,0.6,2.5,10.24,0.43,STABLE,-2.1,-4.6,(2, 3, 1, 0),False,2.3,WARN(CAL),0.00,-0.97,True,85.0,
1769848405.955,35.860210,139.832408,OK,20,0.6,2.0,9.61,0.19,STABLE,-2.5,-4.2,(2, 3, 1, 0),False,2.7,WARN(CAL),0.00,-0.57,True,86.0,
1769848406.983,35.860205,139.832362,OK,20,0.6,1.6,9.23,0.57,SHAKE,-2.1,-3.9,(1, 3, 1, 0),False,4.2,WARN(CAL),0.00,-0.12,True,87.0,
1769848408.080,35.860195,139.832300,OK,19,0.7,0.9,9.43,0.38,STABLE,-2.1,-3.6,(2, 3, 1, 0),False,5.7,WARN(CAL),0.00,0.08,True,88.1,
1769848409.115,35.860185,139.832227,OK,19,0.7,0.3,10.00,0.19,STABLE,-1.9,-3.2,(3, 3, 1, 0),False,6.7,WARN(CAL),0.00,0.10,True,89.2,
1769848410.149,35.860168,139.832143,OK,19,0.7,-0.5,10.44,0.64,SHAKE,-0.6,-3.0,(3, 3, 1, 0),False,7.7,WARN(CAL),0.00,1.45,False,0.0,STOP_END
1769848411.179,35.860153,139.832058,OK,19,0.7,-1.8,10.44,0.63,SHAKE,1.4,-3.0,(2, 3, 1, 0),False,7.8,WARN(CAL),0.00,2.05,True,0.0,STOP_START
1769848412.212,35.860140,139.831967,OK,19,0.7,-2.2,8.67,1.13,SHAKE,2.2,-4.3,(2, 3, 1, 0),False,8.4,WARN(CAL),0.00,0.69,False,0.0,STOP_END
1769848413.302,35.860125,139.831872,OK,19,0.7,-2.8,9.19,0.61,SHAKE,3.1,-6.2,(2, 3, 1, 0),False,8.7,WARN(CAL),0.00,0.03,True,0.0,STOP_START
1769848414.381,35.860110,139.831772,OK,19,0.7,-3.3,9.14,0.67,SHAKE,2.7,-7.0,(0, 3, 1, 0),False,9.2,WARN(CAL),0.00,-0.65,True,1.1,
1769848415.451,35.860095,139.831668,OK,19,0.7,-3.6,9.38,0.42,STABLE,0.9,-8.6,(2, 3, 1, 0),False,9.5,WARN(CAL),0.00,-0.20,True,2.1,
1769848416.543,35.860083,139.831565,OK,19,0.7,-4.0,8.98,0.82,SHAKE,0.6,-8.8,(2, 3, 1, 0),False,9.4,WARN(CAL),0.00,-0.36,True,3.2,
1769848417.567,35.860070,139.831462,OK,19,0.7,-4.5,10.31,0.50,SHAKE,0.5,-8.2,(2, 3, 1, 0),False,9.4,WARN(CAL),0.00,-0.93,True,4.3,
1769848418.600,35.860055,139.831367,OK,19,0.7,-4.9,11.08,1.28,SHAKE,1.0,-8.2,(0, 3, 1, 0),False,8.7,WARN(CAL),0.00,0.09,True,5.3,
1769848419.629,35.860043,139.831282,OK,20,0.6,-5.2,10.38,0.57,SHAKE,0.9,-8.5,(0, 3, 1, 0),False,7.8,WARN(CAL),0.00,-0.50,True,6.3,
1769848420.661,35.860032,139.831203,OK,19,0.7,-5.6,9.70,0.11,STABLE,0.9,-7.3,(2, 3, 1, 0),False,7.2,WARN(CAL),0.00,-0.20,True,7.4,
1769848421.748,35.860022,139.831135,OK,19,0.7,-6.2,10.33,0.52,SHAKE,0.9,-7.1,(2, 3, 1, 0),False,6.3,WARN(CAL),0.00,-0.75,True,8.4,
1769848422.816,35.860015,139.831082,OK,18,0.7,-6.9,9.50,0.30,STABLE,0.8,-6.9,(2, 3, 1, 0),False,4.9,WARN(CAL),0.00,-0.08,True,9.5,
1769848423.907,35.860010,139.831035,OK,20,0.6,-7.4,10.05,0.24,STABLE,0.6,-2.6,(2, 3, 1, 0),False,4.2,WARN(CAL),0.00,-0.29,True,10.6,
1769848424.946,35.860005,139.831000,OK,20,0.6,-8.2,10.10,0.29,STABLE,-0.3,-0.9,(2, 3, 1, 0),False,3.2,WARN(CAL),0.00,-0.50,True,11.6,
1769848425.977,35.860007,139.830977,OK,20,0.6,-8.1,9.00,0.81,SHAKE,-6.2,-0.5,(2, 3, 1, 0),False,2.1,WARN(CAL),0.00,-2.65,True,12.7,
1769848427.006,35.860007,139.830958,OK,20,0.6,-8.3,10.35,0.54,SHAKE,-10.5,-7.4,(0, 3, 1, 0),False,1.7,WARN(CAL),0.00,-1.64,True,13.7,
1769848428.039,35.860008,139.830943,OK,20,0.6,-8.3,9.62,0.19,STABLE,-9.3,-11.4,(2, 3, 1, 0),False,1.4,WARN(CAL),0.00,-0.76,True,14.7,
1769848429.128,35.860008,139.830935,OK,20,0.6,-8.7,10.83,1.02,SHAKE,-7.9,-13.0,(2, 3, 1, 0),False,0.8,WARN(CAL),0.00,-0.21,True,15.8,
1769848430.215,35.860010,139.830935,OK,20,0.6,-8.4,11.28,1.47,SHAKE,-7.4,-12.3,(2, 3, 1, 0),False,0.2,WARN(CAL),0.00,0.06,True,16.9,
1769848431.295,35.860010,139.830933,OK,20,0.6,-8.1,8.75,1.06,SHAKE,-8.1,-11.1,(2, 3, 1, 0),False,0.2,WARN(CAL),0.00,-0.27,True,18.0,
1769848432.327,35.860010,139.830930,OK,20,0.6,-7.9,9.88,0.07,STABLE,-8.2,-10.9,(0, 3, 1, 0),False,0.3,WARN(CAL),0.00,0.41,False,0.0,STOP_END
1769848433.361,35.860010,139.830930,OK,20,0.6,-7.9,11.66,1.85,SHAKE,-7.6,-11.1,(2, 3, 1, 0),False,0.0,WARN(CAL),0.00,-0.56,True,0.0,STOP_START
1769848434.389,35.860010,139.830928,OK,19,0.6,-8.0,8.61,1.19,SHAKE,-8.1,-10.3,(2, 3, 1, 0),False,0.2,WARN(CAL),0.00,-0.01,True,1.0,
1769848435.420,35.860010,139.830928,OK,19,0.6,-8.0,9.86,0.05,STABLE,-7.3,-10.2,(2, 3, 1, 0),False,0.0,WARN(CAL),0.00,-0.33,True,2.1,
1769848436.486,35.860008,139.830928,OK,19,0.6,-8.0,9.42,0.39,STABLE,-6.5,-9.6,(2, 3, 1, 0),False,0.2,WARN(CAL),0.00,-0.60,True,3.1,
1769848437.550,35.860010,139.830930,OK,19,0.6,-8.0,10.51,0.71,SHAKE,-5.6,-8.7,(2, 3, 1, 0),False,0.2,WARN(CAL),0.00,-0.19,True,4.2,
1769848438.641,35.860008,139.830930,OK,19,0.6,-8.0,9.87,0.07,STABLE,-5.6,-7.7,(2, 3, 1, 0),False,0.2,WARN(CAL),0.00,0.19,True,5.3,
1769848439.710,35.860008,139.830932,OK,19,0.6,-8.0,8.17,1.64,SHAKE,-4.6,-7.2,(2, 3, 1, 0),False,0.2,WARN(CAL),0.00,0.33,False,0.0,STOP_END
1769848440.781,35.860008,139.830930,OK,19,0.6,-8.0,13.42,3.61,IMPACT,-4.9,-7.6,(2, 3, 1, 0),False,0.2,WARN(CAL),0.00,1.37,True,0.0,STOP_START
1769848441.868,35.860010,139.830930,OK,19,0.6,-8.0,9.73,0.08,STABLE,-4.2,-6.6,(2, 3, 1, 0),False,0.2,WARN(CAL),0.00,-0.67,True,1.1,
1769848442.945,35.860010,139.830928,OK,19,0.6,-8.0,9.51,0.30,STABLE,-4.1,-6.3,(2, 3, 1, 0),False,0.2,WARN(CAL),0.00,-0.93,True,2.2,
1769848444.025,35.860010,139.830925,OK,19,0.6,-8.0,10.22,0.41,STABLE,-3.6,-6.1,(2, 3, 1, 0),False,0.3,WARN(CAL),0.00,-0.74,True,3.2,
1769848445.093,35.860012,139.830922,OK,20,0.6,-8.0,8.91,0.90,SHAKE,-3.8,-6.1,(2, 3, 1, 0),False,0.4,WARN(CAL),0.00,-0.61,True,4.3,
1769848446.172,35.860012,139.830918,OK,20,0.6,-8.0,9.66,0.15,STABLE,-4.1,-5.4,(2, 3, 1, 0),False,0.3,WARN(CAL),0.00,-0.47,True,5.4,
1769848447.260,35.860012,139.830915,OK,20,0.6,-8.0,9.43,0.38,STABLE,-3.7,-4.9,(2, 3, 1, 0),False,0.3,WARN(CAL),0.00,-0.51,True,6.5,
1769848448.290,35.860013,139.830912,OK,20,0.6,-8.0,9.57,0.24,STABLE,-3.9,-4.8,(2, 3, 1, 0),False,0.4,WARN(CAL),0.00,-0.51,True,7.5,
1769848449.319,35.860012,139.830912,OK,20,0.6,-8.0,10.34,0.53,SHAKE,-3.4,-4.5,(2, 3, 1, 0),False,0.2,WARN(CAL),0.00,-0.69,True,8.5,
1769848450.353,35.860013,139.830910,OK,19,0.7,-8.0,10.19,0.38,STABLE,-3.2,-3.7,(2, 3, 1, 0),False,0.2,WARN(CAL),0.00,-0.36,True,9.6,
1769848451.385,35.860013,139.830910,OK,19,0.7,-7.9,9.72,0.08,STABLE,-2.8,-4.2,(2, 3, 1, 0),False,0.0,WARN(CAL),0.00,-0.13,True,10.6,
1769848452.478,35.860012,139.830910,OK,19,0.7,-8.0,9.23,0.57,SHAKE,-2.5,-4.2,(2, 3, 1, 0),False,0.2,WARN(CAL),0.00,-0.18,True,11.7,
1769848453.513,35.860008,139.830897,OK,19,0.7,-7.9,9.61,0.20,STABLE,-3.1,-3.8,(2, 3, 1, 0),False,1.3,WARN(CAL),0.00,-0.67,True,12.7,
1769848454.537,35.860007,139.830867,OK,19,0.7,-7.9,10.07,0.27,STABLE,-3.5,-3.5,(2, 3, 1, 0),False,2.7,WARN(CAL),0.00,-0.53,True,13.8,
1769848455.571,35.860000,139.830830,OK,19,0.7,-7.8,9.57,0.23,STABLE,-2.1,-3.1,(2, 3, 1, 0),False,3.4,WARN(CAL),0.00,0.45,False,0.0,STOP_END
1769848456.605,35.859990,139.830775,OK,19,0.7,-7.8,10.11,0.30,STABLE,-2.6,-2.6,(0, 3, 1, 0),False,5.1,WARN(CAL),0.00,-1.07,True,0.0,STOP_START
1769848457.691,35.859977,139.830710,OK,19,0.7,-7.8,9.73,0.08,STABLE,-3.5,-2.6,(0, 3, 1, 0),False,6.0,WARN(CAL),0.00,-1.86,True,1.1,
1769848458.788,35.859963,139.830633,OK,19,0.7,-7.7,9.45,0.36,STABLE,-2.5,-2.5,(2, 3, 1, 0),False,7.1,WARN(CAL),0.00,-0.65,True,2.2,
1769848459.817,35.859952,139.830550,OK,19,0.7,-7.7,9.97,0.16,STABLE,-2.5,-2.4,(0, 3, 1, 0),False,7.6,WARN(CAL),0.00,-0.26,True,3.2,
1769848460.851,35.859935,139.830455,OK,19,0.7,-7.8,11.76,1.96,SHAKE,-2.1,-2.4,(2, 3, 1, 0),False,8.8,WARN(CAL),0.00,0.34,False,0.0,STOP_END
1769848461.881,35.859920,139.830352,OK,20,0.6,-7.7,11.03,1.22,SHAKE,-2.1,-2.3,(0, 3, 1, 0),False,9.5,WARN(CAL),0.00,-0.25,True,0.0,STOP_START
1769848462.910,35.859905,139.830248,OK,20,0.6,-7.8,11.23,1.42,SHAKE,-2.2,-2.2,(2, 3, 1, 0),False,9.5,WARN(CAL),0.00,0.00,True,1.0,
1769848463.999,35.859885,139.830140,OK,20,0.6,-7.4,9.49,0.31,STABLE,-1.4,-2.4,(2, 3, 1, 0),False,10.0,WARN(CAL),0.00,-1.05,True,2.1,
1769848465.034,35.859860,139.830028,OK,20,0.6,-7.3,10.00,0.19,STABLE,-1.2,-1.9,(2, 3, 1, 0),False,10.4,WARN(CAL),0.00,0.12,True,3.2,
1769848466.068,35.859835,139.829917,OK,20,0.6,-7.1,9.54,0.26,STABLE,-1.9,-1.7,(2, 3, 1, 0),False,10.4,WARN(CAL),0.00,-0.33,True,4.2,
1769848467.101,35.859818,139.829785,OK,19,0.6,-6.7,9.75,0.06,STABLE,-2.5,-1.8,(0, 3, 1, 0),False,12.0,WARN(CAL),0.00,0.09,True,5.2,
1769848468.128,35.859822,139.829695,OK,20,0.6,-6.6,9.65,0.16,STABLE,-2.1,-1.5,(2, 3, 1, 0),False,8.1,WARN(CAL),0.00,-0.28,True,6.2,
1769848469.211,35.859818,139.829607,OK,20,0.6,-6.7,10.06,0.25,STABLE,-1.3,-1.6,(2, 3, 1, 0),False,8.0,WARN(CAL),0.00,-0.22,True,7.3,
1769848470.241,35.859815,139.829522,OK,19,0.6,-6.3,10.47,0.67,SHAKE,-1.3,-1.1,(2, 3, 1, 0),False,7.7,WARN(CAL),0.00,-0.04,True,8.4,
1769848471.272,35.859812,139.829447,OK,20,0.6,-6.3,10.68,0.87,SHAKE,-1.1,-0.8,(0, 3, 1, 0),False,6.8,WARN(CAL),0.00,0.44,False,0.0,STOP_END
1769848472.304,35.859807,139.829380,OK,20,0.6,-6.0,9.77,0.03,STABLE,-1.4,2.2,(2, 3, 1, 0),False,6.0,WARN(CAL),0.00,-0.19,True,0.0,STOP_START
1769848473.332,35.859798,139.829310,OK,20,0.6,-5.9,9.83,0.02,STABLE,-0.8,3.4,(2, 3, 1, 0),False,6.4,WARN(CAL),0.00,-0.15,True,1.0,
1769848474.416,35.859788,139.829230,OK,20,0.6,-5.8,9.85,0.04,STABLE,-2.1,-3.4,(0, 3, 1, 0),False,7.3,WARN(CAL),0.00,-0.46,True,2.1,
1769848475.448,35.859777,139.829138,OK,20,0.6,-5.7,9.79,0.01,STABLE,-2.4,-5.1,(2, 3, 1, 0),False,8.4,WARN(CAL),0.00,-0.46,True,3.1,
1769848476.477,35.859762,139.829028,OK,19,0.6,-5.6,9.75,0.05,STABLE,-2.6,-5.4,(2, 3, 1, 0),False,10.1,WARN(CAL),0.00,-0.48,True,4.2,
1769848477.509,35.859747,139.828905,OK,21,0.6,-5.2,9.75,0.05,STABLE,-2.6,-5.4,(2, 3, 1, 0),False,11.2,WARN(CAL),0.00,-0.45,True,5.2,
1769848478.541,35.859728,139.828773,OK,21,0.6,-4.9,9.76,0.05,STABLE,-2.6,-5.4,(2, 3, 1, 0),False,12.0,WARN(CAL),0.00,-0.45,True,6.2,
1769848479.625,35.859710,139.828632,OK,21,0.6,-4.6,9.81,0.00,STABLE,-2.6,-5.4,(0, 3, 1, 0),False,12.9,WARN(CAL),0.00,-0.46,True,7.3,
1769848480.704,35.859690,139.828485,OK,20,0.6,-4.2,9.74,0.06,STABLE,-2.6,-5.4,(2, 3, 1, 0),False,13.4,WARN(CAL),0.00,-0.46,True,8.4,
1769848481.781,35.859667,139.828338,OK,20,0.6,-4.0,9.78,0.03,STABLE,-2.6,-5.4,(2, 3, 1, 0),False,13.5,WARN(CAL),0.00,-0.46,True,9.5,
1769848482.866,35.859640,139.828188,OK,20,0.6,-3.9,9.81,0.00,STABLE,-2.6,-5.4,(2, 3, 1, 0),False,13.8,WARN(CAL),0.00,-0.47,True,10.6,
1769848483.899,35.859610,139.828037,OK,20,0.6,-5.0,9.75,0.06,STABLE,-2.6,-5.4,(2, 3, 1, 0),False,14.1,WARN(CAL),0.00,-0.45,True,11.6,
1769848484.941,35.859593,139.827888,OK,20,0.6,-4.5,9.79,0.02,STABLE,-2.6,-5.4,(2, 3, 1, 0),False,13.5,WARN(CAL),0.00,-0.45,True,12.6,
1769848485.967,35.859572,139.827745,OK,20,0.6,-5.3,9.77,0.04,STABLE,-2.6,-5.4,(2, 3, 1, 0),False,13.1,WARN(CAL),0.00,-0.44,True,13.7,
1769848486.999,35.859538,139.827590,OK,20,0.6,-5.2,9.77,0.04,STABLE,-2.6,-5.4,(2, 3, 1, 0),False,14.5,WARN(CAL),0.00,-0.44,True,14.7,
1769848488.075,35.859525,139.827468,OK,20,0.6,-5.1,9.77,0.04,STABLE,-2.6,-5.4,(2, 3, 1, 0),False,11.1,WARN(CAL),0.00,-0.45,True,15.8,
1769848489.117,35.859503,139.827348,OK,20,0.6,-4.2,9.74,0.07,STABLE,-2.6,-5.4,(2, 3, 1, 0),False,11.1,WARN(CAL),0.00,-0.45,True,16.8,
1769848490.151,35.859488,139.827237,OK,20,0.6,-3.8,9.76,0.05,STABLE,-2.6,-5.4,(0, 3, 1, 0),False,10.2,WARN(CAL),0.00,-0.47,True,17.8,
1769848491.181,35.859470,139.827120,OK,19,0.6,-3.7,9.75,0.06,STABLE,-2.6,-5.4,(2, 3, 1, 0),False,10.7,WARN(CAL),0.00,-0.43,True,18.9,
1769848492.217,35.859462,139.827025,OK,19,0.6,-3.4,9.78,0.03,STABLE,-2.6,-5.4,(2, 3, 1, 0),False,8.6,WARN(CAL),0.00,-0.47,True,19.9,
1769848493.292,35.859455,139.826955,OK,19,0.7,-3.2,9.75,0.06,STABLE,-2.6,-5.4,(2, 3, 1, 0),False,6.4,WARN(CAL),0.00,-0.47,True,21.0,
1769848494.387,35.859445,139.826893,OK,19,0.7,-3.3,9.79,0.01,STABLE,-2.6,-5.4,(2, 3, 1, 0),False,5.7,WARN(CAL),0.00,-0.45,True,22.1,
1769848495.411,35.859438,139.826837,OK,18,0.7,-3.1,9.78,0.03,STABLE,-2.6,-5.4,(2, 3, 1, 0),False,5.2,WARN(CAL),0.00,-0.46,True,23.1,
1769848496.443,35.859432,139.826788,OK,19,0.7,-3.3,9.76,0.05,STABLE,-2.6,-5.4,(2, 3, 1, 0),False,4.4,WARN(CAL),0.00,-0.44,True,24.1,
1769848497.477,35.859423,139.826753,OK,19,0.7,-3.9,9.77,0.04,STABLE,-2.6,-5.4,(0, 3, 1, 0),False,3.3,WARN(CAL),0.00,-0.47,True,25.2,
1769848498.507,35.859417,139.826730,OK,20,0.6,-4.1,9.75,0.06,STABLE,-2.6,-5.4,(2, 3, 1, 0),False,2.2,WARN(CAL),0.00,-0.44,True,26.2,
1769848499.593,35.859412,139.826718,OK,20,0.7,-4.2,9.77,0.03,STABLE,-2.6,-5.4,(2, 3, 1, 0),False,1.2,WARN(CAL),0.00,-0.44,True,27.3,
1769848500.668,35.859410,139.826707,OK,20,0.6,-4.6,9.77,0.04,STABLE,-2.6,-5.4,(0, 3, 1, 0),False,1.1,WARN(CAL),0.00,-0.44,True,28.4,
1769848501.737,35.859410,139.826700,OK,20,0.6,-4.7,9.77,0.04,STABLE,-2.6,-5.4,(0, 3, 1, 0),False,0.6,WARN(CAL),0.00,-0.46,True,29.4,
1769848502.821,35.859410,139.826700,OK,20,0.6,-4.8,9.71,0.09,STABLE,-2.6,-5.4,(2, 3, 1, 0),False,0.0,WARN(CAL),0.00,-0.44,True,30.5,
1769848503.849,35.859412,139.826700,OK,20,0.6,-4.7,9.74,0.07,STABLE,-2.6,-5.4,(2, 3, 1, 0),False,0.2,WARN(CAL),0.00,-0.47,True,31.5,
1769848504.881,35.859413,139.826700,OK,19,0.6,-4.6,9.77,0.04,STABLE,-2.6,-5.4,(2, 3, 1, 0),False,0.2,WARN(CAL),0.00,-0.46,True,32.6,
1769848505.916,35.859412,139.826698,OK,19,0.6,-4.7,9.79,0.02,STABLE,-2.6,-5.4,(2, 3, 1, 0),False,0.2,WARN(CAL),0.00,-0.46,True,33.6,
1769848506.940,35.859413,139.826698,OK,19,0.6,-4.7,9.79,0.01,STABLE,-2.6,-5.4,(2, 3, 1, 0),False,0.2,WARN(CAL),0.00,-0.43,True,34.6,
1769848508.024,35.859355,139.826297,OK,19,0.6,-5.3,9.77,0.04,STABLE,-2.6,-5.4,(2, 3, 1, 0),False,36.8,WARN(CAL),0.00,-0.49,True,35.7,
1769848509.046,35.859347,139.826252,OK,18,0.7,-5.4,9.74,0.07,STABLE,-2.6,-5.4,(2, 3, 1, 0),False,4.2,WARN(CAL),0.00,-0.45,True,36.7,
1769848510.081,35.859338,139.826195,OK,19,0.7,-5.6,9.75,0.06,STABLE,-2.6,-5.4,(2, 3, 1, 0),False,5.2,WARN(CAL),0.00,-0.46,True,37.8,
1769848511.113,35.859327,139.826132,OK,18,0.7,-5.6,9.77,0.04,STABLE,-2.6,-5.4,(0, 3, 1, 0),False,5.9,WARN(CAL),0.00,-0.47,True,38.8,
1769848512.143,35.859318,139.826068,OK,19,0.6,-5.8,9.79,0.02,STABLE,-2.6,-5.4,(0, 3, 1, 0),False,5.8,WARN(CAL),0.00,-0.49,True,39.8,
1769848513.239,35.859307,139.826020,OK,19,0.6,-6.1,9.76,0.05,STABLE,-2.6,-5.4,(2, 3, 1, 0),False,4.5,WARN(CAL),0.00,-0.46,True,40.9,
1769848514.267,35.859297,139.825970,OK,19,0.6,-5.9,9.82,0.01,STABLE,-2.9,-7.2,(2, 3, 1, 0),False,4.6,WARN(CAL),0.00,-0.63,True,42.0,
1769848515.294,35.859282,139.825933,OK,19,0.6,-6.0,10.07,0.26,STABLE,-4.2,-13.6,(2, 3, 1, 0),False,3.7,WARN(CAL),0.00,-0.83,True,43.0,
1769848516.330,35.859263,139.825907,OK,20,0.6,-6.2,9.43,0.38,STABLE,-3.8,-13.6,(2, 3, 1, 0),False,3.2,WARN(CAL),0.00,-0.98,True,44.0,
1769848517.357,35.859237,139.825892,OK,20,0.6,-6.4,9.30,0.51,SHAKE,-3.2,-13.2,(2, 3, 1, 0),False,3.3,WARN(CAL),0.00,-0.84,True,45.1,
1769848518.436,35.859200,139.825887,OK,20,0.6,-6.5,9.50,0.31,STABLE,-3.8,-14.4,(2, 3, 1, 0),False,4.1,WARN(CAL),0.00,-0.81,True,46.1,
1769848519.515,35.859152,139.825887,OK,20,0.6,-6.8,10.09,0.28,STABLE,-3.2,-13.4,(2, 3, 1, 0),False,5.4,WARN(CAL),0.00,-1.29,True,47.2,
1769848520.577,35.859078,139.825897,OK,20,0.6,-7.2,9.65,0.15,STABLE,-2.0,-10.8,(2, 3, 1, 0),False,8.2,WARN(CAL),0.00,-0.72,True,48.3,
1769848521.661,35.858988,139.825910,OK,19,0.7,-7.2,9.82,0.01,STABLE,-3.1,-10.4,(2, 3, 1, 0),False,10.1,WARN(CAL),0.00,0.78,False,0.0,STOP_END
1769848522.692,35.858892,139.825922,OK,19,0.6,-7.4,10.11,0.30,STABLE,-2.1,-10.8,(2, 3, 1, 0),False,10.8,WARN(CAL),0.00,-2.45,True,0.0,STOP_START
1769848523.719,35.858778,139.825938,OK,19,0.7,-8.8,9.74,0.07,STABLE,-2.4,-9.8,(0, 3, 1, 0),False,12.7,WARN(CAL),0.00,-1.96,True,1.0,
1769848524.752,35.858660,139.825957,OK,19,0.7,-6.8,10.14,0.34,STABLE,-0.6,-9.2,(2, 3, 1, 0),False,13.3,WARN(CAL),0.00,0.36,False,0.0,STOP_END
1769848525.778,35.858545,139.825963,OK,18,0.7,-7.6,9.83,0.02,STABLE,-1.1,-9.1,(2, 3, 1, 0),False,12.8,WARN(CAL),0.00,-0.37,True,0.0,STOP_START
1769848526.868,35.858433,139.826003,OK,18,0.7,-6.5,10.15,0.35,STABLE,-0.4,-8.3,(2, 3, 1, 0),False,12.9,WARN(CAL),0.00,-0.55,True,1.1,
1769848527.945,35.858327,139.826010,OK,17,0.7,-6.7,9.71,0.10,STABLE,-0.1,-7.9,(0, 3, 1, 0),False,11.9,WARN(CAL),0.00,-0.12,True,2.2,
1769848529.021,35.858213,139.826018,OK,18,0.7,-6.5,9.28,0.53,SHAKE,0.1,-7.3,(0, 3, 1, 0),False,12.6,WARN(CAL),0.00,-0.68,True,3.2,
1769848530.108,35.858107,139.826032,OK,18,0.7,-6.1,10.86,1.06,SHAKE,-0.4,-6.2,(0, 3, 1, 0),False,11.9,WARN(CAL),0.00,-0.61,True,4.3,
1769848531.200,35.858000,139.826032,OK,18,0.7,-6.3,8.95,0.85,SHAKE,-0.2,-6.1,(2, 3, 1, 0),False,11.9,WARN(CAL),0.00,-0.72,True,5.4,
1769848532.230,35.857895,139.826035,OK,18,0.7,-6.2,10.44,0.64,SHAKE,0.2,-5.1,(2, 3, 1, 0),False,11.7,WARN(CAL),0.00,-0.40,True,6.5,
1769848533.264,35.857810,139.826063,OK,19,0.7,-5.8,9.18,0.63,SHAKE,0.8,-4.9,(2, 3, 1, 0),False,9.8,WARN(CAL),0.00,0.26,True,7.5,
1769848534.298,35.857717,139.826075,OK,19,0.7,-5.8,11.09,1.29,SHAKE,1.4,-4.8,(2, 3, 1, 0),False,10.4,WARN(CAL),0.00,0.90,False,0.0,STOP_END
1769848535.333,35.857643,139.826082,OK,18,0.7,-5.5,8.00,1.81,SHAKE,2.1,-4.8,(2, 3, 1, 0),False,8.2,WARN(CAL),0.00,1.18,True,0.0,STOP_START
1769848536.416,35.857577,139.826092,OK,16,0.7,-5.5,10.05,0.25,STABLE,2.1,-5.4,(2, 3, 1, 0),False,7.5,WARN(CAL),0.00,0.01,True,1.1,
1769848537.503,35.857508,139.826093,OK,17,0.7,-5.1,11.40,1.60,SHAKE,2.8,-5.0,(2, 3, 1, 0),False,7.6,WARN(CAL),0.00,0.78,False,0.0,STOP_END
1769848538.559,35.857442,139.826097,OK,15,0.8,-4.8,9.87,0.06,STABLE,2.6,-4.6,(2, 3, 1, 0),False,7.4,WARN(CAL),0.00,-0.24,True,0.0,STOP_START
1769848539.646,35.857380,139.826103,OK,17,0.7,-4.5,9.27,0.53,SHAKE,2.6,-3.0,(0, 3, 1, 0),False,6.9,WARN(CAL),0.00,0.00,True,1.1,
1769848540.728,35.857328,139.826108,OK,16,0.7,-4.0,10.11,0.30,STABLE,2.0,-2.0,(2, 3, 1, 0),False,5.8,WARN(CAL),0.00,-0.35,True,2.2,
1769848541.819,35.857285,139.826115,OK,17,0.7,-4.1,10.52,0.72,SHAKE,0.4,-0.1,(2, 3, 1, 0),False,4.9,WARN(CAL),0.00,-0.67,True,3.3,
1769848542.897,35.857247,139.826118,OK,16,0.7,-3.8,9.43,0.38,STABLE,-6.0,-1.8,(2, 3, 1, 0),False,4.3,WARN(CAL),0.00,-1.66,True,4.3,
1769848543.972,35.857215,139.826117,OK,17,0.7,-3.3,9.48,0.33,STABLE,-12.4,-3.0,(2, 3, 1, 0),False,3.5,WARN(CAL),0.00,-3.06,True,5.4,
1769848545.064,35.857193,139.826108,OK,17,0.7,-2.3,10.21,0.40,STABLE,-11.6,-10.2,(0, 3, 0, 0),False,2.5,WARN(CAL),0.00,-2.46,True,6.5,
1769848546.147,35.857177,139.826100,OK,17,0.7,-1.5,9.85,0.04,STABLE,-8.4,-12.5,(2, 3, 0, 0),False,2.0,WARN(CAL),0.00,-0.90,True,7.6,
1769848547.225,35.857162,139.826097,OK,17,0.7,-0.9,10.26,0.46,STABLE,-7.9,-12.2,(2, 3, 0, 0),False,1.7,WARN(CAL),0.00,-0.22,True,8.7,
1769848548.307,35.857150,139.826095,OK,17,0.7,-0.4,9.93,0.13,STABLE,-7.6,-12.4,(2, 3, 0, 0),False,1.3,WARN(CAL),0.00,1.57,False,0.0,STOP_END
1769848549.396,35.857133,139.826098,OK,20,0.6,0.0,9.45,0.36,STABLE,-6.8,-11.9,(2, 3, 0, 0),False,1.9,WARN(CAL),0.00,0.11,True,0.0,STOP_START
1769848550.427,35.857113,139.826102,OK,20,0.6,0.6,10.23,0.42,STABLE,-5.9,-10.6,(2, 3, 0, 0),False,2.2,WARN(CAL),0.00,2.12,False,0.0,STOP_END
1769848551.456,35.857093,139.826102,OK,19,0.6,0.3,10.55,0.75,SHAKE,-5.3,-9.4,(2, 3, 0, 0),False,2.2,WARN(CAL),0.00,1.78,True,0.0,STOP_START
1769848552.492,35.857068,139.826100,OK,20,0.6,0.5,9.62,0.19,STABLE,-5.7,-7.4,(2, 3, 0, 0),False,2.8,WARN(CAL),0.00,2.01,False,0.0,STOP_END
1769848553.526,35.857037,139.826092,OK,20,0.6,0.8,9.92,0.12,STABLE,-5.0,-5.8,(2, 3, 0, 0),False,3.6,WARN(CAL),0.00,0.37,True,0.0,STOP_START
1769848554.595,35.857005,139.826083,OK,21,0.6,1.0,10.53,0.72,SHAKE,-4.4,-5.9,(2, 3, 0, 0),False,3.6,WARN(CAL),0.00,-0.93,True,1.1,
1769848555.632,35.856963,139.826080,OK,21,0.6,1.2,9.46,0.35,STABLE,-4.1,-5.2,(2, 3, 0, 0),False,4.6,WARN(CAL),0.00,-0.69,True,2.1,
1769848556.667,35.856918,139.826073,OK,20,0.6,1.1,8.99,0.82,SHAKE,-4.8,-5.5,(2, 3, 0, 0),False,5.0,WARN(CAL),0.00,-0.63,True,3.1,
1769848557.699,35.856872,139.826068,OK,20,0.6,1.0,10.53,0.73,SHAKE,-4.1,-4.9,(2, 3, 0, 0),False,5.2,WARN(CAL),0.00,-0.44,True,4.2,
1769848558.735,35.856823,139.826063,OK,20,0.6,1.5,11.25,1.44,SHAKE,-3.5,-4.8,(2, 3, 0, 0),False,5.4,WARN(CAL),0.00,0.64,False,0.0,STOP_END
1769848559.822,35.856767,139.826055,OK,20,0.6,1.9,10.31,0.51,SHAKE,-4.0,-4.1,(2, 3, 0, 0),False,6.3,WARN(CAL),0.00,-0.44,True,0.0,STOP_START
1769848560.921,35.856707,139.826048,OK,19,0.7,2.2,8.75,1.05,SHAKE,-3.8,-4.6,(2, 3, 0, 0),False,6.7,WARN(CAL),0.00,-0.33,True,1.1,
1769848562.008,35.856642,139.826040,OK,18,0.7,2.5,9.41,0.40,STABLE,-2.4,-2.7,(2, 3, 0, 0),False,7.3,WARN(CAL),0.00,-0.47,True,2.2,
1769848563.042,35.856577,139.826032,OK,18,0.7,2.7,9.84,0.03,STABLE,-2.0,-2.4,(2, 3, 0, 0),False,7.3,WARN(CAL),0.00,-0.25,True,3.2,
1769848564.073,35.856512,139.826022,OK,18,0.7,2.7,9.60,0.21,STABLE,-1.8,-2.9,(2, 3, 0, 0),False,7.3,WARN(CAL),0.00,-0.41,True,4.3,
1769848565.098,35.856442,139.826012,OK,19,0.7,3.3,9.36,0.44,STABLE,-1.2,-2.2,(2, 3, 0, 0),False,7.8,WARN(CAL),0.00,-0.20,True,5.3,
1769848566.129,35.856367,139.826005,OK,19,0.7,3.7,9.89,0.09,STABLE,-1.7,-4.8,(2, 3, 0, 0),False,8.4,WARN(CAL),0.00,-0.40,True,6.3,
1769848567.225,35.856288,139.826000,OK,19,0.7,4.5,9.69,0.12,STABLE,-1.9,-5.8,(2, 3, 0, 0),False,8.7,WARN(CAL),0.00,-0.25,True,7.4,
1769848568.319,35.856208,139.825998,OK,18,0.7,4.8,9.66,0.14,STABLE,-2.0,-6.2,(2, 3, 0, 0),False,8.9,WARN(CAL),0.00,-0.37,True,8.5,
1769848569.351,35.856145,139.825990,OK,18,0.7,5.1,9.70,0.11,STABLE,-2.0,-6.4,(0, 3, 0, 0),False,7.1,WARN(CAL),0.00,-0.37,True,9.5,
1769848570.382,35.856070,139.825988,OK,19,0.7,4.8,9.79,0.02,STABLE,-2.6,-9.4,(2, 3, 0, 0),False,8.3,WARN(CAL),0.00,-0.50,True,10.6,
1769848571.411,35.856002,139.825993,OK,18,0.7,4.2,10.01,0.21,STABLE,-3.2,-12.7,(2, 3, 0, 0),False,7.6,WARN(CAL),0.00,-0.57,True,11.6,
1769848572.444,35.855935,139.825995,OK,19,0.7,4.0,10.20,0.39,STABLE,-3.1,-12.6,(2, 3, 0, 0),False,7.4,WARN(CAL),0.00,-0.81,True,12.6,
1769848573.536,35.855867,139.826000,OK,19,0.7,3.4,9.25,0.55,SHAKE,-2.8,-12.1,(2, 3, 0, 0),False,7.6,WARN(CAL),0.00,-0.31,True,13.7,
1769848574.598,35.855802,139.826007,OK,19,0.7,3.0,11.23,1.42,SHAKE,-2.0,-10.8,(2, 3, 0, 0),False,7.3,WARN(CAL),0.00,-0.98,True,14.8,
1769848575.676,35.855745,139.826012,OK,19,0.7,2.9,9.96,0.16,STABLE,-2.2,-11.4,(2, 3, 0, 0),False,6.3,WARN(CAL),0.00,-0.70,True,15.9,
1769848576.706,35.855700,139.826017,OK,19,0.7,3.1,10.21,0.40,STABLE,-1.8,-9.6,(2, 3, 0, 0),False,5.0,WARN(CAL),0.00,-0.76,True,16.9,
1769848577.735,35.855665,139.826018,OK,20,0.7,2.9,16.25,6.44,IMPACT,-1.8,-11.1,(2, 3, 0, 0),False,3.9,WARN(CAL),0.00,-0.90,True,17.9,
1769848578.772,35.855633,139.825998,OK,19,0.7,3.4,10.02,0.21,STABLE,-1.2,-9.2,(3, 3, 0, 0),False,4.0,WARN(CAL),0.00,-0.43,True,19.0,
1769848579.798,35.855613,139.825960,OK,19,0.7,3.7,9.90,0.09,STABLE,-0.9,-4.8,(3, 3, 0, 0),False,4.1,WARN(CAL),0.00,-0.14,True,20.0,
1769848580.887,35.855593,139.825900,OK,20,0.7,3.3,9.89,0.09,STABLE,-0.8,-4.0,(3, 3, 0, 0),False,5.8,WARN(CAL),0.00,-0.14,True,21.1,
1769848581.964,35.855575,139.825823,OK,20,0.7,3.3,9.38,0.42,STABLE,-0.9,-4.2,(2, 3, 0, 0),False,7.2,WARN(CAL),0.00,-0.34,True,22.1,
1769848583.040,35.855558,139.825737,OK,20,0.7,3.2,8.95,0.86,SHAKE,-0.9,-4.7,(2, 3, 0, 0),False,8.0,WARN(CAL),0.00,0.02,True,23.2,
1769848584.121,35.855543,139.825642,OK,20,0.7,2.9,9.25,0.55,SHAKE,-0.7,-4.3,(2, 3, 0, 0),False,8.7,WARN(CAL),0.00,-0.17,True,24.3,
1769848585.195,35.855530,139.825535,OK,19,0.7,2.8,9.70,0.10,STABLE,-0.9,-4.6,(2, 3, 0, 0),False,9.7,WARN(CAL),0.00,-0.26,True,25.4,
1769848586.265,35.855512,139.825423,OK,19,0.7,2.5,9.71,0.10,STABLE,-0.9,-3.8,(2, 3, 0, 0),False,10.3,WARN(CAL),0.00,-0.17,True,26.4,
1769848587.355,35.855495,139.825308,OK,19,0.7,2.7,9.75,0.05,STABLE,-1.0,-3.9,(2, 3, 0, 0),False,10.5,WARN(CAL),0.00,-0.23,True,27.5,
1769848588.444,35.855482,139.825202,OK,20,0.7,2.3,9.69,0.11,STABLE,-1.0,-3.9,(2, 3, 0, 0),False,9.7,WARN(CAL),0.00,-0.24,True,28.6,
1769848589.512,35.855473,139.825110,OK,19,0.7,1.8,9.75,0.06,STABLE,-1.6,-5.9,(2, 3, 0, 0),False,8.3,WARN(CAL),0.00,-0.33,True,29.7,
1769848590.590,35.855470,139.825025,OK,19,0.7,1.3,9.72,0.09,STABLE,-2.1,-7.9,(2, 3, 0, 0),False,7.7,WARN(CAL),0.00,-0.43,True,30.8,
1769848591.675,35.855467,139.824960,OK,19,0.7,-0.2,9.70,0.10,STABLE,-2.6,-10.2,(2, 3, 0, 0),False,5.9,WARN(CAL),0.00,-0.52,True,31.9,
1769848592.745,35.855463,139.824903,OK,19,0.7,-0.4,9.53,0.27,STABLE,-2.9,-11.4,(3, 3, 0, 0),False,5.1,WARN(CAL),0.00,-0.59,True,32.9,
1769848593.826,35.855453,139.824860,OK,19,0.7,-0.6,9.53,0.28,STABLE,-3.6,-15.8,(2, 3, 0, 0),False,4.1,WARN(CAL),0.00,-0.74,True,34.0,
1769848594.920,35.855425,139.824828,OK,20,0.7,-0.5,10.25,0.44,STABLE,-2.8,-15.3,(2, 3, 0, 0),False,4.3,WARN(CAL),0.00,-0.66,True,35.1,
1769848596.008,35.855388,139.824785,OK,19,0.7,-1.1,10.05,0.25,STABLE,-2.8,-15.2,(3, 3, 0, 0),False,5.6,WARN(CAL),0.00,-0.87,True,36.2,
1769848597.044,35.855335,139.824745,OK,19,0.7,-1.0,8.08,1.72,SHAKE,-2.5,-14.2,(2, 3, 0, 0),False,6.9,WARN(CAL),0.00,-1.85,True,37.2,
1769848598.072,35.855275,139.824677,OK,19,0.8,-1.0,9.65,0.15,STABLE,-2.7,-15.2,(2, 3, 0, 0),False,9.1,WARN(CAL),0.00,-0.95,True,38.2,
1769848599.105,35.855203,139.824580,OK,17,0.8,-1.2,9.58,0.23,STABLE,-2.5,-15.2,(2, 3, 0, 0),False,11.8,WARN(CAL),0.00,-0.80,True,39.3,
1769848600.140,35.855123,139.824460,OK,17,0.8,-2.0,9.19,0.62,SHAKE,-2.7,-14.8,(2, 3, 0, 0),False,14.0,WARN(CAL),0.00,-0.58,True,40.3,
1769848601.228,35.855038,139.824303,OK,16,0.8,-2.6,9.99,0.19,STABLE,-2.2,-13.2,(3, 3, 0, 0),False,17.0,WARN(CAL),0.00,-0.17,True,41.4,
1769848602.265,35.854963,139.824152,OK,16,0.8,-2.8,10.08,0.27,STABLE,-2.2,-11.8,(2, 3, 0, 0),False,16.0,WARN(CAL),0.00,-0.31,True,42.4,
1769848603.295,35.854892,139.824012,OK,17,0.7,-3.2,10.72,0.92,SHAKE,-1.3,-12.0,(2, 3, 0, 0),False,14.9,WARN(CAL),0.00,-0.40,True,43.5,
1769848604.326,35.854813,139.823898,OK,17,0.7,-3.2,9.36,0.45,STABLE,-2.4,-11.6,(3, 3, 0, 0),False,13.4,WARN(CAL),0.00,0.03,True,44.5,
1769848605.354,35.854745,139.823800,OK,18,0.7,-3.1,10.01,0.20,STABLE,-1.7,-11.4,(2, 3, 0, 0),False,11.7,WARN(CAL),0.00,-0.11,True,45.5,
1769848606.440,35.854682,139.823683,OK,18,0.7,-1.9,9.34,0.46,STABLE,-1.4,-11.4,(3, 3, 0, 0),False,12.7,WARN(CAL),0.00,0.05,True,46.6,
1769848607.534,35.854625,139.823577,OK,20,0.7,-1.9,10.56,0.75,SHAKE,-2.4,-11.4,(2, 3, 0, 0),False,11.5,WARN(CAL),0.00,-0.18,True,47.7,
1769848608.573,35.854575,139.823468,OK,20,0.6,-2.5,10.47,0.66,SHAKE,-2.3,-11.2,(2, 3, 0, 0),False,11.2,WARN(CAL),0.00,0.26,True,48.8,
1769848609.602,35.854522,139.823357,OK,21,0.6,-3.0,9.43,0.37,STABLE,-2.8,-11.3,(2, 3, 0, 0),False,11.7,WARN(CAL),0.00,-0.12,True,49.8,
1769848610.631,35.854470,139.823250,OK,21,0.6,-4.2,8.03,1.78,SHAKE,-3.4,-10.1,(2, 3, 0, 0),False,11.2,WARN(CAL),0.00,-0.74,True,50.8,
1769848611.664,35.854423,139.823143,OK,21,0.6,-5.0,10.19,0.39,STABLE,-2.8,-8.0,(2, 3, 0, 0),False,10.9,WARN(CAL),0.00,-0.43,True,51.8,
1769848612.755,35.854368,139.823042,OK,21,0.6,-5.5,10.31,0.51,SHAKE,-1.5,-7.3,(3, 3, 0, 0),False,11.0,WARN(CAL),0.00,0.28,True,52.9,
1769848613.837,35.854315,139.822938,OK,21,0.6,-4.9,9.48,0.33,STABLE,0.1,-5.6,(3, 3, 0, 0),False,11.0,WARN(CAL),0.00,0.25,True,54.0,
1769848614.911,35.854263,139.822837,OK,20,0.7,-4.4,8.88,0.92,SHAKE,-0.1,-5.2,(2, 3, 0, 0),False,10.8,WARN(CAL),0.00,0.05,True,55.1,
1769848616.006,35.854212,139.822733,OK,20,0.7,-4.2,11.23,1.42,SHAKE,0.2,-3.6,(2, 3, 0, 0),False,10.9,WARN(CAL),0.00,-0.49,True,56.2,
1769848617.098,35.854158,139.822630,OK,19,0.7,-4.0,9.84,0.03,STABLE,0.0,-3.5,(2, 3, 0, 0),False,11.0,WARN(CAL),0.00,-0.23,True,57.3,
1769848618.130,35.854108,139.822525,OK,19,0.7,-3.9,9.70,0.11,STABLE,-0.1,-3.2,(2, 3, 0, 0),False,11.0,WARN(CAL),0.00,-0.25,True,58.3,
1769848619.156,35.854055,139.822423,OK,19,0.7,-3.9,9.63,0.17,STABLE,-0.9,-2.5,(3, 3, 0, 0),False,10.9,WARN(CAL),0.00,0.56,False,0.0,STOP_END
1769848620.181,35.853995,139.822332,OK,19,0.7,-4.1,9.13,0.67,SHAKE,0.8,-5.2,(0, 3, 0, 0),False,10.6,WARN(CAL),0.00,1.45,True,0.0,STOP_START
1769848621.210,35.853937,139.822235,OK,19,0.7,-3.9,11.02,1.21,SHAKE,1.2,-6.8,(2, 3, 0, 0),False,10.9,WARN(CAL),0.00,1.58,False,0.0,STOP_END
1769848622.295,35.853890,139.822138,OK,19,0.7,-3.6,9.73,0.08,STABLE,4.4,-12.2,(2, 3, 0, 0),False,10.1,WARN(CAL),0.00,1.14,True,0.0,STOP_START
1769848623.329,35.853843,139.822040,OK,19,0.7,-3.0,9.72,0.09,STABLE,1.9,-14.6,(2, 3, 0, 0),False,10.3,WARN(CAL),0.00,-0.31,True,1.0,
1769848624.361,35.853793,139.821943,OK,19,0.7,-2.7,9.85,0.04,STABLE,-0.2,-14.8,(2, 3, 0, 0),False,10.3,WARN(CAL),0.00,-0.44,True,2.1,
1769848625.388,35.853750,139.821845,OK,19,0.7,-2.1,9.14,0.67,SHAKE,-1.1,-14.4,(2, 3, 0, 0),False,10.1,WARN(CAL),0.00,-0.73,True,3.1,
1769848626.419,35.853710,139.821745,OK,19,0.7,-2.6,9.74,0.07,STABLE,-1.7,-14.0,(2, 3, 0, 0),False,10.1,WARN(CAL),0.00,0.45,False,0.0,STOP_END
1769848627.504,35.853663,139.821643,OK,19,0.7,-2.2,8.24,1.57,SHAKE,-1.6,-13.6,(2, 3, 0, 0),False,10.5,WARN(CAL),0.00,-0.34,True,0.0,STOP_START
1769848628.566,35.853615,139.821540,OK,18,0.7,-1.8,9.92,0.11,STABLE,-1.9,-13.8,(2, 3, 0, 0),False,10.8,WARN(CAL),0.00,-0.73,True,1.1,
1769848629.651,35.853563,139.821437,OK,17,0.7,-1.8,9.96,0.15,STABLE,-1.6,-13.8,(2, 3, 0, 0),False,10.9,WARN(CAL),0.00,-0.71,True,2.1,
1769848630.731,35.853513,139.821327,OK,17,0.7,-2.3,10.23,0.42,STABLE,-3.6,-12.6,(2, 3, 0, 0),False,11.4,WARN(CAL),0.00,-1.68,True,3.2,
1769848631.768,35.853460,139.821210,OK,15,0.8,-2.5,8.50,1.30,SHAKE,-3.8,-11.6,(2, 3, 0, 0),False,12.1,WARN(CAL),0.00,-0.96,True,4.3,
1769848632.797,35.853413,139.821108,OK,16,0.7,-2.5,9.65,0.16,STABLE,-4.1,-9.8,(2, 3, 0, 0),False,10.5,WARN(CAL),0.00,-0.85,True,5.3,
1769848633.831,35.853355,139.821005,OK,17,0.7,-3.8,9.86,0.06,STABLE,-4.6,-8.0,(2, 3, 0, 0),False,11.3,WARN(CAL),0.00,-1.11,True,6.3,
1769848634.861,35.853305,139.820907,OK,18,0.7,-3.8,9.51,0.30,STABLE,-4.6,-8.0,(2, 3, 0, 0),False,10.5,WARN(CAL),0.00,-0.95,True,7.4,
1769848635.939,35.853255,139.820800,OK,18,0.7,-3.5,9.67,0.14,STABLE,-5.1,-7.9,(2, 3, 0, 0),False,11.1,WARN(CAL),0.00,-0.63,True,8.4,
1769848637.018,35.853200,139.820698,OK,20,0.7,-3.0,9.57,0.23,STABLE,-5.6,-6.9,(2, 3, 0, 0),False,11.0,WARN(CAL),0.00,-0.84,True,9.5,
1769848638.104,35.853148,139.820595,OK,20,0.7,-2.8,9.52,0.28,STABLE,-6.4,-6.8,(2, 3, 0, 0),False,10.9,WARN(CAL),0.00,-1.46,True,10.6,
1769848639.196,35.853105,139.820507,OK,20,0.6,-2.7,9.98,0.17,STABLE,-6.4,-7.6,(2, 3, 0, 0),False,9.3,WARN(CAL),0.00,-1.46,True,11.7,
1769848640.284,35.853067,139.820433,OK,20,0.7,-2.2,10.01,0.20,STABLE,-6.6,-7.6,(2, 3, 0, 0),False,7.9,WARN(CAL),0.00,-1.08,True,12.8,
1769848641.368,35.853042,139.820365,OK,19,0.7,-1.9,10.14,0.33,STABLE,-5.0,-7.5,(2, 3, 0, 0),False,6.8,WARN(CAL),0.00,-0.24,True,13.9,
1769848642.446,35.853010,139.820313,OK,20,0.6,-1.6,10.40,0.59,SHAKE,-3.9,-7.5,(2, 3, 0, 0),False,5.8,WARN(CAL),0.00,-0.27,True,14.9,
1769848643.526,35.852995,139.820290,OK,17,0.8,-1.1,9.66,0.14,STABLE,-3.4,-7.1,(0, 3, 0, 0),False,2.7,WARN(CAL),0.00,-0.35,True,16.0,
1769848644.550,35.852985,139.820288,OK,17,0.8,-0.7,10.23,0.42,STABLE,-4.3,-6.6,(2, 3, 0, 0),False,1.1,WARN(CAL),0.00,-1.68,True,17.0,
1769848645.586,35.852987,139.820297,OK,17,0.8,0.0,10.02,0.22,STABLE,-5.2,-6.6,(2, 3, 0, 0),False,0.8,WARN(CAL),0.00,-1.20,True,18.1,
1769848646.614,35.852993,139.820303,OK,17,0.8,0.6,11.43,1.62,SHAKE,-4.8,-6.8,(2, 3, 0, 0),False,1.0,WARN(CAL),0.00,-0.71,True,19.1,
1769848647.656,35.852992,139.820303,OK,16,0.8,0.8,10.19,0.39,STABLE,-4.0,-7.8,(2, 3, 0, 0),False,0.2,WARN(CAL),0.00,-0.96,True,20.2,
1769848648.735,35.852992,139.820302,OK,17,0.8,0.5,9.64,0.17,STABLE,-4.5,-7.6,(0, 3, 0, 0),False,0.2,WARN(CAL),0.00,-1.17,True,21.2,
1769848649.827,35.852995,139.820302,OK,13,0.9,0.4,11.12,1.31,SHAKE,-5.3,-8.0,(2, 3, 0, 0),False,0.4,WARN(CAL),0.00,-0.99,True,22.3,
1769848650.910,35.852997,139.820305,OK,15,0.9,0.4,9.97,0.16,STABLE,-5.4,-7.6,(2, 3, 0, 0),False,0.4,WARN(CAL),0.00,-1.35,True,23.4,
1769848651.942,35.853003,139.820307,OK,13,1.0,0.4,9.66,0.14,STABLE,-4.9,-7.8,(2, 3, 0, 0),False,0.8,WARN(CAL),0.00,0.07,True,24.4,
1769848652.974,35.853008,139.820310,OK,13,1.0,0.5,9.93,0.12,STABLE,-4.8,-7.8,(2, 3, 0, 0),False,0.6,WARN(CAL),0.00,-0.31,True,25.5,
1769848654.001,35.853010,139.820308,OK,14,0.9,0.6,9.52,0.29,STABLE,-4.6,-7.8,(2, 3, 0, 0),False,0.2,WARN(CAL),0.00,-0.61,True,26.5,
1769848655.033,35.853012,139.820308,OK,14,0.9,0.7,8.92,0.88,SHAKE,-5.0,-7.7,(2, 3, 0, 0),False,0.2,WARN(CAL),0.00,-0.26,True,27.5,
1769848656.106,35.853013,139.820312,OK,14,0.9,0.8,9.88,0.07,STABLE,-4.5,-7.4,(2, 3, 0, 0),False,0.4,WARN(CAL),0.00,-0.06,True,28.6,
1769848657.139,35.853015,139.820315,OK,14,0.9,0.9,10.03,0.23,STABLE,-3.7,-7.9,(2, 3, 0, 0),False,0.4,WARN(CAL),0.00,0.09,True,29.6,
1769848658.166,35.853015,139.820313,OK,14,0.9,0.9,10.27,0.47,STABLE,-3.6,-8.1,(2, 3, 0, 0),False,0.2,WARN(CAL),0.00,-0.57,True,30.7,
1769848659.198,35.853017,139.820313,OK,15,0.8,1.0,9.42,0.38,STABLE,-3.6,-7.2,(2, 3, 0, 0),False,0.2,WARN(CAL),0.00,-0.14,True,31.7,
1769848660.229,35.853020,139.820315,OK,14,0.9,1.0,9.29,0.52,SHAKE,-4.1,-7.6,(0, 3, 0, 0),False,0.4,WARN(CAL),0.00,-0.02,True,32.7,
1769848661.297,35.853022,139.820313,OK,14,0.9,1.0,10.89,1.08,SHAKE,-3.6,-7.5,(2, 3, 0, 0),False,0.2,WARN(CAL),0.00,0.27,True,33.8,
1769848662.377,35.853025,139.820315,OK,14,0.9,1.0,9.87,0.07,STABLE,-3.7,-7.2,(2, 3, 0, 0),False,0.4,WARN(CAL),0.00,0.31,False,0.0,STOP_END
1769848663.466,35.853027,139.820318,OK,14,0.9,1.1,9.40,0.41,STABLE,-3.6,-7.4,(2, 3, 0, 0),False,0.4,WARN(CAL),0.00,-0.01,True,0.0,STOP_START
1769848664.538,35.853027,139.820317,OK,14,0.9,1.1,11.76,1.95,SHAKE,-3.4,-7.8,(2, 3, 0, 0),False,0.2,WARN(CAL),0.00,-0.38,True,1.1,
1769848665.593,35.853030,139.820317,OK,14,0.9,1.1,9.99,0.19,STABLE,-3.4,-7.8,(2, 3, 0, 0),False,0.4,WARN(CAL),0.00,-0.32,True,2.1,
1769848666.674,35.853032,139.820317,OK,15,0.8,1.1,9.32,0.49,STABLE,-2.9,-7.6,(0, 3, 0, 0),False,0.2,WARN(CAL),0.00,0.30,True,3.2,
1769848667.744,35.853035,139.820318,OK,15,0.9,1.1,8.11,1.69,SHAKE,-2.9,-6.9,(2, 3, 0, 0),False,0.4,WARN(CAL),0.00,0.10,True,4.3,
1769848668.829,35.853038,139.820315,OK,15,0.9,1.1,10.34,0.54,SHAKE,-3.2,-7.8,(2, 3, 0, 0),False,0.5,WARN(CAL),0.00,-0.45,True,5.4,
1769848669.922,35.853040,139.820312,OK,16,0.9,1.1,9.64,0.17,STABLE,-3.1,-7.1,(2, 3, 0, 0),False,0.4,WARN(CAL),0.00,-0.68,True,6.5,
1769848671.015,35.853043,139.820308,OK,16,0.8,1.1,10.21,0.41,STABLE,-2.4,-7.6,(2, 3, 0, 0),False,0.5,WARN(CAL),0.00,0.59,False,0.0,STOP_END
1769848672.044,35.853045,139.820307,OK,16,0.8,1.1,9.64,0.16,STABLE,-2.1,-7.8,(2, 3, 0, 0),False,0.2,WARN(CAL),0.00,-0.56,True,0.0,STOP_START
1769848673.076,35.853047,139.820305,OK,16,0.8,1.1,8.93,0.88,SHAKE,-2.2,-7.6,(2, 3, 0, 0),False,0.2,WARN(CAL),0.00,-0.18,True,1.0,
1769848674.110,35.853045,139.820302,OK,16,0.8,1.0,9.72,0.08,STABLE,-2.2,-7.9,(2, 3, 0, 0),False,0.4,WARN(CAL),0.00,0.10,True,2.1,
1769848675.144,35.853043,139.820297,OK,17,0.8,1.0,11.19,1.39,SHAKE,-2.3,-7.9,(0, 3, 0, 0),False,0.5,WARN(CAL),0.00,-0.80,True,3.1,
1769848676.234,35.853040,139.820295,OK,17,0.8,0.9,10.54,0.73,SHAKE,-2.6,-7.8,(2, 3, 0, 0),False,0.4,WARN(CAL),0.00,-0.40,True,4.2,
1769848677.271,35.853038,139.820297,OK,17,0.8,0.8,9.63,0.17,STABLE,-2.8,-7.6,(2, 3, 0, 0),False,0.2,WARN(CAL),0.00,0.00,True,5.2,
1769848678.304,35.853037,139.820300,OK,17,0.8,0.7,10.47,0.67,SHAKE,-2.4,-8.0,(0, 3, 0, 0),False,0.4,WARN(CAL),0.00,-0.13,True,6.3,
1769848679.333,35.853037,139.820300,OK,17,0.8,0.6,9.86,0.06,STABLE,-2.1,-7.9,(2, 3, 0, 0),False,0.0,WARN(CAL),0.00,0.32,False,0.0,STOP_END
1769848680.362,35.853037,139.820300,OK,17,0.8,0.6,9.73,0.08,STABLE,-2.5,-7.9,(2, 3, 0, 0),False,0.0,WARN(CAL),0.00,-0.51,True,0.0,STOP_START
1769848681.448,35.853038,139.820298,OK,18,0.8,0.6,9.75,0.05,STABLE,-1.2,-8.0,(2, 3, 0, 0),False,0.2,WARN(CAL),0.00,-0.52,True,1.1,
1769848682.542,35.853040,139.820297,OK,17,0.8,0.5,9.41,0.39,STABLE,-1.6,-7.8,(2, 3, 0, 0),False,0.2,WARN(CAL),0.00,-0.29,True,2.2,
1769848683.623,35.853042,139.820297,OK,16,0.8,0.5,9.94,0.14,STABLE,-2.4,-8.7,(2, 3, 0, 0),False,0.2,WARN(CAL),0.00,-0.67,True,3.3,
1769848684.657,35.853043,139.820297,OK,16,0.8,0.4,9.21,0.60,SHAKE,-3.1,-7.6,(2, 3, 0, 0),False,0.2,WARN(CAL),0.00,0.48,False,0.0,STOP_END
1769848685.692,35.853043,139.820298,OK,16,0.8,0.3,10.14,0.33,STABLE,-1.6,-7.5,(2, 3, 0, 0),False,0.2,WARN(CAL),0.00,0.49,True,0.0,STOP_START
1769848686.720,35.853043,139.820297,OK,17,0.8,0.3,11.36,1.56,SHAKE,-1.8,-8.0,(2, 3, 0, 0),False,0.2,WARN(CAL),0.00,1.14,False,0.0,STOP_END
1769848687.749,35.853040,139.820288,OK,15,0.9,0.2,8.58,1.23,SHAKE,-1.9,-8.0,(2, 3, 0, 0),False,0.8,WARN(CAL),0.00,1.70,True,0.0,STOP_START
1769848688.841,35.853035,139.820282,OK,15,0.9,0.1,9.40,0.41,STABLE,-1.7,-8.4,(0, 3, 0, 0),False,0.8,WARN(CAL),0.00,-0.23,True,1.1,
1769848689.916,35.853010,139.820255,OK,14,0.9,0.2,9.97,0.16,STABLE,-1.8,-8.0,(2, 3, 0, 0),False,3.7,WARN(CAL),0.00,-1.58,True,2.2,
1769848690.983,35.852982,139.820218,OK,16,0.9,0.1,9.85,0.05,STABLE,-2.1,-8.1,(2, 3, 0, 0),False,4.6,WARN(CAL),0.00,0.35,False,0.0,STOP_END
1769848692.013,35.852958,139.820168,OK,16,0.9,0.1,9.46,0.35,STABLE,-2.3,-8.2,(2, 3, 0, 0),False,5.2,WARN(CAL),0.00,0.50,True,0.0,STOP_START
1769848693.046,35.852922,139.820107,OK,17,0.7,0.5,8.76,1.04,SHAKE,-1.6,-8.0,(0, 3, 0, 0),False,6.9,WARN(CAL),0.00,-1.11,True,1.0,
1769848694.077,35.852883,139.820042,OK,17,0.7,0.9,8.50,1.30,SHAKE,-1.6,-8.0,(2, 3, 0, 0),False,7.2,WARN(CAL),0.00,0.25,True,2.1,
1769848695.111,35.852843,139.819968,OK,19,0.6,1.1,9.68,0.13,STABLE,-1.8,-8.1,(2, 3, 0, 0),False,8.0,WARN(CAL),0.00,0.02,True,3.1,
1769848696.190,35.852797,139.819907,OK,19,0.7,1.4,11.01,1.21,SHAKE,-1.9,-8.3,(2, 3, 0, 0),False,7.6,WARN(CAL),0.00,0.03,True,4.2,
1769848697.223,35.852740,139.819848,OK,20,0.6,1.6,9.95,0.15,STABLE,-1.8,-8.1,(2, 3, 0, 0),False,8.2,WARN(CAL),0.00,-0.39,True,5.2,
1769848698.254,35.852675,139.819792,OK,20,0.6,1.5,10.46,0.65,SHAKE,-1.4,-8.2,(0, 3, 0, 0),False,8.8,WARN(CAL),0.00,0.11,True,6.2,
1769848699.284,35.852602,139.819735,OK,19,0.7,1.3,8.68,1.13,SHAKE,-2.2,-7.7,(2, 3, 0, 0),False,9.6,WARN(CAL),0.00,0.20,True,7.3,
1769848700.312,35.852528,139.819677,OK,19,0.7,0.9,12.71,2.90,IMPACT,-1.9,-7.6,(2, 3, 0, 0),False,9.7,WARN(CAL),0.00,0.71,False,0.0,STOP_END
1769848701.397,35.852455,139.819608,OK,19,0.7,0.8,11.30,1.49,SHAKE,-2.1,-7.6,(2, 3, 0, 0),False,10.2,WARN(CAL),0.00,-1.13,True,0.0,STOP_START
1769848702.427,35.852382,139.819545,OK,20,0.6,0.7,8.51,1.30,SHAKE,-2.2,-7.9,(0, 3, 0, 0),False,10.0,WARN(CAL),0.00,0.43,False,0.0,STOP_END
1769848703.458,35.852305,139.819475,OK,20,0.6,0.2,7.57,2.23,IMPACT,-1.8,-7.6,(2, 3, 0, 0),False,10.6,WARN(CAL),0.00,0.35,True,0.0,STOP_START
1769848704.482,35.852213,139.819422,OK,20,0.6,-0.3,13.49,3.68,IMPACT,-1.8,-7.9,(0, 3, 0, 0),False,11.3,WARN(CAL),0.00,-0.43,True,1.0,
1769848705.518,35.852133,139.819350,OK,20,0.6,-0.9,10.70,0.89,SHAKE,-2.0,-7.8,(2, 3, 0, 0),False,11.0,WARN(CAL),0.00,-0.38,True,2.1,
1769848706.602,35.852062,139.819282,OK,20,0.6,-0.8,9.65,0.16,STABLE,-2.1,-7.7,(2, 3, 0, 0),False,10.1,WARN(CAL),0.00,-0.35,True,3.1,
1769848707.681,35.852003,139.819213,OK,20,0.6,-0.6,10.38,0.57,SHAKE,-1.6,-8.2,(2, 3, 0, 0),False,8.9,WARN(CAL),0.00,0.04,True,4.2,
1769848708.759,35.851942,139.819158,OK,20,0.6,-0.8,9.55,0.25,STABLE,-1.4,-7.0,(0, 3, 0, 0),False,8.5,WARN(CAL),0.00,-0.12,True,5.3,
1769848709.791,35.851893,139.819087,OK,20,0.6,-0.5,9.95,0.15,STABLE,-1.6,-7.4,(2, 3, 0, 0),False,8.4,WARN(CAL),0.00,-0.25,True,6.3,
1769848710.829,35.851845,139.819015,OK,20,0.6,-0.4,9.03,0.78,SHAKE,-1.2,-7.1,(2, 3, 0, 0),False,8.4,WARN(CAL),0.00,0.00,True,7.4,
1769848711.854,35.851798,139.818945,OK,20,0.6,-0.1,8.18,1.63,SHAKE,-1.0,-6.8,(2, 3, 0, 0),False,8.2,WARN(CAL),0.00,0.11,True,8.4,
1769848712.889,35.851753,139.818870,OK,20,0.6,-0.7,11.51,1.70,SHAKE,-0.9,-6.9,(2, 3, 0, 0),False,8.4,WARN(CAL),0.00,0.35,False,0.0,STOP_END
1769848713.964,35.851717,139.818802,OK,20,0.6,-1.0,12.71,2.90,IMPACT,-0.9,-6.1,(0, 3, 0, 0),False,7.4,WARN(CAL),0.00,1.61,True,0.0,STOP_START
1769848715.043,35.851685,139.818738,OK,20,0.6,-0.9,11.13,1.33,SHAKE,-1.1,-6.6,(0, 3, 0, 0),False,6.7,WARN(CAL),0.00,-0.33,True,1.1,
1769848716.135,35.851658,139.818687,OK,20,0.6,-0.4,9.78,0.03,STABLE,-1.0,-6.3,(0, 3, 0, 0),False,5.5,WARN(CAL),0.00,0.01,True,2.2,
1769848717.172,35.851630,139.818648,OK,21,0.6,-0.1,10.53,0.72,SHAKE,-1.1,-6.6,(0, 3, 0, 0),False,4.7,WARN(CAL),0.00,0.16,True,3.2,
1769848718.203,35.851597,139.818635,OK,21,0.6,-0.2,9.59,0.22,STABLE,-1.3,-6.2,(2, 3, 0, 0),False,3.9,WARN(CAL),0.00,0.31,False,0.0,STOP_END
1769848719.234,35.851562,139.818642,OK,21,0.6,-0.2,8.93,0.88,SHAKE,-1.2,-6.4,(2, 3, 0, 0),False,3.9,WARN(CAL),0.00,-0.21,True,0.0,STOP_START
1769848720.263,35.851518,139.818670,OK,20,0.6,-0.5,10.19,0.38,STABLE,-1.1,-6.1,(2, 3, 0, 0),False,5.5,WARN(CAL),0.00,0.23,True,1.0,
1769848721.341,35.851467,139.818717,OK,21,0.6,-1.2,5.28,4.53,IMPACT,-1.5,-6.8,(0, 3, 0, 0),False,7.1,WARN(CAL),0.00,-0.57,True,2.1,
1769848722.419,35.851402,139.818772,OK,19,0.7,-1.5,9.41,0.40,STABLE,-2.2,-6.5,(2, 3, 0, 0),False,8.8,WARN(CAL),0.00,-0.31,True,3.2,
1769848723.448,35.851335,139.818835,OK,18,0.7,-1.7,8.68,1.13,SHAKE,-2.1,-7.1,(2, 3, 0, 0),False,9.4,WARN(CAL),0.00,-0.74,True,4.2,
1769848724.479,35.851270,139.818888,OK,19,0.7,-1.8,9.99,0.18,STABLE,-2.6,-6.8,(2, 3, 0, 0),False,8.7,WARN(CAL),0.00,-0.68,True,5.2,
1769848725.510,35.851202,139.818930,OK,19,0.7,-2.2,9.48,0.32,STABLE,-2.6,-7.1,(2, 3, 0, 0),False,8.5,WARN(CAL),0.00,-0.18,True,6.3,
1769848726.546,35.851133,139.818957,OK,19,0.7,-2.2,9.25,0.56,SHAKE,-2.2,-6.9,(2, 3, 0, 0),False,8.0,WARN(CAL),0.00,-0.21,True,7.3,
1769848727.616,35.851063,139.818962,OK,19,0.7,-2.4,9.69,0.11,STABLE,-0.9,-7.1,(2, 3, 0, 0),False,7.8,WARN(CAL),0.00,0.84,False,0.0,STOP_END
1769848728.695,35.850993,139.818942,OK,20,0.6,-2.4,10.29,0.48,STABLE,-0.6,-7.2,(2, 3, 0, 0),False,8.0,WARN(CAL),0.00,0.79,True,0.0,STOP_START
1769848729.728,35.850927,139.818922,OK,20,0.6,-2.6,9.43,0.38,STABLE,0.1,-7.9,(2, 3, 0, 0),False,7.6,WARN(CAL),0.00,-0.31,True,1.0,
1769848730.761,35.850865,139.818903,OK,20,0.6,-2.3,9.47,0.34,STABLE,-0.2,-8.4,(0, 3, 0, 0),False,7.1,WARN(CAL),0.00,-0.43,True,2.1,
1769848731.794,35.850807,139.818895,OK,20,0.6,-1.8,9.51,0.30,STABLE,-0.6,-8.6,(2, 3, 0, 0),False,6.5,WARN(CAL),0.00,-0.11,True,3.1,
1769848732.830,35.850757,139.818888,OK,20,0.6,-2.0,8.94,0.87,SHAKE,-0.6,-8.6,(0, 3, 0, 0),False,5.6,WARN(CAL),0.00,-0.37,True,4.1,
1769848733.904,35.850717,139.818890,OK,20,0.6,-1.8,9.76,0.05,STABLE,-0.9,-8.5,(2, 3, 0, 0),False,4.5,WARN(CAL),0.00,-0.02,True,5.2,
1769848734.994,35.850683,139.818892,OK,19,0.6,-2.0,10.06,0.25,STABLE,-1.0,-8.3,(0, 3, 0, 0),False,3.7,WARN(CAL),0.00,-0.53,True,6.3,
1769848736.078,35.850658,139.818888,OK,18,0.7,-1.8,9.17,0.63,SHAKE,-1.1,-8.4,(2, 3, 0, 0),False,2.8,WARN(CAL),0.00,-0.24,True,7.4,
1769848737.109,35.850643,139.818888,OK,19,0.7,-1.6,10.33,0.52,SHAKE,-1.2,-8.1,(2, 3, 0, 0),False,1.7,WARN(CAL),0.00,-0.45,True,8.4,
1769848738.139,35.850635,139.818890,OK,20,0.7,-1.4,9.07,0.74,SHAKE,-1.8,-8.1,(2, 3, 0, 0),False,0.9,WARN(CAL),0.00,-0.74,True,9.4,
1769848739.168,35.850627,139.818888,OK,19,0.7,-1.3,10.53,0.72,SHAKE,-1.4,-8.4,(2, 3, 0, 0),False,0.9,WARN(CAL),0.00,-2.26,True,10.5,
1769848740.205,35.850620,139.818888,OK,19,0.7,-1.5,9.99,0.18,STABLE,-2.1,-8.2,(2, 3, 0, 0),False,0.7,WARN(CAL),0.00,-0.73,True,11.5,
1769848741.300,35.850620,139.818888,OK,19,0.7,-1.6,9.40,0.41,STABLE,-2.1,-7.9,(2, 3, 0, 0),False,0.0,WARN(CAL),0.00,-0.20,True,12.6,
1769848742.334,35.850618,139.818888,OK,19,0.7,-1.5,10.24,0.43,STABLE,-2.2,-8.0,(2, 3, 0, 0),False,0.2,WARN(CAL),0.00,-0.35,True,13.6,
1769848743.368,35.850620,139.818890,OK,19,0.7,-1.5,9.95,0.14,STABLE,-2.0,-7.9,(2, 3, 0, 0),False,0.2,WARN(CAL),0.00,-0.16,True,14.7,
1769848744.401,35.850622,139.818888,OK,19,0.7,-1.5,9.61,0.20,STABLE,-2.0,-8.1,(2, 3, 0, 0),False,0.2,WARN(CAL),0.00,-0.62,True,15.7,
1769848745.436,35.850620,139.818890,OK,19,0.7,-1.5,10.06,0.26,STABLE,-1.8,-7.9,(2, 3, 0, 0),False,0.2,WARN(CAL),0.00,-0.37,True,16.7,
1769848746.518,35.850615,139.818890,OK,19,0.7,-1.5,9.35,0.46,STABLE,-2.1,-7.8,(2, 3, 0, 0),False,0.6,WARN(CAL),0.00,-0.07,True,17.8,
1769848747.552,35.850598,139.818890,OK,18,0.7,-1.5,11.23,1.43,SHAKE,-2.3,-7.9,(2, 3, 0, 0),False,1.9,WARN(CAL),0.00,0.09,True,18.9,
1769848748.574,35.850568,139.818887,OK,18,0.7,-1.3,9.99,0.18,STABLE,-2.7,-7.7,(0, 3, 0, 0),False,3.3,WARN(CAL),0.00,-0.35,True,19.9,
1769848749.603,35.850535,139.818883,OK,18,0.7,-0.9,10.37,0.56,SHAKE,-2.7,-7.1,(2, 3, 0, 0),False,3.7,WARN(CAL),0.00,-0.40,True,20.9,
1769848750.636,35.850492,139.818877,OK,18,0.7,-0.5,8.67,1.13,SHAKE,-3.2,-6.5,(2, 3, 0, 0),False,4.9,WARN(CAL),0.00,-0.73,True,21.9,
1769848751.719,35.850447,139.818873,OK,17,0.7,-0.2,10.07,0.26,STABLE,-2.6,-6.6,(2, 3, 0, 0),False,5.0,WARN(CAL),0.00,-0.51,True,23.0,
1769848752.793,35.850400,139.818870,OK,16,0.8,-0.3,9.88,0.08,STABLE,-1.0,-4.2,(2, 3, 0, 0),False,5.2,WARN(CAL),0.00,0.23,True,24.1,
1769848753.877,35.850352,139.818857,OK,16,0.8,0.0,9.88,0.08,STABLE,0.6,-1.3,(0, 3, 0, 0),False,5.5,WARN(CAL),0.00,0.04,True,25.2,
1769848754.955,35.850308,139.818848,OK,14,0.8,0.1,9.86,0.06,STABLE,0.4,1.6,(0, 3, 0, 0),False,4.9,WARN(CAL),0.00,0.21,True,26.3,
1769848755.990,35.850265,139.818842,OK,13,0.8,0.2,9.61,0.19,STABLE,0.1,2.5,(2, 3, 0, 0),False,4.9,WARN(CAL),0.00,-0.22,True,27.3,
1769848757.021,35.850225,139.818832,OK,11,0.9,0.4,9.86,0.05,STABLE,-0.4,2.1,(2, 3, 0, 0),False,4.5,WARN(CAL),0.00,-0.37,True,28.3,
1769848758.050,35.850195,139.818823,OK,10,0.9,0.6,9.74,0.07,STABLE,-1.2,0.9,(2, 3, 0, 0),False,3.4,WARN(CAL),0.00,-0.36,True,29.4,
1769848759.078,35.850167,139.818817,OK,10,0.9,0.9,9.75,0.06,STABLE,-2.7,-5.1,(2, 3, 0, 0),False,3.2,WARN(CAL),0.00,-0.53,True,30.4,
1769848760.148,35.850145,139.818818,OK,9,0.9,1.2,9.74,0.07,STABLE,-3.0,-6.1,(2, 3, 0, 0),False,2.4,WARN(CAL),0.00,-0.52,True,31.5,
1769848761.182,35.850118,139.818822,OK,8,0.9,1.4,9.72,0.09,STABLE,-3.1,-6.4,(2, 3, 0, 0),False,3.0,WARN(CAL),0.00,-0.53,True,32.5,
1769848762.213,35.850097,139.818830,OK,11,0.9,1.3,9.69,0.12,STABLE,-3.1,-6.4,(2, 3, 0, 0),False,2.5,WARN(CAL),0.00,-0.53,True,33.5,
1769848763.239,35.850083,139.818837,OK,8,1.0,1.3,9.74,0.07,STABLE,-3.1,-6.4,(2, 3, 0, 0),False,1.6,WARN(CAL),0.00,-0.54,True,34.5,
1769848764.272,35.850077,139.818833,OK,10,1.1,1.4,9.75,0.05,STABLE,-3.1,-6.4,(2, 3, 0, 0),False,0.8,WARN(CAL),0.00,-0.56,True,35.6,
1769848765.344,35.850073,139.818835,OK,9,1.1,1.4,9.78,0.03,STABLE,-3.1,-6.4,(0, 3, 0, 0),False,0.4,WARN(CAL),0.00,-0.53,True,36.6,
1769848766.422,35.850072,139.818837,OK,10,1.1,1.5,9.68,0.13,STABLE,-3.1,-6.4,(0, 3, 0, 0),False,0.2,WARN(CAL),0.00,-0.56,True,37.7,
1769848767.510,35.850070,139.818837,OK,8,1.3,1.5,8.42,1.39,SHAKE,-3.1,-6.4,(2, 3, 0, 0),False,0.2,WARN(CAL),0.00,-0.57,True,38.8,
1769848768.538,35.850065,139.818833,OK,11,1.1,1.6,9.73,0.07,STABLE,-3.1,-6.4,(2, 3, 0, 0),False,0.6,WARN(CAL),0.00,-0.55,True,39.8,
1769848769.560,35.850047,139.818832,OK,10,1.2,1.7,9.80,0.00,STABLE,-3.1,-6.4,(0, 3, 0, 0),False,2.0,WARN(CAL),0.00,-0.57,True,40.9,
1769848770.590,35.850017,139.818833,OK,11,1.1,1.8,9.76,0.05,STABLE,-3.1,-6.4,(2, 3, 0, 0),False,3.3,WARN(CAL),0.00,-0.58,True,41.9,
1769848771.617,35.849973,139.818830,OK,13,0.9,2.0,9.72,0.09,STABLE,-3.1,-6.4,(2, 3, 0, 0),False,4.8,WARN(CAL),0.00,-0.54,True,42.9,
1769848772.706,35.849913,139.818818,OK,14,0.9,2.1,9.71,0.09,STABLE,-3.1,-6.4,(2, 3, 0, 0),False,6.8,WARN(CAL),0.00,-0.54,True,44.0,
1769848773.776,35.849850,139.818812,OK,16,0.8,1.9,9.75,0.05,STABLE,-3.1,-6.4,(2, 3, 0, 0),False,7.1,WARN(CAL),0.00,-0.53,True,45.1,
1769848774.849,35.849777,139.818807,OK,15,0.8,2.0,9.72,0.09,STABLE,,,(2, 3, 0, 0),False,8.2,WARN(CAL),0.00,-0.53,True,46.2,
1769848775.932,35.849697,139.818805,OK,14,0.8,2.1,9.73,0.07,STABLE,-3.1,-6.4,(0, 3, 0, 0),False,8.9,WARN(CAL),0.00,-0.57,True,47.2,
1769848777.012,35.849620,139.818798,OK,14,0.8,2.2,9.73,0.07,STABLE,-3.1,-6.4,(0, 3, 0, 0),False,8.5,WARN(CAL),0.00,-0.52,True,48.3,
1769848778.088,35.849543,139.818795,OK,15,0.8,2.1,9.93,0.12,STABLE,-4.1,-12.4,(2, 3, 0, 0),False,8.5,WARN(CAL),0.00,-0.85,True,49.4,
1769848779.173,35.849470,139.818792,OK,15,0.8,2.2,9.09,0.72,SHAKE,-4.8,-16.2,(0, 3, 0, 0),False,8.2,WARN(CAL),0.00,-0.84,True,50.5,
1769848780.208,35.849405,139.818787,OK,16,0.8,2.0,9.68,0.13,STABLE,-4.8,-16.4,(2, 3, 0, 0),False,7.2,WARN(CAL),0.00,-0.76,True,51.5,
1769848781.234,35.849345,139.818788,OK,16,0.8,2.1,9.74,0.07,STABLE,-4.3,-15.8,(2, 3, 0, 0),False,6.7,WARN(CAL),0.00,-0.66,True,52.5,
1769848782.268,35.849293,139.818783,OK,16,0.8,2.0,9.96,0.15,STABLE,-3.6,-15.3,(2, 3, 0, 0),False,5.8,WARN(CAL),0.00,-0.39,True,53.6,
1769848783.299,35.849240,139.818772,OK,16,0.8,2.2,9.63,0.17,STABLE,-3.4,-14.1,(2, 3, 0, 0),False,6.0,WARN(CAL),0.00,0.03,True,54.6,
1769848784.382,35.849177,139.818768,OK,17,0.7,1.6,9.33,0.48,STABLE,-2.2,-12.1,(0, 3, 0, 0),False,7.0,WARN(CAL),0.00,-0.13,True,55.7,
1769848785.412,35.849098,139.818768,OK,18,0.7,1.4,9.39,0.41,STABLE,-1.2,-11.2,(0, 3, 0, 0),False,8.7,WARN(CAL),0.00,-0.07,True,56.7,
1769848786.445,35.849017,139.818762,OK,21,0.6,1.2,9.37,0.44,STABLE,-0.9,-10.1,(2, 3, 0, 0),False,9.1,WARN(CAL),0.00,0.20,True,57.8,
1769848787.476,35.848933,139.818752,OK,21,0.6,1.2,10.13,0.32,STABLE,-0.4,-8.6,(2, 3, 0, 0),False,9.3,WARN(CAL),0.00,-0.10,True,58.8,
1769848788.506,35.848848,139.818750,OK,19,0.6,0.8,9.66,0.15,STABLE,-0.3,-6.2,(2, 3, 0, 0),False,9.5,WARN(CAL),0.00,0.09,True,59.8,
1769848789.591,35.848770,139.818757,OK,20,0.6,1.2,10.04,0.24,STABLE,-0.2,-4.8,(2, 3, 0, 0),False,8.7,WARN(CAL),0.00,-0.07,True,60.9,
1769848790.665,35.848695,139.818762,OK,20,0.6,1.5,10.24,0.44,STABLE,-0.2,-3.6,(2, 3, 0, 0),False,8.4,WARN(CAL),0.00,-0.02,True,62.0,
1769848791.694,35.848630,139.818767,OK,19,0.6,1.3,10.15,0.34,STABLE,0.0,-1.2,(2, 3, 0, 0),False,7.2,WARN(CAL),0.00,0.07,True,63.0,
1769848792.723,35.848575,139.818765,OK,18,0.7,0.8,9.69,0.11,STABLE,0.1,-0.9,(2, 3, 0, 0),False,6.1,WARN(CAL),0.00,-0.08,True,64.0,
1769848793.756,35.848530,139.818765,OK,19,0.7,0.3,10.15,0.35,STABLE,0.1,-1.5,(2, 3, 0, 0),False,5.0,WARN(CAL),0.00,-0.03,True,65.1,
1769848794.791,35.848492,139.818765,OK,19,0.7,0.2,9.49,0.31,STABLE,0.0,-2.1,(2, 3, 0, 0),False,4.3,WARN(CAL),0.00,-0.05,True,66.1,
1769848795.872,35.848465,139.818770,OK,20,0.6,0.4,9.78,0.03,STABLE,0.0,-2.6,(2, 3, 0, 0),False,3.0,WARN(CAL),0.00,-0.09,True,67.2,
1769848796.951,35.848435,139.818767,OK,20,0.6,0.3,9.75,0.06,STABLE,-0.2,-3.7,(2, 3, 0, 0),False,3.3,WARN(CAL),0.00,-0.09,True,68.3,
1769848798.031,35.848407,139.818753,OK,19,0.7,0.1,9.64,0.17,STABLE,-0.7,-6.4,(0, 3, 0, 0),False,3.4,WARN(CAL),0.00,-0.08,True,69.3,
1769848799.128,35.848382,139.818735,OK,18,0.7,0.2,9.79,0.02,STABLE,-0.8,-7.0,(0, 3, 0, 0),False,3.2,WARN(CAL),0.00,-0.19,True,70.4,
1769848800.165,35.848370,139.818705,OK,17,0.7,0.3,9.88,0.07,STABLE,-0.8,-7.1,(0, 3, 0, 0),False,3.0,WARN(CAL),0.00,-0.22,True,71.5,
1769848801.195,35.848365,139.818673,OK,18,0.7,0.3,9.78,0.03,STABLE,-0.8,-7.1,(2, 3, 0, 0),False,2.9,WARN(CAL),0.00,-0.19,True,72.5,
1769848802.228,35.848355,139.818600,OK,18,0.7,-0.3,9.72,0.08,STABLE,-0.8,-7.3,(0, 3, 0, 0),False,6.7,WARN(CAL),0.00,-0.16,True,73.5,
1769848803.265,35.848360,139.818507,OK,19,0.7,-0.9,9.73,0.08,STABLE,-0.8,-7.3,(2, 3, 0, 0),False,8.4,WARN(CAL),0.00,-0.16,True,74.6,
1769848804.354,35.848363,139.818410,OK,19,0.7,-1.9,9.69,0.12,STABLE,-0.8,-7.3,(2, 3, 0, 0),False,8.7,WARN(CAL),0.00,-0.16,True,75.7,
1769848805.439,35.848375,139.818303,OK,19,0.7,-2.6,9.75,0.06,STABLE,-0.8,-7.3,(0, 3, 0, 0),False,9.7,WARN(CAL),0.00,-0.18,True,76.7,
1769848806.505,35.848383,139.818197,OK,20,0.6,-3.6,9.71,0.09,STABLE,-0.8,-7.3,(2, 3, 0, 0),False,9.7,WARN(CAL),0.00,-0.16,True,77.8,
1769848807.576,35.848395,139.818085,OK,20,0.6,-4.1,9.70,0.11,STABLE,-0.8,-7.3,(2, 3, 0, 0),False,10.1,WARN(CAL),0.00,-0.15,True,78.9,
1769848808.651,35.848408,139.817967,OK,20,0.6,-4.7,9.73,0.08,STABLE,-0.8,-7.3,(2, 3, 0, 0),False,10.8,WARN(CAL),0.00,-0.18,True,80.0,
1769848809.741,35.848413,139.817837,OK,20,0.6,-5.2,9.72,0.08,STABLE,-0.8,-7.3,(2, 3, 0, 0),False,11.7,WARN(CAL),0.00,-0.14,True,81.0,
1769848810.817,35.848413,139.817690,OK,20,0.6,-6.5,9.76,0.05,STABLE,-0.8,-7.3,(0, 3, 0, 0),False,13.2,WARN(CAL),0.00,-0.16,True,82.1,
1769848811.898,35.848418,139.817545,OK,20,0.6,-5.9,9.72,0.08,STABLE,-0.8,-7.3,(2, 3, 0, 0),False,13.1,WARN(CAL),0.00,-0.14,True,83.2,
1769848812.986,35.848403,139.817417,OK,20,0.6,-6.6,9.72,0.09,STABLE,-0.8,-7.3,(2, 3, 0, 0),False,11.7,WARN(CAL),0.00,-0.13,True,84.3,
1769848814.018,35.848382,139.817290,OK,20,0.6,-8.0,9.75,0.06,STABLE,-0.8,-7.3,(0, 3, 0, 0),False,11.7,WARN(CAL),0.00,-0.14,True,85.3,
1769848815.047,35.848350,139.817158,OK,19,0.7,-8.2,9.72,0.09,STABLE,-0.8,-7.3,(2, 3, 0, 0),False,12.4,WARN(CAL),0.00,-0.15,True,86.4,
1769848816.076,35.848307,139.817035,OK,19,0.7,-7.7,9.66,0.15,STABLE,-0.8,-7.3,(2, 3, 0, 0),False,12.1,WARN(CAL),0.00,-0.14,True,87.4,
1769848817.108,35.848270,139.816905,OK,21,0.6,-8.4,9.76,0.05,STABLE,-0.8,-7.3,(0, 3, 0, 0),False,12.4,WARN(CAL),0.00,-0.18,True,88.4,
1769848818.195,35.848220,139.816810,OK,22,0.6,-8.1,9.69,0.11,STABLE,-0.8,-7.3,(2, 3, 0, 0),False,10.2,WARN(CAL),0.00,-0.16,True,89.5,
1769848819.226,35.848157,139.816715,OK,22,0.6,-7.9,9.72,0.09,STABLE,-0.8,-7.3,(2, 3, 0, 0),False,11.1,WARN(CAL),0.00,-0.15,True,90.5,
1769848820.259,35.848118,139.816635,OK,22,0.6,-8.2,9.69,0.11,STABLE,-0.8,-7.3,(0, 3, 0, 0),False,8.4,WARN(CAL),0.00,-0.17,True,91.6,
1769848821.291,35.848053,139.816540,OK,22,0.6,-7.4,9.76,0.05,STABLE,-0.8,-7.3,(2, 3, 0, 0),False,11.2,WARN(CAL),0.00,-0.12,True,92.6,
1769848822.319,35.847983,139.816458,OK,21,0.6,-5.1,9.78,0.03,STABLE,-0.8,-7.3,(2, 3, 0, 0),False,10.7,WARN(CAL),0.00,-0.15,True,93.6,
1769848823.405,35.847900,139.816378,OK,22,0.6,-4.1,9.69,0.11,STABLE,-0.8,-7.3,(2, 3, 0, 0),False,11.7,WARN(CAL),0.00,-0.17,True,94.7,
1769848824.436,35.847822,139.816302,OK,22,0.6,-3.6,9.78,0.03,STABLE,-0.8,-7.3,(2, 3, 0, 0),False,11.1,WARN(CAL),0.00,-0.14,True,95.7,
1769848825.461,35.847740,139.816227,OK,21,0.6,-3.7,9.64,0.17,STABLE,-0.8,-7.3,(0, 3, 0, 0),False,11.3,WARN(CAL),0.00,-0.15,True,96.8,
1769848826.497,35.847655,139.816168,OK,21,0.6,-3.0,9.76,0.05,STABLE,-0.8,-7.3,(2, 3, 0, 0),False,10.8,WARN(CAL),0.00,-0.14,True,97.8,
1769848827.519,35.847572,139.816117,OK,21,0.6,-3.0,9.73,0.08,STABLE,-0.8,-7.3,(0, 3, 0, 0),False,10.4,WARN(CAL),0.00,-0.16,True,98.8,
1769848828.606,35.847485,139.816078,OK,20,0.6,-2.8,9.73,0.08,STABLE,-0.8,-7.3,(2, 3, 0, 0),False,10.2,WARN(CAL),0.00,-0.19,True,99.9,
1769848829.634,35.847397,139.816037,OK,20,0.6,-2.3,9.72,0.08,STABLE,-0.8,-7.3,(2, 3, 0, 0),False,10.5,WARN(CAL),0.00,-0.15,True,100.9,
1769848830.665,35.847307,139.815995,OK,20,0.6,-2.0,9.70,0.11,STABLE,-0.8,-7.3,(2, 3, 0, 0),False,10.7,WARN(CAL),0.00,-0.15,True,102.0,
1769848831.701,35.847213,139.815960,OK,20,0.6,-1.2,9.71,0.10,STABLE,-1.1,-8.5,(2, 3, 0, 0),False,10.8,WARN(CAL),0.00,-0.20,True,103.0,
1769848832.733,35.847117,139.815932,OK,21,0.6,-1.5,9.74,0.06,STABLE,-1.1,-8.6,(0, 3, 0, 0),False,11.0,WARN(CAL),0.00,-0.18,True,104.0,
1769848833.820,35.847015,139.815902,OK,19,0.7,-1.4,9.69,0.11,STABLE,-0.9,-7.9,(2, 3, 0, 0),False,11.6,WARN(CAL),0.00,-0.16,True,105.1,
1769848834.850,35.846918,139.815867,OK,18,0.7,-1.4,9.72,0.09,STABLE,-1.1,-8.9,(0, 3, 0, 0),False,11.2,WARN(CAL),0.00,-0.26,True,106.2,
1769848835.879,35.846820,139.815825,OK,16,0.8,-2.0,9.89,0.09,STABLE,-1.8,-12.1,(2, 3, 0, 0),False,11.6,WARN(CAL),0.00,-0.34,True,107.2,
1769848836.910,35.846707,139.815775,OK,16,0.8,-0.7,9.84,0.03,STABLE,-1.6,-11.0,(2, 3, 0, 0),False,13.4,WARN(CAL),0.00,-0.12,True,108.2,
1769848837.942,35.846603,139.815758,OK,16,0.8,-0.7,9.64,0.17,STABLE,-1.2,-9.5,(0, 3, 0, 0),False,11.6,WARN(CAL),0.00,0.00,True,109.2,
1769848839.034,35.846483,139.815752,OK,17,0.8,-1.2,10.27,0.46,STABLE,-1.0,-8.0,(0, 3, 0, 0),False,13.4,WARN(CAL),0.00,-0.16,True,110.3,
1769848840.067,35.846378,139.815735,OK,17,0.8,-1.4,9.44,0.36,STABLE,-1.0,-7.7,(2, 3, 0, 0),False,11.8,WARN(CAL),0.00,-0.22,True,111.4,
1769848841.102,35.846283,139.815697,OK,17,0.8,-1.7,10.06,0.26,STABLE,-1.1,-7.9,(2, 3, 0, 0),False,11.1,WARN(CAL),0.00,0.12,True,112.4,
1769848842.135,35.846197,139.815655,OK,16,0.8,-1.7,10.20,0.40,STABLE,,,(0, 3, 0, 0),False,10.3,WARN(CAL),0.00,0.14,True,113.4,
1769848843.168,35.846102,139.815625,OK,16,0.8,-1.6,9.39,0.41,STABLE,-1.3,-8.4,(2, 3, 0, 0),False,10.9,WARN(CAL),0.00,-0.26,True,114.5,
1769848844.245,35.846010,139.815592,OK,16,0.8,-2.8,9.68,0.12,STABLE,-1.2,-9.2,(2, 3, 0, 0),False,10.6,WARN(CAL),0.00,-0.36,True,115.5,
1769848845.279,35.845920,139.815568,OK,16,0.8,-3.3,10.48,0.67,SHAKE,-1.2,-9.2,(2, 3, 0, 0),False,10.2,WARN(CAL),0.00,-0.17,True,116.6,
1769848846.311,35.845838,139.815552,OK,16,0.8,-3.7,9.47,0.33,STABLE,-1.3,-9.1,(2, 3, 0, 0),False,9.2,WARN(CAL),0.00,-0.30,True,117.6,
1769848847.345,35.845748,139.815538,OK,16,0.8,-3.8,10.01,0.20,STABLE,-1.2,-8.8,(0, 3, 0, 0),False,10.1,WARN(CAL),0.00,0.13,True,118.6,
1769848848.377,35.845670,139.815517,OK,15,0.9,-4.2,9.50,0.31,STABLE,-1.1,-8.3,(2, 3, 0, 0),False,8.9,WARN(CAL),0.00,0.09,True,119.7,
1769848849.454,35.845593,139.815483,OK,17,0.7,-4.2,9.68,0.13,STABLE,-1.0,-8.2,(2, 3, 0, 0),False,9.0,WARN(CAL),0.00,-0.19,True,120.8,
1769848850.549,35.845510,139.815453,OK,18,0.7,-4.1,10.59,0.79,SHAKE,-0.9,-8.1,(0, 3, 0, 0),False,9.7,WARN(CAL),0.00,0.33,False,0.0,STOP_END
1769848851.616,35.845427,139.815417,OK,16,0.8,-3.8,9.67,0.13,STABLE,-0.8,-7.6,(2, 3, 0, 0),False,9.8,WARN(CAL),0.00,0.34,True,0.0,STOP_START
1769848852.704,35.845347,139.815375,OK,16,0.8,-3.3,10.25,0.44,STABLE,-0.9,-7.5,(0, 3, 0, 0),False,9.7,WARN(CAL),0.00,0.09,True,1.1,
1769848853.791,35.845273,139.815318,OK,17,0.7,-2.3,10.55,0.75,SHAKE,-1.2,-7.8,(2, 3, 0, 0),False,9.6,WARN(CAL),0.00,-0.40,True,2.2,
1769848854.821,35.845195,139.815262,OK,19,0.7,-1.7,9.62,0.19,STABLE,-1.4,-7.7,(2, 3, 0, 0),False,10.1,WARN(CAL),0.00,-0.38,True,3.2,
1769848855.854,35.845112,139.815208,OK,16,0.7,-1.8,9.47,0.34,STABLE,-1.3,-7.7,(2, 3, 0, 0),False,10.4,WARN(CAL),0.00,0.04,True,4.2,
1769848856.888,35.845028,139.815160,OK,15,0.8,-1.6,8.92,0.89,SHAKE,-1.0,-7.6,(0, 3, 0, 0),False,10.2,WARN(CAL),0.00,0.10,True,5.3,
1769848857.921,35.844947,139.815112,OK,14,0.8,-1.6,8.96,0.85,SHAKE,-1.1,-7.8,(2, 3, 0, 0),False,10.1,WARN(CAL),0.00,-0.18,True,6.3,
1769848859.008,35.844868,139.815063,OK,15,0.8,-1.5,9.75,0.05,STABLE,-1.1,-7.7,(2, 3, 0, 0),False,9.7,WARN(CAL),0.00,-0.15,True,7.4,
1769848860.039,35.844798,139.815007,OK,17,0.7,-1.6,9.96,0.15,STABLE,-1.1,-7.8,(2, 3, 0, 0),False,9.3,WARN(CAL),0.00,-0.29,True,8.4,
1769848861.072,35.844722,139.814962,OK,17,0.7,-1.7,9.70,0.11,STABLE,-1.2,-7.9,(2, 3, 0, 0),False,9.4,WARN(CAL),0.00,-0.25,True,9.5,
1769848862.105,35.844645,139.814915,OK,17,0.7,-1.9,9.04,0.77,SHAKE,-1.2,-7.9,(0, 3, 0, 0),False,9.5,WARN(CAL),0.00,0.27,True,10.5,
1769848863.135,35.844567,139.814870,OK,18,0.7,-1.6,9.59,0.22,STABLE,-1.1,-7.4,(2, 3, 0, 0),False,9.6,WARN(CAL),0.00,-0.12,True,11.5,
1769848864.224,35.844483,139.814810,OK,17,0.7,-1.9,9.38,0.42,STABLE,-0.9,-7.6,(2, 3, 0, 0),False,10.7,WARN(CAL),0.00,-0.01,True,12.6,
1769848865.253,35.844395,139.814758,OK,19,0.6,-1.9,9.80,0.01,STABLE,-0.9,-6.8,(2, 3, 0, 0),False,10.9,WARN(CAL),0.00,-0.10,True,13.6,
1769848866.282,35.844302,139.814715,OK,18,0.7,-2.0,9.82,0.01,STABLE,-1.0,-7.2,(2, 3, 0, 0),False,11.1,WARN(CAL),0.00,0.14,True,14.7,
1769848867.316,35.844205,139.814670,OK,19,0.6,-2.4,9.38,0.42,STABLE,-1.2,-7.4,(0, 3, 0, 0),False,11.5,WARN(CAL),0.00,0.00,True,15.7,
1769848868.343,35.844103,139.814623,OK,20,0.6,-2.6,9.72,0.09,STABLE,-1.4,-7.6,(2, 3, 0, 0),False,12.1,WARN(CAL),0.00,-0.12,True,16.7,
1769848869.433,35.844007,139.814572,OK,19,0.7,-2.3,9.43,0.37,STABLE,-1.7,-7.4,(2, 3, 0, 0),False,11.7,WARN(CAL),0.00,-0.58,True,17.8,
1769848870.528,35.843913,139.814523,OK,19,0.7,-2.5,9.95,0.14,STABLE,-1.6,-7.1,(0, 3, 0, 0),False,11.3,WARN(CAL),0.00,-0.33,True,18.9,
1769848871.597,35.843825,139.814460,OK,18,0.8,-3.4,9.78,0.03,STABLE,-1.2,-6.9,(0, 3, 0, 0),False,11.4,WARN(CAL),0.00,0.09,True,20.0,
1769848872.682,35.843722,139.814410,OK,18,0.8,-3.6,9.32,0.49,STABLE,-0.8,-7.1,(2, 3, 0, 0),False,12.3,WARN(CAL),0.00,-0.02,True,21.1,
1769848873.770,35.843625,139.814358,OK,18,0.8,-4.3,9.44,0.37,STABLE,-0.9,-7.1,(0, 3, 0, 0),False,11.7,WARN(CAL),0.00,0.00,True,22.2,
1769848874.848,35.843537,139.814302,OK,18,0.8,-4.8,9.78,0.03,STABLE,-1.1,-6.9,(2, 3, 0, 0),False,11.1,WARN(CAL),0.00,-0.21,True,23.2,
1769848875.878,35.843435,139.814248,OK,17,0.8,-6.0,9.73,0.07,STABLE,-0.9,-6.7,(2, 3, 0, 0),False,12.3,WARN(CAL),0.00,0.31,False,0.0,STOP_END
1769848876.908,35.843335,139.814200,OK,17,0.8,-6.6,9.89,0.08,STABLE,-0.9,-6.9,(0, 3, 0, 0),False,11.9,WARN(CAL),0.00,-0.47,True,0.0,STOP_START
1769848877.940,35.843225,139.814133,OK,17,0.8,-6.4,9.59,0.22,STABLE,-1.0,-7.1,(0, 3, 0, 0),False,13.6,WARN(CAL),0.00,-0.30,True,1.0,
1769848878.970,35.843135,139.814073,OK,18,0.8,-5.6,9.72,0.09,STABLE,-1.1,-6.9,(2, 3, 0, 0),False,11.4,WARN(CAL),0.00,0.08,True,2.1,
1769848880.041,35.843035,139.814007,OK,18,0.8,-5.8,9.98,0.17,STABLE,-1.2,-7.3,(0, 3, 0, 0),False,12.6,WARN(CAL),0.00,-0.30,True,3.1,
1769848881.132,35.842930,139.813942,OK,18,0.8,-6.5,9.33,0.47,STABLE,-1.6,-6.8,(2, 3, 0, 0),False,13.1,WARN(CAL),0.00,-0.20,True,4.2,
1769848882.227,35.842820,139.813940,OK,17,0.8,-5.2,9.77,0.04,STABLE,-1.5,-6.7,(2, 3, 0, 0),False,12.2,WARN(CAL),0.00,-0.11,True,5.3,
1769848883.314,35.842717,139.813900,OK,16,0.8,-5.7,10.76,0.95,SHAKE,-1.6,-6.8,(2, 3, 0, 0),False,12.0,WARN(CAL),0.00,-0.43,True,6.4,
1769848884.337,35.842625,139.813857,OK,17,0.8,-5.9,11.02,1.22,SHAKE,-1.4,-6.9,(2, 3, 0, 0),False,10.9,WARN(CAL),0.00,-0.54,True,7.4,
1769848885.371,35.842528,139.813815,OK,17,0.8,-6.5,10.59,0.78,SHAKE,-1.4,-6.6,(0, 3, 0, 0),False,11.4,WARN(CAL),0.00,0.16,True,8.5,
1769848886.406,35.842438,139.813762,OK,17,0.8,-7.0,9.85,0.04,STABLE,-1.2,-6.3,(0, 3, 0, 0),False,11.1,WARN(CAL),0.00,0.00,True,9.5,
1769848887.434,35.842353,139.813710,OK,17,0.8,-7.5,9.44,0.37,STABLE,-0.9,-5.8,(0, 3, 0, 0),False,10.5,WARN(CAL),0.00,0.38,False,0.0,STOP_END
1769848888.524,35.842268,139.813655,OK,17,0.8,-8.2,9.79,0.02,STABLE,-0.3,-4.9,(0, 3, 0, 0),False,10.7,WARN(CAL),0.00,0.22,True,0.0,STOP_START
1769848889.599,35.842187,139.813593,OK,18,0.7,-8.7,9.45,0.36,STABLE,-0.2,-5.2,(2, 3, 0, 0),False,10.6,WARN(CAL),0.00,0.04,True,1.1,
1769848890.669,35.842103,139.813508,OK,18,0.7,-10.4,9.44,0.37,STABLE,-0.2,-5.7,(2, 3, 0, 0),False,12.0,WARN(CAL),0.00,0.12,True,2.1,
1769848891.704,35.842032,139.813467,OK,19,0.7,-11.0,9.34,0.46,STABLE,-0.2,-6.2,(2, 3, 0, 0),False,8.8,WARN(CAL),0.00,0.08,True,3.2,
1769848892.730,35.841967,139.813432,OK,18,0.8,-10.9,9.97,0.16,STABLE,-0.2,-6.6,(0, 3, 0, 0),False,7.9,WARN(CAL),0.00,0.01,True,4.2,
1769848893.758,35.841902,139.813397,OK,17,0.8,-10.7,9.33,0.47,STABLE,-0.2,-7.0,(0, 3, 0, 0),False,7.9,WARN(CAL),0.00,0.04,True,5.2,
1769848894.790,35.841842,139.813363,OK,16,0.8,-10.6,9.63,0.18,STABLE,-0.2,-7.1,(2, 3, 0, 0),False,7.3,WARN(CAL),0.00,0.02,True,6.3,
1769848895.878,35.841788,139.813322,OK,17,0.7,-9.8,9.63,0.17,STABLE,-0.2,-7.1,(2, 3, 0, 0),False,7.0,WARN(CAL),0.00,-0.01,True,7.4,
1769848896.972,35.841733,139.813287,OK,19,0.7,-8.9,9.80,0.00,STABLE,-0.2,-7.1,(2, 3, 0, 0),False,6.9,WARN(CAL),0.00,-0.12,True,8.4,
1769848898.007,35.841678,139.813247,OK,19,0.7,-7.9,9.65,0.16,STABLE,-0.2,-7.1,(0, 3, 0, 0),False,7.1,WARN(CAL),0.00,0.00,True,9.5,
1769848899.043,35.841612,139.813210,OK,19,0.7,-7.6,9.59,0.22,STABLE,-0.2,-7.1,(2, 3, 0, 0),False,8.1,WARN(CAL),0.00,-0.01,True,10.5,
1769848900.074,35.841540,139.813173,OK,19,0.7,-7.7,9.62,0.19,STABLE,-0.2,-7.1,(2, 3, 0, 0),False,8.6,WARN(CAL),0.00,0.00,True,11.5,
1769848901.105,35.841465,139.813130,OK,20,0.6,-7.2,9.73,0.08,STABLE,-0.2,-7.1,(2, 3, 0, 0),False,9.2,WARN(CAL),0.00,-0.01,True,12.6,
1769848902.192,35.841390,139.813088,OK,20,0.6,-6.9,9.81,0.00,STABLE,-0.2,-7.1,(0, 3, 0, 0),False,9.1,WARN(CAL),0.00,-0.13,True,13.7,
1769848903.285,35.841318,139.813050,OK,20,0.6,-6.6,9.61,0.20,STABLE,-0.2,-7.1,(2, 3, 0, 0),False,8.7,WARN(CAL),0.00,-0.16,True,14.8,
1769848904.317,35.841248,139.813015,OK,20,0.6,-6.5,9.85,0.04,STABLE,-0.2,-7.1,(2, 3, 0, 0),False,8.4,WARN(CAL),0.00,-0.13,True,15.8,
1769848905.351,35.841177,139.812977,OK,19,0.7,-6.1,9.55,0.25,STABLE,-0.2,-7.1,(0, 3, 0, 0),False,8.7,WARN(CAL),0.00,-0.02,True,16.8,
1769848906.383,35.841105,139.812938,OK,19,0.6,-5.5,9.68,0.12,STABLE,-0.2,-7.1,(0, 3, 0, 0),False,8.7,WARN(CAL),0.00,-0.08,True,17.9,
1769848907.412,35.841032,139.812897,OK,19,0.7,-5.0,9.69,0.12,STABLE,-0.2,-7.2,(0, 3, 0, 0),False,9.0,WARN(CAL),0.00,0.00,True,18.9,
1769848908.497,35.840955,139.812852,OK,19,0.7,-4.6,9.66,0.14,STABLE,-0.3,-7.3,(2, 3, 0, 0),False,9.4,WARN(CAL),0.00,-0.10,True,20.0,
1769848909.585,35.840878,139.812813,OK,19,0.7,-3.7,9.69,0.11,STABLE,-0.3,-7.3,(2, 3, 0, 0),False,9.2,WARN(CAL),0.00,0.00,True,21.1,
1769848910.612,35.840807,139.812768,OK,19,0.7,-3.2,9.72,0.08,STABLE,-0.3,-7.3,(2, 3, 0, 0),False,8.9,WARN(CAL),0.00,-0.06,True,22.1,
1769848911.649,35.840738,139.812722,OK,21,0.6,-2.7,9.72,0.09,STABLE,-0.3,-7.3,(2, 3, 0, 0),False,8.7,WARN(CAL),0.00,-0.04,True,23.1,
1769848912.682,35.840668,139.812667,OK,21,0.6,-2.7,9.68,0.13,STABLE,-0.3,-7.3,(2, 3, 0, 0),False,9.2,WARN(CAL),0.00,-0.06,True,24.2,
1769848913.711,35.840598,139.812605,OK,21,0.6,-2.6,9.68,0.13,STABLE,-0.3,-7.3,(0, 3, 0, 0),False,9.6,WARN(CAL),0.00,-0.06,True,25.2,
1769848914.801,35.840533,139.812538,OK,21,0.6,-2.8,9.73,0.07,STABLE,-0.3,-7.3,(2, 3, 0, 0),False,9.4,WARN(CAL),0.00,-0.06,True,26.3,
1769848915.829,35.840470,139.812465,OK,20,0.6,-3.4,9.73,0.08,STABLE,-0.3,-7.3,(0, 3, 0, 0),False,9.7,WARN(CAL),0.00,-0.04,True,27.3,
1769848916.858,35.840400,139.812387,OK,21,0.6,-3.6,9.72,0.09,STABLE,-0.3,-7.3,(2, 3, 0, 0),False,10.5,WARN(CAL),0.00,-0.04,True,28.3,
1769848917.887,35.840330,139.812298,OK,21,0.6,-4.4,9.70,0.10,STABLE,-0.3,-7.3,(0, 3, 0, 0),False,11.1,WARN(CAL),0.00,-0.03,True,29.4,
1769848918.917,35.840260,139.812215,OK,21,0.6,-4.6,9.76,0.05,STABLE,-0.3,-7.3,(0, 3, 0, 0),False,10.8,WARN(CAL),0.00,-0.06,True,30.4,
1769848920.007,35.840182,139.812133,OK,21,0.6,-5.0,9.68,0.13,STABLE,-0.3,-7.3,(2, 3, 0, 0),False,11.4,WARN(CAL),0.00,-0.05,True,31.5,
1769848921.087,35.840105,139.812053,OK,21,0.6,-5.1,9.71,0.09,STABLE,-0.3,-7.3,(2, 3, 0, 0),False,11.2,WARN(CAL),0.00,-0.04,True,32.6,
1769848922.160,35.840030,139.811970,OK,21,0.6,-5.1,9.70,0.10,STABLE,-0.3,-7.3,(2, 3, 0, 0),False,11.2,WARN(CAL),0.00,-0.05,True,33.6,
1769848923.243,35.839957,139.811878,OK,21,0.6,-5.6,9.74,0.07,STABLE,-0.3,-7.3,(2, 3, 0, 0),False,11.6,WARN(CAL),0.00,-0.04,True,34.7,
1769848924.277,35.839877,139.811800,OK,21,0.6,-5.7,9.68,0.13,STABLE,-0.3,-7.3,(2, 3, 0, 0),False,11.4,WARN(CAL),0.00,-0.04,True,35.8,
1769848925.311,35.839802,139.811727,OK,21,0.6,-5.0,9.72,0.09,STABLE,-0.3,-7.3,(2, 3, 0, 0),False,10.6,WARN(CAL),0.00,-0.03,True,36.8,
1769848926.343,35.839732,139.811645,OK,21,0.6,-4.6,9.74,0.07,STABLE,-0.3,-7.3,(2, 3, 0, 0),False,10.7,WARN(CAL),0.00,-0.02,True,37.8,
1769848927.373,35.839658,139.811562,OK,21,0.6,-4.8,9.73,0.07,STABLE,-0.4,-8.2,(0, 3, 0, 0),False,11.1,WARN(CAL),0.00,-0.14,True,38.8,
1769848928.459,35.839585,139.811483,OK,21,0.6,-4.6,9.85,0.04,STABLE,-0.6,-9.1,(2, 3, 0, 0),False,10.8,WARN(CAL),0.00,-0.11,True,39.9,
1769848929.546,35.839512,139.811403,OK,21,0.6,-4.5,9.75,0.05,STABLE,-0.6,-9.1,(0, 3, 0, 0),False,10.9,WARN(CAL),0.00,-0.08,True,41.0,
1769848930.613,35.839432,139.811322,OK,21,0.6,-4.2,9.17,0.64,SHAKE,-0.6,-8.8,(0, 3, 0, 0),False,11.5,WARN(CAL),0.00,-0.36,True,42.1,
1769848931.682,35.839357,139.811237,OK,21,0.6,-4.2,9.31,0.50,STABLE,-0.3,-7.4,(2, 3, 0, 0),False,11.3,WARN(CAL),0.00,0.01,True,43.2,
1769848932.775,35.839282,139.811155,OK,21,0.6,-4.1,10.00,0.20,STABLE,-0.4,-7.3,(2, 3, 0, 0),False,11.1,WARN(CAL),0.00,-0.20,True,44.3,
1769848933.810,35.839205,139.811073,OK,21,0.6,-4.1,9.86,0.06,STABLE,-0.3,-7.4,(2, 3, 0, 0),False,11.3,WARN(CAL),0.00,-0.05,True,45.3,
1769848934.844,35.839133,139.810995,OK,21,0.6,-3.9,9.58,0.23,STABLE,-0.4,-8.0,(2, 3, 0, 0),False,10.6,WARN(CAL),0.00,-0.05,True,46.3,
1769848935.878,35.839067,139.810918,OK,20,0.6,-4.0,9.64,0.16,STABLE,-0.5,-8.2,(2, 3, 0, 0),False,10.1,WARN(CAL),0.00,-0.18,True,47.4,
1769848936.910,35.839003,139.810842,OK,21,0.6,-4.0,9.73,0.08,STABLE,-0.6,-8.9,(2, 3, 0, 0),False,9.9,WARN(CAL),0.00,-0.23,True,48.4,
1769848937.988,35.838955,139.810770,OK,21,0.6,-4.5,9.57,0.24,STABLE,-0.8,-9.6,(2, 3, 0, 0),False,8.4,WARN(CAL),0.00,-0.23,True,49.5,
1769848939.015,35.838907,139.810707,OK,21,0.6,-4.4,10.03,0.23,STABLE,-1.4,-11.5,(0, 3, 0, 0),False,7.8,WARN(CAL),0.00,-0.23,True,50.5,
1769848940.046,35.838873,139.810657,OK,20,0.6,-5.0,10.36,0.56,SHAKE,-1.6,-11.8,(0, 3, 0, 0),False,5.8,WARN(CAL),0.00,-0.37,True,51.5,
1769848941.074,35.838850,139.810622,OK,20,0.6,-5.2,9.37,0.44,STABLE,-1.6,-11.6,(0, 3, 0, 0),False,4.1,WARN(CAL),0.00,-0.31,True,52.5,
1769848942.101,35.838837,139.810597,OK,20,0.6,-5.4,10.23,0.43,STABLE,-1.5,-11.5,(2, 3, 0, 0),False,2.7,WARN(CAL),0.00,-0.52,True,53.6,
1769848943.193,35.838835,139.810585,OK,20,0.6,-5.6,9.62,0.19,STABLE,-1.0,-11.4,(2, 3, 0, 0),False,1.1,WARN(CAL),0.00,-0.09,True,54.7,
1769848944.278,35.838835,139.810582,OK,20,0.6,-5.6,9.78,0.03,STABLE,-1.1,-11.3,(2, 3, 0, 0),False,0.3,WARN(CAL),0.00,-0.04,True,55.8,
1769848945.310,35.838832,139.810578,OK,19,0.7,-5.6,8.89,0.92,SHAKE,-1.2,-11.1,(2, 3, 0, 0),False,0.5,WARN(CAL),0.00,-0.05,True,56.8,
1769848946.343,35.838832,139.810577,OK,19,0.7,-5.6,8.73,1.08,SHAKE,-0.7,-11.3,(2, 3, 0, 0),False,0.2,WARN(CAL),0.00,-0.50,True,57.8,
1769848947.376,35.838832,139.810577,OK,19,0.7,-5.6,9.42,0.39,STABLE,-0.6,-11.9,(2, 3, 0, 0),False,0.0,WARN(CAL),0.00,-0.47,True,58.9,
1769848948.411,35.838828,139.810575,OK,19,0.7,-5.6,10.10,0.30,STABLE,-0.6,-12.5,(0, 3, 0, 0),False,0.4,WARN(CAL),0.00,0.13,True,59.9,
1769848949.493,35.838828,139.810575,OK,19,0.7,-5.6,9.73,0.08,STABLE,-0.8,-12.6,(0, 3, 0, 0),False,0.0,WARN(CAL),0.00,-0.10,True,61.0,
1769848950.525,35.838827,139.810575,OK,19,0.7,-5.7,9.17,0.64,SHAKE,-0.8,-10.9,(2, 3, 0, 0),False,0.2,WARN(CAL),0.00,-0.35,True,62.0,
1769848951.564,35.838828,139.810577,OK,19,0.7,-5.7,10.15,0.34,STABLE,-0.1,-8.2,(2, 3, 0, 0),False,0.2,WARN(CAL),0.00,0.02,True,63.0,
1769848952.594,35.838827,139.810578,OK,18,0.7,-5.7,9.54,0.26,STABLE,0.0,-6.9,(0, 3, 0, 0),False,0.2,WARN(CAL),0.00,0.07,True,64.1,
1769848953.622,35.838827,139.810578,OK,18,0.7,-5.7,10.10,0.29,STABLE,-0.4,-6.2,(0, 3, 0, 0),False,0.0,WARN(CAL),0.00,-0.35,True,65.1,
1769848954.698,35.838827,139.810580,OK,18,0.7,-5.7,9.31,0.50,STABLE,-0.1,-4.2,(2, 3, 0, 0),False,0.2,WARN(CAL),0.00,-0.03,True,66.2,
1769848955.776,35.838828,139.810580,OK,18,0.7,-5.7,9.57,0.23,STABLE,0.1,-3.4,(2, 3, 0, 0),False,0.2,WARN(CAL),0.00,0.29,True,67.3,
1769848956.810,35.838828,139.810580,OK,18,0.7,-5.7,9.81,0.00,STABLE,-0.6,-5.2,(2, 3, 0, 0),False,0.0,WARN(CAL),0.00,-0.13,True,68.3,
1769848957.842,35.838828,139.810580,OK,18,0.7,-5.7,9.73,0.08,STABLE,-0.6,-5.8,(0, 3, 0, 0),False,0.0,WARN(CAL),0.00,-0.18,True,69.3,
1769848958.871,35.838828,139.810578,OK,19,0.7,-5.7,9.70,0.10,STABLE,-0.8,-5.9,(2, 3, 0, 0),False,0.2,WARN(CAL),0.00,-0.22,True,70.3,
1769848959.908,35.838828,139.810578,OK,19,0.7,-5.7,9.75,0.05,STABLE,-0.9,-6.4,(0, 3, 0, 0),False,0.0,WARN(CAL),0.00,-0.24,True,71.4,
1769848960.996,35.838828,139.810578,OK,19,0.7,-5.7,9.69,0.12,STABLE,-1.1,-7.1,(2, 3, 0, 0),False,0.0,WARN(CAL),0.00,-0.24,True,72.5,
1769848962.029,35.838828,139.810577,OK,19,0.7,-5.7,9.70,0.11,STABLE,-1.2,-7.7,(0, 3, 0, 0),False,0.2,WARN(CAL),0.00,-0.24,True,73.5,
1769848963.057,35.838828,139.810577,OK,19,0.7,-5.7,9.71,0.10,STABLE,-1.2,-7.7,(0, 3, 0, 0),False,0.0,WARN(CAL),0.00,-0.26,True,74.5,
1769848964.090,35.838827,139.810575,OK,19,0.7,-5.7,9.70,0.10,STABLE,-1.2,-7.7,(2, 3, 0, 0),False,0.2,WARN(CAL),0.00,-0.24,True,75.6,
1769848965.117,35.838820,139.810562,OK,19,0.7,-5.7,9.74,0.07,STABLE,-1.2,-7.7,(2, 3, 0, 0),False,1.4,WARN(CAL),0.00,-0.24,True,76.6,
1769848966.191,35.838807,139.810537,OK,18,0.7,-5.8,9.74,0.07,STABLE,-1.2,-7.7,(2, 3, 0, 0),False,2.7,WARN(CAL),0.00,-0.22,True,77.7,
1769848967.262,35.838793,139.810508,OK,19,0.7,-5.8,9.69,0.12,STABLE,-1.2,-7.7,(2, 3, 0, 0),False,3.0,WARN(CAL),0.00,-0.24,True,78.7,
1769848968.338,35.838777,139.810462,OK,19,0.7,-5.9,9.74,0.06,STABLE,-1.2,-7.7,(2, 3, 0, 0),False,4.6,WARN(CAL),0.00,-0.22,True,79.8,
1769848969.370,35.838750,139.810390,OK,19,0.7,-5.9,9.67,0.13,STABLE,-1.2,-7.7,(2, 3, 0, 0),False,7.1,WARN(CAL),0.00,-0.26,True,80.8,
1769848970.403,35.838718,139.810305,OK,19,0.7,-5.9,9.75,0.06,STABLE,-1.2,-7.7,(0, 3, 0, 0),False,8.4,WARN(CAL),0.00,-0.24,True,81.9,
1769848971.436,35.838692,139.810213,OK,19,0.7,-6.0,9.70,0.11,STABLE,-1.2,-7.7,(0, 3, 0, 0),False,8.8,WARN(CAL),0.00,-0.25,True,82.9,
